ISO-10303-21;
HEADER;
/* Generated by software containing ST-Developer
 * from STEP Tools, Inc. (www.steptools.com) 
 */

FILE_DESCRIPTION(
/* description */ (''),
/* implementation_level */ '2;1');

FILE_NAME(
/* name */ 'MKC - STEP.step',
/* time_stamp */ '2026-10-08T19:21:30+02:00',
/* author */ (''),
/* organization */ (''),
/* preprocessor_version */ 'ST-DEVELOPER v20.2',
/* originating_system */ 'Autodesk Translation Framework v15.15.0.0',
/* authorisation */ '');

FILE_SCHEMA (('AUTOMOTIVE_DESIGN { 1 0 10303 214 3 1 1 }'));
ENDSEC;

DATA;
#10=MECHANICAL_DESIGN_GEOMETRIC_PRESENTATION_REPRESENTATION('',(#23,#24,
#25,#26,#27,#28,#29,#30,#31,#32,#33,#34,#35,#36,#37,#38,#39,#40,#41,#42,
#43),#8329);
#11=SHAPE_REPRESENTATION_RELATIONSHIP('SRR','None',#8336,#12);
#12=ADVANCED_BREP_SHAPE_REPRESENTATION('',(#44,#45,#46,#47,#48,#49,#50,
#51,#52,#53,#54,#55,#56,#57,#58,#59,#60,#61,#62,#63,#64),#8328);
#13=B_SPLINE_SURFACE_WITH_KNOTS('',3,3,((#8145,#8146,#8147,#8148),(#8149,
#8150,#8151,#8152),(#8153,#8154,#8155,#8156),(#8157,#8158,#8159,#8160),
(#8161,#8162,#8163,#8164)),.UNSPECIFIED.,.F.,.F.,.F.,(4,1,4),(4,4),(0.,
0.571428571428571,1.),(-11.3000001683831,6.66133814775094E-16),
 .UNSPECIFIED.);
#14=B_SPLINE_SURFACE_WITH_KNOTS('',3,3,((#8169,#8170,#8171,#8172),(#8173,
#8174,#8175,#8176),(#8177,#8178,#8179,#8180),(#8181,#8182,#8183,#8184)),
 .UNSPECIFIED.,.F.,.F.,.F.,(4,4),(4,4),(0.,0.524677512604101),(-11.3000001683831,
1.07301840589835E-15),.UNSPECIFIED.);
#15=B_SPLINE_CURVE_WITH_KNOTS('',3,(#7408,#7409,#7410,#7411,#7412,#7413,
#7414,#7415,#7416,#7417,#7418,#7419,#7420,#7421,#7422),.UNSPECIFIED.,.F.,
 .F.,(4,2,2,3,2,2,4),(-0.216478740558344,-0.188516352200825,-0.0942581761004124,
0.,0.0942581761004123,0.188516352200825,0.216478740558345),
 .UNSPECIFIED.);
#16=B_SPLINE_CURVE_WITH_KNOTS('',3,(#8070,#8071,#8072,#8073,#8074,#8075,
#8076),.UNSPECIFIED.,.F.,.F.,(4,3,4),(0.,0.790770742491118,1.38384879935946),
 .UNSPECIFIED.);
#17=B_SPLINE_CURVE_WITH_KNOTS('',3,(#8078,#8079,#8080,#8081),
 .UNSPECIFIED.,.F.,.F.,(4,4),(0.,0.427544335203779),.UNSPECIFIED.);
#18=B_SPLINE_CURVE_WITH_KNOTS('',3,(#8121,#8122,#8123,#8124),
 .UNSPECIFIED.,.F.,.F.,(4,4),(0.39106117776896,0.854176208212614),
 .UNSPECIFIED.);
#19=B_SPLINE_CURVE_WITH_KNOTS('',3,(#8126,#8127,#8128,#8129,#8130,#8131,
#8132),.UNSPECIFIED.,.F.,.F.,(4,3,4),(0.,0.593078056868339,1.38384879935946),
 .UNSPECIFIED.);
#20=B_SPLINE_CURVE_WITH_KNOTS('',3,(#8141,#8142,#8143,#8144),
 .UNSPECIFIED.,.F.,.F.,(4,4),(-11.3000001683831,6.66133814775094E-16),
 .UNSPECIFIED.);
#21=B_SPLINE_CURVE_WITH_KNOTS('',3,(#8165,#8166,#8167,#8168),
 .UNSPECIFIED.,.F.,.F.,(4,4),(-6.66133814775094E-16,11.3000001683831),
 .UNSPECIFIED.);
#22=B_SPLINE_CURVE_WITH_KNOTS('',3,(#8185,#8186,#8187,#8188),
 .UNSPECIFIED.,.F.,.F.,(4,4),(-1.07301840589835E-15,11.3000001683831),
 .UNSPECIFIED.);
#23=STYLED_ITEM('',(#8345),#44);
#24=STYLED_ITEM('',(#8345),#45);
#25=STYLED_ITEM('',(#8345),#46);
#26=STYLED_ITEM('',(#8345),#47);
#27=STYLED_ITEM('',(#8345),#48);
#28=STYLED_ITEM('',(#8345),#49);
#29=STYLED_ITEM('',(#8345),#50);
#30=STYLED_ITEM('',(#8345),#51);
#31=STYLED_ITEM('',(#8345),#52);
#32=STYLED_ITEM('',(#8345),#53);
#33=STYLED_ITEM('',(#8345),#54);
#34=STYLED_ITEM('',(#8345),#55);
#35=STYLED_ITEM('',(#8345),#56);
#36=STYLED_ITEM('',(#8345),#57);
#37=STYLED_ITEM('',(#8345),#58);
#38=STYLED_ITEM('',(#8345),#59);
#39=STYLED_ITEM('',(#8345),#60);
#40=STYLED_ITEM('',(#8345),#61);
#41=STYLED_ITEM('',(#8345),#62);
#42=STYLED_ITEM('',(#8345),#63);
#43=STYLED_ITEM('',(#8345),#64);
#44=MANIFOLD_SOLID_BREP('Body25',#4988);
#45=MANIFOLD_SOLID_BREP('Body34',#4989);
#46=MANIFOLD_SOLID_BREP('Body46',#4990);
#47=MANIFOLD_SOLID_BREP('Body47',#4991);
#48=MANIFOLD_SOLID_BREP('Body35',#4992);
#49=MANIFOLD_SOLID_BREP('Body48',#4993);
#50=MANIFOLD_SOLID_BREP('Body49',#4994);
#51=MANIFOLD_SOLID_BREP('Body31',#4995);
#52=MANIFOLD_SOLID_BREP('Body58',#4996);
#53=MANIFOLD_SOLID_BREP('Body59',#4997);
#54=MANIFOLD_SOLID_BREP('Body60',#4998);
#55=MANIFOLD_SOLID_BREP('Body61',#4999);
#56=MANIFOLD_SOLID_BREP('Body62',#5000);
#57=MANIFOLD_SOLID_BREP('Body63',#5001);
#58=MANIFOLD_SOLID_BREP('Body64',#5002);
#59=MANIFOLD_SOLID_BREP('Body65',#5003);
#60=MANIFOLD_SOLID_BREP('Body66',#5004);
#61=MANIFOLD_SOLID_BREP('Body28',#5005);
#62=MANIFOLD_SOLID_BREP('Body28',#5006);
#63=MANIFOLD_SOLID_BREP('Body28',#5007);
#64=MANIFOLD_SOLID_BREP('Body67',#5008);
#65=FACE_BOUND('',#646,.T.);
#66=FACE_BOUND('',#647,.T.);
#67=FACE_BOUND('',#648,.T.);
#68=FACE_BOUND('',#649,.T.);
#69=FACE_BOUND('',#650,.T.);
#70=FACE_BOUND('',#651,.T.);
#71=FACE_BOUND('',#652,.T.);
#72=FACE_BOUND('',#653,.T.);
#73=FACE_BOUND('',#654,.T.);
#74=FACE_BOUND('',#655,.T.);
#75=FACE_BOUND('',#656,.T.);
#76=FACE_BOUND('',#657,.T.);
#77=FACE_BOUND('',#658,.T.);
#78=FACE_BOUND('',#659,.T.);
#79=FACE_BOUND('',#660,.T.);
#80=FACE_BOUND('',#664,.T.);
#81=FACE_BOUND('',#666,.T.);
#82=FACE_BOUND('',#668,.T.);
#83=FACE_BOUND('',#755,.T.);
#84=FACE_BOUND('',#756,.T.);
#85=FACE_BOUND('',#757,.T.);
#86=FACE_BOUND('',#758,.T.);
#87=FACE_BOUND('',#777,.T.);
#88=FACE_BOUND('',#786,.T.);
#89=FACE_BOUND('',#795,.T.);
#90=FACE_BOUND('',#807,.T.);
#91=FACE_BOUND('',#819,.T.);
#92=FACE_BOUND('',#820,.T.);
#93=FACE_BOUND('',#821,.T.);
#94=FACE_BOUND('',#823,.T.);
#95=FACE_BOUND('',#824,.T.);
#96=FACE_BOUND('',#825,.T.);
#97=FACE_BOUND('',#832,.T.);
#98=FACE_BOUND('',#841,.T.);
#99=FACE_BOUND('',#850,.T.);
#100=FACE_BOUND('',#859,.T.);
#101=FACE_BOUND('',#868,.T.);
#102=FACE_BOUND('',#879,.T.);
#103=FACE_BOUND('',#886,.T.);
#104=FACE_BOUND('',#918,.T.);
#105=FACE_BOUND('',#920,.T.);
#106=FACE_BOUND('',#921,.T.);
#107=FACE_BOUND('',#932,.T.);
#108=FACE_BOUND('',#938,.T.);
#109=FACE_BOUND('',#939,.T.);
#110=FACE_BOUND('',#943,.T.);
#111=FACE_BOUND('',#944,.T.);
#112=FACE_BOUND('',#947,.T.);
#113=FACE_BOUND('',#949,.T.);
#114=FACE_BOUND('',#952,.T.);
#115=FACE_BOUND('',#955,.T.);
#116=FACE_BOUND('',#960,.T.);
#117=FACE_BOUND('',#962,.T.);
#118=FACE_BOUND('',#973,.T.);
#119=PLANE('',#5025);
#120=PLANE('',#5026);
#121=PLANE('',#5030);
#122=PLANE('',#5031);
#123=PLANE('',#5032);
#124=PLANE('',#5035);
#125=PLANE('',#5041);
#126=PLANE('',#5042);
#127=PLANE('',#5057);
#128=PLANE('',#5058);
#129=PLANE('',#5059);
#130=PLANE('',#5062);
#131=PLANE('',#5065);
#132=PLANE('',#5070);
#133=PLANE('',#5073);
#134=PLANE('',#5076);
#135=PLANE('',#5079);
#136=PLANE('',#5082);
#137=PLANE('',#5085);
#138=PLANE('',#5088);
#139=PLANE('',#5091);
#140=PLANE('',#5096);
#141=PLANE('',#5097);
#142=PLANE('',#5098);
#143=PLANE('',#5099);
#144=PLANE('',#5109);
#145=PLANE('',#5110);
#146=PLANE('',#5111);
#147=PLANE('',#5112);
#148=PLANE('',#5113);
#149=PLANE('',#5115);
#150=PLANE('',#5116);
#151=PLANE('',#5117);
#152=PLANE('',#5119);
#153=PLANE('',#5120);
#154=PLANE('',#5121);
#155=PLANE('',#5122);
#156=PLANE('',#5123);
#157=PLANE('',#5124);
#158=PLANE('',#5125);
#159=PLANE('',#5126);
#160=PLANE('',#5127);
#161=PLANE('',#5128);
#162=PLANE('',#5129);
#163=PLANE('',#5130);
#164=PLANE('',#5131);
#165=PLANE('',#5132);
#166=PLANE('',#5133);
#167=PLANE('',#5134);
#168=PLANE('',#5135);
#169=PLANE('',#5136);
#170=PLANE('',#5137);
#171=PLANE('',#5138);
#172=PLANE('',#5139);
#173=PLANE('',#5140);
#174=PLANE('',#5141);
#175=PLANE('',#5142);
#176=PLANE('',#5143);
#177=PLANE('',#5144);
#178=PLANE('',#5145);
#179=PLANE('',#5146);
#180=PLANE('',#5147);
#181=PLANE('',#5148);
#182=PLANE('',#5149);
#183=PLANE('',#5150);
#184=PLANE('',#5151);
#185=PLANE('',#5152);
#186=PLANE('',#5153);
#187=PLANE('',#5154);
#188=PLANE('',#5160);
#189=PLANE('',#5163);
#190=PLANE('',#5166);
#191=PLANE('',#5169);
#192=PLANE('',#5170);
#193=PLANE('',#5171);
#194=PLANE('',#5172);
#195=PLANE('',#5173);
#196=PLANE('',#5174);
#197=PLANE('',#5175);
#198=PLANE('',#5176);
#199=PLANE('',#5177);
#200=PLANE('',#5178);
#201=PLANE('',#5179);
#202=PLANE('',#5181);
#203=PLANE('',#5186);
#204=PLANE('',#5187);
#205=PLANE('',#5191);
#206=PLANE('',#5192);
#207=PLANE('',#5193);
#208=PLANE('',#5194);
#209=PLANE('',#5195);
#210=PLANE('',#5196);
#211=PLANE('',#5197);
#212=PLANE('',#5201);
#213=PLANE('',#5202);
#214=PLANE('',#5203);
#215=PLANE('',#5204);
#216=PLANE('',#5205);
#217=PLANE('',#5206);
#218=PLANE('',#5207);
#219=PLANE('',#5211);
#220=PLANE('',#5212);
#221=PLANE('',#5213);
#222=PLANE('',#5214);
#223=PLANE('',#5215);
#224=PLANE('',#5216);
#225=PLANE('',#5217);
#226=PLANE('',#5218);
#227=PLANE('',#5219);
#228=PLANE('',#5220);
#229=PLANE('',#5221);
#230=PLANE('',#5222);
#231=PLANE('',#5223);
#232=PLANE('',#5224);
#233=PLANE('',#5225);
#234=PLANE('',#5226);
#235=PLANE('',#5227);
#236=PLANE('',#5231);
#237=PLANE('',#5232);
#238=PLANE('',#5233);
#239=PLANE('',#5243);
#240=PLANE('',#5244);
#241=PLANE('',#5245);
#242=PLANE('',#5246);
#243=PLANE('',#5247);
#244=PLANE('',#5248);
#245=PLANE('',#5249);
#246=PLANE('',#5250);
#247=PLANE('',#5251);
#248=PLANE('',#5252);
#249=PLANE('',#5253);
#250=PLANE('',#5257);
#251=PLANE('',#5258);
#252=PLANE('',#5259);
#253=PLANE('',#5260);
#254=PLANE('',#5261);
#255=PLANE('',#5262);
#256=PLANE('',#5263);
#257=PLANE('',#5267);
#258=PLANE('',#5268);
#259=PLANE('',#5269);
#260=PLANE('',#5270);
#261=PLANE('',#5271);
#262=PLANE('',#5272);
#263=PLANE('',#5273);
#264=PLANE('',#5277);
#265=PLANE('',#5278);
#266=PLANE('',#5279);
#267=PLANE('',#5280);
#268=PLANE('',#5281);
#269=PLANE('',#5282);
#270=PLANE('',#5283);
#271=PLANE('',#5287);
#272=PLANE('',#5288);
#273=PLANE('',#5289);
#274=PLANE('',#5290);
#275=PLANE('',#5291);
#276=PLANE('',#5292);
#277=PLANE('',#5293);
#278=PLANE('',#5297);
#279=PLANE('',#5298);
#280=PLANE('',#5302);
#281=PLANE('',#5303);
#282=PLANE('',#5304);
#283=PLANE('',#5305);
#284=PLANE('',#5306);
#285=PLANE('',#5307);
#286=PLANE('',#5308);
#287=PLANE('',#5309);
#288=PLANE('',#5310);
#289=PLANE('',#5311);
#290=PLANE('',#5312);
#291=PLANE('',#5313);
#292=PLANE('',#5317);
#293=PLANE('',#5321);
#294=PLANE('',#5322);
#295=PLANE('',#5323);
#296=PLANE('',#5328);
#297=PLANE('',#5331);
#298=PLANE('',#5332);
#299=PLANE('',#5337);
#300=PLANE('',#5340);
#301=PLANE('',#5341);
#302=PLANE('',#5342);
#303=PLANE('',#5343);
#304=PLANE('',#5344);
#305=PLANE('',#5348);
#306=PLANE('',#5352);
#307=PLANE('',#5353);
#308=PLANE('',#5354);
#309=PLANE('',#5358);
#310=PLANE('',#5362);
#311=PLANE('',#5366);
#312=PLANE('',#5369);
#313=PLANE('',#5371);
#314=PLANE('',#5372);
#315=PLANE('',#5373);
#316=PLANE('',#5376);
#317=PLANE('',#5377);
#318=PLANE('',#5378);
#319=PLANE('',#5386);
#320=PLANE('',#5389);
#321=PLANE('',#5394);
#322=PLANE('',#5395);
#323=PLANE('',#5396);
#324=PLANE('',#5397);
#325=PLANE('',#5398);
#326=PLANE('',#5404);
#327=PLANE('',#5407);
#328=PLANE('',#5416);
#329=PLANE('',#5417);
#330=PLANE('',#5418);
#331=PLANE('',#5422);
#332=PLANE('',#5426);
#333=PLANE('',#5430);
#334=PLANE('',#5434);
#335=PLANE('',#5435);
#336=PLANE('',#5440);
#337=PLANE('',#5443);
#338=PLANE('',#5448);
#339=PLANE('',#5451);
#340=PLANE('',#5452);
#341=FACE_OUTER_BOUND('',#635,.T.);
#342=FACE_OUTER_BOUND('',#636,.T.);
#343=FACE_OUTER_BOUND('',#637,.T.);
#344=FACE_OUTER_BOUND('',#638,.T.);
#345=FACE_OUTER_BOUND('',#639,.T.);
#346=FACE_OUTER_BOUND('',#640,.T.);
#347=FACE_OUTER_BOUND('',#641,.T.);
#348=FACE_OUTER_BOUND('',#642,.T.);
#349=FACE_OUTER_BOUND('',#643,.T.);
#350=FACE_OUTER_BOUND('',#644,.T.);
#351=FACE_OUTER_BOUND('',#645,.T.);
#352=FACE_OUTER_BOUND('',#661,.T.);
#353=FACE_OUTER_BOUND('',#662,.T.);
#354=FACE_OUTER_BOUND('',#663,.T.);
#355=FACE_OUTER_BOUND('',#665,.T.);
#356=FACE_OUTER_BOUND('',#667,.T.);
#357=FACE_OUTER_BOUND('',#669,.T.);
#358=FACE_OUTER_BOUND('',#670,.T.);
#359=FACE_OUTER_BOUND('',#671,.T.);
#360=FACE_OUTER_BOUND('',#672,.T.);
#361=FACE_OUTER_BOUND('',#673,.T.);
#362=FACE_OUTER_BOUND('',#674,.T.);
#363=FACE_OUTER_BOUND('',#675,.T.);
#364=FACE_OUTER_BOUND('',#676,.T.);
#365=FACE_OUTER_BOUND('',#677,.T.);
#366=FACE_OUTER_BOUND('',#678,.T.);
#367=FACE_OUTER_BOUND('',#679,.T.);
#368=FACE_OUTER_BOUND('',#680,.T.);
#369=FACE_OUTER_BOUND('',#681,.T.);
#370=FACE_OUTER_BOUND('',#682,.T.);
#371=FACE_OUTER_BOUND('',#683,.T.);
#372=FACE_OUTER_BOUND('',#684,.T.);
#373=FACE_OUTER_BOUND('',#685,.T.);
#374=FACE_OUTER_BOUND('',#686,.T.);
#375=FACE_OUTER_BOUND('',#687,.T.);
#376=FACE_OUTER_BOUND('',#688,.T.);
#377=FACE_OUTER_BOUND('',#689,.T.);
#378=FACE_OUTER_BOUND('',#690,.T.);
#379=FACE_OUTER_BOUND('',#691,.T.);
#380=FACE_OUTER_BOUND('',#692,.T.);
#381=FACE_OUTER_BOUND('',#693,.T.);
#382=FACE_OUTER_BOUND('',#694,.T.);
#383=FACE_OUTER_BOUND('',#695,.T.);
#384=FACE_OUTER_BOUND('',#696,.T.);
#385=FACE_OUTER_BOUND('',#697,.T.);
#386=FACE_OUTER_BOUND('',#698,.T.);
#387=FACE_OUTER_BOUND('',#699,.T.);
#388=FACE_OUTER_BOUND('',#700,.T.);
#389=FACE_OUTER_BOUND('',#701,.T.);
#390=FACE_OUTER_BOUND('',#702,.T.);
#391=FACE_OUTER_BOUND('',#703,.T.);
#392=FACE_OUTER_BOUND('',#704,.T.);
#393=FACE_OUTER_BOUND('',#705,.T.);
#394=FACE_OUTER_BOUND('',#706,.T.);
#395=FACE_OUTER_BOUND('',#707,.T.);
#396=FACE_OUTER_BOUND('',#708,.T.);
#397=FACE_OUTER_BOUND('',#709,.T.);
#398=FACE_OUTER_BOUND('',#710,.T.);
#399=FACE_OUTER_BOUND('',#711,.T.);
#400=FACE_OUTER_BOUND('',#712,.T.);
#401=FACE_OUTER_BOUND('',#713,.T.);
#402=FACE_OUTER_BOUND('',#714,.T.);
#403=FACE_OUTER_BOUND('',#715,.T.);
#404=FACE_OUTER_BOUND('',#716,.T.);
#405=FACE_OUTER_BOUND('',#717,.T.);
#406=FACE_OUTER_BOUND('',#718,.T.);
#407=FACE_OUTER_BOUND('',#719,.T.);
#408=FACE_OUTER_BOUND('',#720,.T.);
#409=FACE_OUTER_BOUND('',#721,.T.);
#410=FACE_OUTER_BOUND('',#722,.T.);
#411=FACE_OUTER_BOUND('',#723,.T.);
#412=FACE_OUTER_BOUND('',#724,.T.);
#413=FACE_OUTER_BOUND('',#725,.T.);
#414=FACE_OUTER_BOUND('',#726,.T.);
#415=FACE_OUTER_BOUND('',#727,.T.);
#416=FACE_OUTER_BOUND('',#728,.T.);
#417=FACE_OUTER_BOUND('',#729,.T.);
#418=FACE_OUTER_BOUND('',#730,.T.);
#419=FACE_OUTER_BOUND('',#731,.T.);
#420=FACE_OUTER_BOUND('',#732,.T.);
#421=FACE_OUTER_BOUND('',#733,.T.);
#422=FACE_OUTER_BOUND('',#734,.T.);
#423=FACE_OUTER_BOUND('',#735,.T.);
#424=FACE_OUTER_BOUND('',#736,.T.);
#425=FACE_OUTER_BOUND('',#737,.T.);
#426=FACE_OUTER_BOUND('',#738,.T.);
#427=FACE_OUTER_BOUND('',#739,.T.);
#428=FACE_OUTER_BOUND('',#740,.T.);
#429=FACE_OUTER_BOUND('',#741,.T.);
#430=FACE_OUTER_BOUND('',#742,.T.);
#431=FACE_OUTER_BOUND('',#743,.T.);
#432=FACE_OUTER_BOUND('',#744,.T.);
#433=FACE_OUTER_BOUND('',#745,.T.);
#434=FACE_OUTER_BOUND('',#746,.T.);
#435=FACE_OUTER_BOUND('',#747,.T.);
#436=FACE_OUTER_BOUND('',#748,.T.);
#437=FACE_OUTER_BOUND('',#749,.T.);
#438=FACE_OUTER_BOUND('',#750,.T.);
#439=FACE_OUTER_BOUND('',#751,.T.);
#440=FACE_OUTER_BOUND('',#752,.T.);
#441=FACE_OUTER_BOUND('',#753,.T.);
#442=FACE_OUTER_BOUND('',#754,.T.);
#443=FACE_OUTER_BOUND('',#759,.T.);
#444=FACE_OUTER_BOUND('',#760,.T.);
#445=FACE_OUTER_BOUND('',#761,.T.);
#446=FACE_OUTER_BOUND('',#762,.T.);
#447=FACE_OUTER_BOUND('',#763,.T.);
#448=FACE_OUTER_BOUND('',#764,.T.);
#449=FACE_OUTER_BOUND('',#765,.T.);
#450=FACE_OUTER_BOUND('',#766,.T.);
#451=FACE_OUTER_BOUND('',#767,.T.);
#452=FACE_OUTER_BOUND('',#768,.T.);
#453=FACE_OUTER_BOUND('',#769,.T.);
#454=FACE_OUTER_BOUND('',#770,.T.);
#455=FACE_OUTER_BOUND('',#771,.T.);
#456=FACE_OUTER_BOUND('',#772,.T.);
#457=FACE_OUTER_BOUND('',#773,.T.);
#458=FACE_OUTER_BOUND('',#774,.T.);
#459=FACE_OUTER_BOUND('',#775,.T.);
#460=FACE_OUTER_BOUND('',#776,.T.);
#461=FACE_OUTER_BOUND('',#778,.T.);
#462=FACE_OUTER_BOUND('',#779,.T.);
#463=FACE_OUTER_BOUND('',#780,.T.);
#464=FACE_OUTER_BOUND('',#781,.T.);
#465=FACE_OUTER_BOUND('',#782,.T.);
#466=FACE_OUTER_BOUND('',#783,.T.);
#467=FACE_OUTER_BOUND('',#784,.T.);
#468=FACE_OUTER_BOUND('',#785,.T.);
#469=FACE_OUTER_BOUND('',#787,.T.);
#470=FACE_OUTER_BOUND('',#788,.T.);
#471=FACE_OUTER_BOUND('',#789,.T.);
#472=FACE_OUTER_BOUND('',#790,.T.);
#473=FACE_OUTER_BOUND('',#791,.T.);
#474=FACE_OUTER_BOUND('',#792,.T.);
#475=FACE_OUTER_BOUND('',#793,.T.);
#476=FACE_OUTER_BOUND('',#794,.T.);
#477=FACE_OUTER_BOUND('',#796,.T.);
#478=FACE_OUTER_BOUND('',#797,.T.);
#479=FACE_OUTER_BOUND('',#798,.T.);
#480=FACE_OUTER_BOUND('',#799,.T.);
#481=FACE_OUTER_BOUND('',#800,.T.);
#482=FACE_OUTER_BOUND('',#801,.T.);
#483=FACE_OUTER_BOUND('',#802,.T.);
#484=FACE_OUTER_BOUND('',#803,.T.);
#485=FACE_OUTER_BOUND('',#804,.T.);
#486=FACE_OUTER_BOUND('',#805,.T.);
#487=FACE_OUTER_BOUND('',#806,.T.);
#488=FACE_OUTER_BOUND('',#808,.T.);
#489=FACE_OUTER_BOUND('',#809,.T.);
#490=FACE_OUTER_BOUND('',#810,.T.);
#491=FACE_OUTER_BOUND('',#811,.T.);
#492=FACE_OUTER_BOUND('',#812,.T.);
#493=FACE_OUTER_BOUND('',#813,.T.);
#494=FACE_OUTER_BOUND('',#814,.T.);
#495=FACE_OUTER_BOUND('',#815,.T.);
#496=FACE_OUTER_BOUND('',#816,.T.);
#497=FACE_OUTER_BOUND('',#817,.T.);
#498=FACE_OUTER_BOUND('',#818,.T.);
#499=FACE_OUTER_BOUND('',#822,.T.);
#500=FACE_OUTER_BOUND('',#826,.T.);
#501=FACE_OUTER_BOUND('',#827,.T.);
#502=FACE_OUTER_BOUND('',#828,.T.);
#503=FACE_OUTER_BOUND('',#829,.T.);
#504=FACE_OUTER_BOUND('',#830,.T.);
#505=FACE_OUTER_BOUND('',#831,.T.);
#506=FACE_OUTER_BOUND('',#833,.T.);
#507=FACE_OUTER_BOUND('',#834,.T.);
#508=FACE_OUTER_BOUND('',#835,.T.);
#509=FACE_OUTER_BOUND('',#836,.T.);
#510=FACE_OUTER_BOUND('',#837,.T.);
#511=FACE_OUTER_BOUND('',#838,.T.);
#512=FACE_OUTER_BOUND('',#839,.T.);
#513=FACE_OUTER_BOUND('',#840,.T.);
#514=FACE_OUTER_BOUND('',#842,.T.);
#515=FACE_OUTER_BOUND('',#843,.T.);
#516=FACE_OUTER_BOUND('',#844,.T.);
#517=FACE_OUTER_BOUND('',#845,.T.);
#518=FACE_OUTER_BOUND('',#846,.T.);
#519=FACE_OUTER_BOUND('',#847,.T.);
#520=FACE_OUTER_BOUND('',#848,.T.);
#521=FACE_OUTER_BOUND('',#849,.T.);
#522=FACE_OUTER_BOUND('',#851,.T.);
#523=FACE_OUTER_BOUND('',#852,.T.);
#524=FACE_OUTER_BOUND('',#853,.T.);
#525=FACE_OUTER_BOUND('',#854,.T.);
#526=FACE_OUTER_BOUND('',#855,.T.);
#527=FACE_OUTER_BOUND('',#856,.T.);
#528=FACE_OUTER_BOUND('',#857,.T.);
#529=FACE_OUTER_BOUND('',#858,.T.);
#530=FACE_OUTER_BOUND('',#860,.T.);
#531=FACE_OUTER_BOUND('',#861,.T.);
#532=FACE_OUTER_BOUND('',#862,.T.);
#533=FACE_OUTER_BOUND('',#863,.T.);
#534=FACE_OUTER_BOUND('',#864,.T.);
#535=FACE_OUTER_BOUND('',#865,.T.);
#536=FACE_OUTER_BOUND('',#866,.T.);
#537=FACE_OUTER_BOUND('',#867,.T.);
#538=FACE_OUTER_BOUND('',#869,.T.);
#539=FACE_OUTER_BOUND('',#870,.T.);
#540=FACE_OUTER_BOUND('',#871,.T.);
#541=FACE_OUTER_BOUND('',#872,.T.);
#542=FACE_OUTER_BOUND('',#873,.T.);
#543=FACE_OUTER_BOUND('',#874,.T.);
#544=FACE_OUTER_BOUND('',#875,.T.);
#545=FACE_OUTER_BOUND('',#876,.T.);
#546=FACE_OUTER_BOUND('',#877,.T.);
#547=FACE_OUTER_BOUND('',#878,.T.);
#548=FACE_OUTER_BOUND('',#880,.T.);
#549=FACE_OUTER_BOUND('',#881,.T.);
#550=FACE_OUTER_BOUND('',#882,.T.);
#551=FACE_OUTER_BOUND('',#883,.T.);
#552=FACE_OUTER_BOUND('',#884,.T.);
#553=FACE_OUTER_BOUND('',#885,.T.);
#554=FACE_OUTER_BOUND('',#887,.T.);
#555=FACE_OUTER_BOUND('',#888,.T.);
#556=FACE_OUTER_BOUND('',#889,.T.);
#557=FACE_OUTER_BOUND('',#890,.T.);
#558=FACE_OUTER_BOUND('',#891,.T.);
#559=FACE_OUTER_BOUND('',#892,.T.);
#560=FACE_OUTER_BOUND('',#893,.T.);
#561=FACE_OUTER_BOUND('',#894,.T.);
#562=FACE_OUTER_BOUND('',#895,.T.);
#563=FACE_OUTER_BOUND('',#896,.T.);
#564=FACE_OUTER_BOUND('',#897,.T.);
#565=FACE_OUTER_BOUND('',#898,.T.);
#566=FACE_OUTER_BOUND('',#899,.T.);
#567=FACE_OUTER_BOUND('',#900,.T.);
#568=FACE_OUTER_BOUND('',#901,.T.);
#569=FACE_OUTER_BOUND('',#902,.T.);
#570=FACE_OUTER_BOUND('',#903,.T.);
#571=FACE_OUTER_BOUND('',#904,.T.);
#572=FACE_OUTER_BOUND('',#905,.T.);
#573=FACE_OUTER_BOUND('',#906,.T.);
#574=FACE_OUTER_BOUND('',#907,.T.);
#575=FACE_OUTER_BOUND('',#908,.T.);
#576=FACE_OUTER_BOUND('',#909,.T.);
#577=FACE_OUTER_BOUND('',#910,.T.);
#578=FACE_OUTER_BOUND('',#911,.T.);
#579=FACE_OUTER_BOUND('',#912,.T.);
#580=FACE_OUTER_BOUND('',#913,.T.);
#581=FACE_OUTER_BOUND('',#914,.T.);
#582=FACE_OUTER_BOUND('',#915,.T.);
#583=FACE_OUTER_BOUND('',#916,.T.);
#584=FACE_OUTER_BOUND('',#917,.T.);
#585=FACE_OUTER_BOUND('',#919,.T.);
#586=FACE_OUTER_BOUND('',#922,.T.);
#587=FACE_OUTER_BOUND('',#923,.T.);
#588=FACE_OUTER_BOUND('',#924,.T.);
#589=FACE_OUTER_BOUND('',#925,.T.);
#590=FACE_OUTER_BOUND('',#926,.T.);
#591=FACE_OUTER_BOUND('',#927,.T.);
#592=FACE_OUTER_BOUND('',#928,.T.);
#593=FACE_OUTER_BOUND('',#929,.T.);
#594=FACE_OUTER_BOUND('',#930,.T.);
#595=FACE_OUTER_BOUND('',#931,.T.);
#596=FACE_OUTER_BOUND('',#933,.T.);
#597=FACE_OUTER_BOUND('',#934,.T.);
#598=FACE_OUTER_BOUND('',#935,.T.);
#599=FACE_OUTER_BOUND('',#936,.T.);
#600=FACE_OUTER_BOUND('',#937,.T.);
#601=FACE_OUTER_BOUND('',#940,.T.);
#602=FACE_OUTER_BOUND('',#941,.T.);
#603=FACE_OUTER_BOUND('',#942,.T.);
#604=FACE_OUTER_BOUND('',#945,.T.);
#605=FACE_OUTER_BOUND('',#946,.T.);
#606=FACE_OUTER_BOUND('',#948,.T.);
#607=FACE_OUTER_BOUND('',#950,.T.);
#608=FACE_OUTER_BOUND('',#951,.T.);
#609=FACE_OUTER_BOUND('',#953,.T.);
#610=FACE_OUTER_BOUND('',#954,.T.);
#611=FACE_OUTER_BOUND('',#956,.T.);
#612=FACE_OUTER_BOUND('',#957,.T.);
#613=FACE_OUTER_BOUND('',#958,.T.);
#614=FACE_OUTER_BOUND('',#959,.T.);
#615=FACE_OUTER_BOUND('',#961,.T.);
#616=FACE_OUTER_BOUND('',#963,.T.);
#617=FACE_OUTER_BOUND('',#964,.T.);
#618=FACE_OUTER_BOUND('',#965,.T.);
#619=FACE_OUTER_BOUND('',#966,.T.);
#620=FACE_OUTER_BOUND('',#967,.T.);
#621=FACE_OUTER_BOUND('',#968,.T.);
#622=FACE_OUTER_BOUND('',#969,.T.);
#623=FACE_OUTER_BOUND('',#970,.T.);
#624=FACE_OUTER_BOUND('',#971,.T.);
#625=FACE_OUTER_BOUND('',#972,.T.);
#626=FACE_OUTER_BOUND('',#974,.T.);
#627=FACE_OUTER_BOUND('',#975,.T.);
#628=FACE_OUTER_BOUND('',#976,.T.);
#629=FACE_OUTER_BOUND('',#977,.T.);
#630=FACE_OUTER_BOUND('',#978,.T.);
#631=FACE_OUTER_BOUND('',#979,.T.);
#632=FACE_OUTER_BOUND('',#980,.T.);
#633=FACE_OUTER_BOUND('',#981,.T.);
#634=FACE_OUTER_BOUND('',#982,.T.);
#635=EDGE_LOOP('',(#3284,#3285,#3286,#3287));
#636=EDGE_LOOP('',(#3288,#3289,#3290,#3291));
#637=EDGE_LOOP('',(#3292,#3293,#3294,#3295));
#638=EDGE_LOOP('',(#3296,#3297,#3298,#3299));
#639=EDGE_LOOP('',(#3300,#3301,#3302,#3303));
#640=EDGE_LOOP('',(#3304,#3305,#3306,#3307,#3308,#3309,#3310,#3311,#3312,
#3313,#3314,#3315));
#641=EDGE_LOOP('',(#3316,#3317,#3318,#3319,#3320,#3321,#3322,#3323,#3324,
#3325,#3326,#3327));
#642=EDGE_LOOP('',(#3328,#3329));
#643=EDGE_LOOP('',(#3330,#3331,#3332,#3333,#3334,#3335,#3336,#3337));
#644=EDGE_LOOP('',(#3338,#3339));
#645=EDGE_LOOP('',(#3340,#3341,#3342,#3343,#3344,#3345,#3346,#3347,#3348,
#3349,#3350,#3351,#3352,#3353,#3354,#3355,#3356,#3357,#3358,#3359,#3360,
#3361,#3362,#3363,#3364,#3365,#3366,#3367,#3368,#3369,#3370,#3371,#3372,
#3373,#3374,#3375,#3376,#3377,#3378,#3379,#3380,#3381,#3382,#3383));
#646=EDGE_LOOP('',(#3384));
#647=EDGE_LOOP('',(#3385));
#648=EDGE_LOOP('',(#3386));
#649=EDGE_LOOP('',(#3387));
#650=EDGE_LOOP('',(#3388));
#651=EDGE_LOOP('',(#3389));
#652=EDGE_LOOP('',(#3390,#3391,#3392,#3393));
#653=EDGE_LOOP('',(#3394));
#654=EDGE_LOOP('',(#3395));
#655=EDGE_LOOP('',(#3396));
#656=EDGE_LOOP('',(#3397));
#657=EDGE_LOOP('',(#3398));
#658=EDGE_LOOP('',(#3399));
#659=EDGE_LOOP('',(#3400));
#660=EDGE_LOOP('',(#3401));
#661=EDGE_LOOP('',(#3402,#3403,#3404,#3405));
#662=EDGE_LOOP('',(#3406,#3407,#3408,#3409));
#663=EDGE_LOOP('',(#3410));
#664=EDGE_LOOP('',(#3411));
#665=EDGE_LOOP('',(#3412));
#666=EDGE_LOOP('',(#3413));
#667=EDGE_LOOP('',(#3414));
#668=EDGE_LOOP('',(#3415));
#669=EDGE_LOOP('',(#3416,#3417,#3418,#3419));
#670=EDGE_LOOP('',(#3420));
#671=EDGE_LOOP('',(#3421,#3422,#3423,#3424));
#672=EDGE_LOOP('',(#3425));
#673=EDGE_LOOP('',(#3426,#3427,#3428,#3429));
#674=EDGE_LOOP('',(#3430));
#675=EDGE_LOOP('',(#3431,#3432,#3433,#3434));
#676=EDGE_LOOP('',(#3435));
#677=EDGE_LOOP('',(#3436,#3437,#3438,#3439));
#678=EDGE_LOOP('',(#3440));
#679=EDGE_LOOP('',(#3441,#3442,#3443,#3444));
#680=EDGE_LOOP('',(#3445));
#681=EDGE_LOOP('',(#3446,#3447,#3448,#3449));
#682=EDGE_LOOP('',(#3450));
#683=EDGE_LOOP('',(#3451,#3452,#3453,#3454));
#684=EDGE_LOOP('',(#3455));
#685=EDGE_LOOP('',(#3456,#3457,#3458,#3459));
#686=EDGE_LOOP('',(#3460,#3461,#3462,#3463));
#687=EDGE_LOOP('',(#3464,#3465,#3466,#3467));
#688=EDGE_LOOP('',(#3468,#3469,#3470,#3471));
#689=EDGE_LOOP('',(#3472,#3473,#3474,#3475));
#690=EDGE_LOOP('',(#3476,#3477,#3478,#3479));
#691=EDGE_LOOP('',(#3480,#3481,#3482,#3483));
#692=EDGE_LOOP('',(#3484,#3485,#3486,#3487));
#693=EDGE_LOOP('',(#3488,#3489,#3490,#3491));
#694=EDGE_LOOP('',(#3492,#3493,#3494,#3495));
#695=EDGE_LOOP('',(#3496,#3497,#3498,#3499));
#696=EDGE_LOOP('',(#3500,#3501,#3502,#3503));
#697=EDGE_LOOP('',(#3504,#3505,#3506,#3507));
#698=EDGE_LOOP('',(#3508,#3509,#3510,#3511));
#699=EDGE_LOOP('',(#3512,#3513,#3514,#3515));
#700=EDGE_LOOP('',(#3516,#3517,#3518,#3519));
#701=EDGE_LOOP('',(#3520,#3521,#3522,#3523,#3524,#3525,#3526,#3527,#3528));
#702=EDGE_LOOP('',(#3529,#3530,#3531,#3532,#3533,#3534,#3535,#3536,#3537,
#3538,#3539,#3540,#3541,#3542,#3543,#3544));
#703=EDGE_LOOP('',(#3545,#3546,#3547,#3548));
#704=EDGE_LOOP('',(#3549,#3550,#3551,#3552,#3553,#3554,#3555,#3556,#3557));
#705=EDGE_LOOP('',(#3558,#3559,#3560,#3561,#3562,#3563,#3564,#3565,#3566,
#3567,#3568,#3569,#3570,#3571,#3572,#3573,#3574,#3575,#3576,#3577,#3578,
#3579,#3580,#3581,#3582,#3583,#3584,#3585,#3586,#3587,#3588,#3589,#3590,
#3591,#3592,#3593));
#706=EDGE_LOOP('',(#3594,#3595,#3596,#3597));
#707=EDGE_LOOP('',(#3598,#3599,#3600,#3601));
#708=EDGE_LOOP('',(#3602,#3603,#3604,#3605));
#709=EDGE_LOOP('',(#3606,#3607,#3608,#3609));
#710=EDGE_LOOP('',(#3610,#3611,#3612,#3613));
#711=EDGE_LOOP('',(#3614,#3615,#3616,#3617));
#712=EDGE_LOOP('',(#3618,#3619,#3620,#3621));
#713=EDGE_LOOP('',(#3622,#3623,#3624,#3625));
#714=EDGE_LOOP('',(#3626,#3627,#3628,#3629));
#715=EDGE_LOOP('',(#3630,#3631,#3632,#3633));
#716=EDGE_LOOP('',(#3634,#3635,#3636,#3637));
#717=EDGE_LOOP('',(#3638,#3639,#3640,#3641));
#718=EDGE_LOOP('',(#3642,#3643,#3644,#3645));
#719=EDGE_LOOP('',(#3646,#3647,#3648,#3649));
#720=EDGE_LOOP('',(#3650,#3651,#3652,#3653));
#721=EDGE_LOOP('',(#3654,#3655,#3656,#3657));
#722=EDGE_LOOP('',(#3658,#3659,#3660,#3661));
#723=EDGE_LOOP('',(#3662,#3663,#3664,#3665));
#724=EDGE_LOOP('',(#3666,#3667,#3668,#3669));
#725=EDGE_LOOP('',(#3670,#3671,#3672,#3673));
#726=EDGE_LOOP('',(#3674,#3675,#3676,#3677));
#727=EDGE_LOOP('',(#3678,#3679,#3680,#3681));
#728=EDGE_LOOP('',(#3682,#3683,#3684,#3685));
#729=EDGE_LOOP('',(#3686,#3687,#3688,#3689));
#730=EDGE_LOOP('',(#3690,#3691,#3692,#3693));
#731=EDGE_LOOP('',(#3694,#3695,#3696,#3697));
#732=EDGE_LOOP('',(#3698,#3699,#3700,#3701));
#733=EDGE_LOOP('',(#3702,#3703,#3704,#3705));
#734=EDGE_LOOP('',(#3706,#3707,#3708,#3709));
#735=EDGE_LOOP('',(#3710,#3711,#3712,#3713));
#736=EDGE_LOOP('',(#3714,#3715,#3716,#3717));
#737=EDGE_LOOP('',(#3718,#3719,#3720,#3721));
#738=EDGE_LOOP('',(#3722,#3723,#3724,#3725));
#739=EDGE_LOOP('',(#3726,#3727,#3728,#3729));
#740=EDGE_LOOP('',(#3730,#3731,#3732,#3733,#3734,#3735));
#741=EDGE_LOOP('',(#3736,#3737,#3738,#3739));
#742=EDGE_LOOP('',(#3740,#3741,#3742,#3743));
#743=EDGE_LOOP('',(#3744,#3745,#3746,#3747));
#744=EDGE_LOOP('',(#3748));
#745=EDGE_LOOP('',(#3749,#3750,#3751,#3752));
#746=EDGE_LOOP('',(#3753));
#747=EDGE_LOOP('',(#3754,#3755,#3756,#3757));
#748=EDGE_LOOP('',(#3758));
#749=EDGE_LOOP('',(#3759,#3760,#3761,#3762));
#750=EDGE_LOOP('',(#3763,#3764,#3765,#3766));
#751=EDGE_LOOP('',(#3767,#3768,#3769,#3770,#3771,#3772,#3773,#3774,#3775,
#3776));
#752=EDGE_LOOP('',(#3777,#3778,#3779,#3780,#3781,#3782,#3783,#3784));
#753=EDGE_LOOP('',(#3785,#3786,#3787,#3788,#3789,#3790,#3791,#3792));
#754=EDGE_LOOP('',(#3793,#3794,#3795,#3796,#3797,#3798,#3799,#3800));
#755=EDGE_LOOP('',(#3801));
#756=EDGE_LOOP('',(#3802));
#757=EDGE_LOOP('',(#3803,#3804,#3805,#3806));
#758=EDGE_LOOP('',(#3807));
#759=EDGE_LOOP('',(#3808,#3809,#3810,#3811));
#760=EDGE_LOOP('',(#3812,#3813,#3814,#3815));
#761=EDGE_LOOP('',(#3816,#3817,#3818,#3819));
#762=EDGE_LOOP('',(#3820,#3821,#3822,#3823));
#763=EDGE_LOOP('',(#3824,#3825,#3826,#3827));
#764=EDGE_LOOP('',(#3828,#3829,#3830,#3831));
#765=EDGE_LOOP('',(#3832,#3833));
#766=EDGE_LOOP('',(#3834,#3835,#3836));
#767=EDGE_LOOP('',(#3837,#3838,#3839,#3840,#3841,#3842));
#768=EDGE_LOOP('',(#3843));
#769=EDGE_LOOP('',(#3844));
#770=EDGE_LOOP('',(#3845,#3846,#3847,#3848));
#771=EDGE_LOOP('',(#3849,#3850,#3851,#3852));
#772=EDGE_LOOP('',(#3853,#3854,#3855,#3856));
#773=EDGE_LOOP('',(#3857,#3858,#3859,#3860));
#774=EDGE_LOOP('',(#3861,#3862,#3863,#3864));
#775=EDGE_LOOP('',(#3865,#3866,#3867,#3868));
#776=EDGE_LOOP('',(#3869,#3870,#3871,#3872));
#777=EDGE_LOOP('',(#3873));
#778=EDGE_LOOP('',(#3874));
#779=EDGE_LOOP('',(#3875,#3876,#3877,#3878));
#780=EDGE_LOOP('',(#3879,#3880,#3881,#3882));
#781=EDGE_LOOP('',(#3883,#3884,#3885,#3886));
#782=EDGE_LOOP('',(#3887,#3888,#3889,#3890));
#783=EDGE_LOOP('',(#3891,#3892,#3893,#3894));
#784=EDGE_LOOP('',(#3895,#3896,#3897,#3898));
#785=EDGE_LOOP('',(#3899,#3900,#3901,#3902));
#786=EDGE_LOOP('',(#3903));
#787=EDGE_LOOP('',(#3904));
#788=EDGE_LOOP('',(#3905,#3906,#3907,#3908));
#789=EDGE_LOOP('',(#3909,#3910,#3911,#3912));
#790=EDGE_LOOP('',(#3913,#3914,#3915,#3916));
#791=EDGE_LOOP('',(#3917,#3918,#3919,#3920));
#792=EDGE_LOOP('',(#3921,#3922,#3923,#3924));
#793=EDGE_LOOP('',(#3925,#3926,#3927,#3928));
#794=EDGE_LOOP('',(#3929,#3930,#3931,#3932));
#795=EDGE_LOOP('',(#3933));
#796=EDGE_LOOP('',(#3934,#3935,#3936,#3937));
#797=EDGE_LOOP('',(#3938,#3939,#3940,#3941));
#798=EDGE_LOOP('',(#3942,#3943,#3944,#3945));
#799=EDGE_LOOP('',(#3946,#3947,#3948,#3949));
#800=EDGE_LOOP('',(#3950,#3951,#3952,#3953));
#801=EDGE_LOOP('',(#3954,#3955,#3956,#3957));
#802=EDGE_LOOP('',(#3958,#3959,#3960,#3961));
#803=EDGE_LOOP('',(#3962,#3963,#3964,#3965));
#804=EDGE_LOOP('',(#3966,#3967,#3968,#3969));
#805=EDGE_LOOP('',(#3970,#3971,#3972,#3973));
#806=EDGE_LOOP('',(#3974,#3975,#3976,#3977));
#807=EDGE_LOOP('',(#3978,#3979,#3980,#3981));
#808=EDGE_LOOP('',(#3982,#3983,#3984,#3985));
#809=EDGE_LOOP('',(#3986,#3987,#3988,#3989,#3990));
#810=EDGE_LOOP('',(#3991,#3992,#3993,#3994));
#811=EDGE_LOOP('',(#3995,#3996,#3997,#3998,#3999));
#812=EDGE_LOOP('',(#4000,#4001,#4002,#4003));
#813=EDGE_LOOP('',(#4004,#4005,#4006,#4007));
#814=EDGE_LOOP('',(#4008,#4009,#4010,#4011));
#815=EDGE_LOOP('',(#4012,#4013,#4014,#4015));
#816=EDGE_LOOP('',(#4016,#4017,#4018,#4019));
#817=EDGE_LOOP('',(#4020,#4021,#4022,#4023));
#818=EDGE_LOOP('',(#4024,#4025,#4026,#4027,#4028,#4029));
#819=EDGE_LOOP('',(#4030));
#820=EDGE_LOOP('',(#4031));
#821=EDGE_LOOP('',(#4032));
#822=EDGE_LOOP('',(#4033,#4034,#4035,#4036,#4037,#4038));
#823=EDGE_LOOP('',(#4039));
#824=EDGE_LOOP('',(#4040));
#825=EDGE_LOOP('',(#4041));
#826=EDGE_LOOP('',(#4042,#4043,#4044,#4045));
#827=EDGE_LOOP('',(#4046,#4047,#4048,#4049));
#828=EDGE_LOOP('',(#4050,#4051,#4052,#4053));
#829=EDGE_LOOP('',(#4054,#4055,#4056,#4057));
#830=EDGE_LOOP('',(#4058,#4059,#4060,#4061));
#831=EDGE_LOOP('',(#4062,#4063,#4064,#4065));
#832=EDGE_LOOP('',(#4066));
#833=EDGE_LOOP('',(#4067,#4068,#4069,#4070));
#834=EDGE_LOOP('',(#4071));
#835=EDGE_LOOP('',(#4072,#4073,#4074,#4075));
#836=EDGE_LOOP('',(#4076,#4077,#4078,#4079));
#837=EDGE_LOOP('',(#4080,#4081,#4082,#4083));
#838=EDGE_LOOP('',(#4084,#4085,#4086,#4087));
#839=EDGE_LOOP('',(#4088,#4089,#4090,#4091));
#840=EDGE_LOOP('',(#4092,#4093,#4094,#4095));
#841=EDGE_LOOP('',(#4096));
#842=EDGE_LOOP('',(#4097,#4098,#4099,#4100));
#843=EDGE_LOOP('',(#4101));
#844=EDGE_LOOP('',(#4102,#4103,#4104,#4105));
#845=EDGE_LOOP('',(#4106,#4107,#4108,#4109));
#846=EDGE_LOOP('',(#4110,#4111,#4112,#4113));
#847=EDGE_LOOP('',(#4114,#4115,#4116,#4117));
#848=EDGE_LOOP('',(#4118,#4119,#4120,#4121));
#849=EDGE_LOOP('',(#4122,#4123,#4124,#4125));
#850=EDGE_LOOP('',(#4126));
#851=EDGE_LOOP('',(#4127,#4128,#4129,#4130));
#852=EDGE_LOOP('',(#4131));
#853=EDGE_LOOP('',(#4132,#4133,#4134,#4135));
#854=EDGE_LOOP('',(#4136,#4137,#4138,#4139));
#855=EDGE_LOOP('',(#4140,#4141,#4142,#4143));
#856=EDGE_LOOP('',(#4144,#4145,#4146,#4147));
#857=EDGE_LOOP('',(#4148,#4149,#4150,#4151));
#858=EDGE_LOOP('',(#4152,#4153,#4154,#4155));
#859=EDGE_LOOP('',(#4156));
#860=EDGE_LOOP('',(#4157,#4158,#4159,#4160));
#861=EDGE_LOOP('',(#4161));
#862=EDGE_LOOP('',(#4162,#4163,#4164,#4165));
#863=EDGE_LOOP('',(#4166,#4167,#4168,#4169));
#864=EDGE_LOOP('',(#4170,#4171,#4172,#4173));
#865=EDGE_LOOP('',(#4174,#4175,#4176,#4177));
#866=EDGE_LOOP('',(#4178,#4179,#4180,#4181));
#867=EDGE_LOOP('',(#4182,#4183,#4184,#4185));
#868=EDGE_LOOP('',(#4186));
#869=EDGE_LOOP('',(#4187,#4188,#4189,#4190));
#870=EDGE_LOOP('',(#4191));
#871=EDGE_LOOP('',(#4192));
#872=EDGE_LOOP('',(#4193,#4194,#4195,#4196));
#873=EDGE_LOOP('',(#4197,#4198,#4199,#4200));
#874=EDGE_LOOP('',(#4201,#4202,#4203,#4204));
#875=EDGE_LOOP('',(#4205,#4206,#4207,#4208));
#876=EDGE_LOOP('',(#4209,#4210,#4211,#4212));
#877=EDGE_LOOP('',(#4213,#4214,#4215,#4216));
#878=EDGE_LOOP('',(#4217,#4218,#4219,#4220));
#879=EDGE_LOOP('',(#4221));
#880=EDGE_LOOP('',(#4222,#4223,#4224,#4225));
#881=EDGE_LOOP('',(#4226,#4227,#4228,#4229));
#882=EDGE_LOOP('',(#4230,#4231,#4232,#4233));
#883=EDGE_LOOP('',(#4234,#4235,#4236,#4237));
#884=EDGE_LOOP('',(#4238,#4239,#4240,#4241));
#885=EDGE_LOOP('',(#4242,#4243,#4244,#4245));
#886=EDGE_LOOP('',(#4246));
#887=EDGE_LOOP('',(#4247,#4248,#4249,#4250));
#888=EDGE_LOOP('',(#4251));
#889=EDGE_LOOP('',(#4252,#4253,#4254,#4255));
#890=EDGE_LOOP('',(#4256));
#891=EDGE_LOOP('',(#4257));
#892=EDGE_LOOP('',(#4258,#4259,#4260,#4261));
#893=EDGE_LOOP('',(#4262,#4263,#4264,#4265));
#894=EDGE_LOOP('',(#4266,#4267,#4268,#4269));
#895=EDGE_LOOP('',(#4270,#4271,#4272,#4273));
#896=EDGE_LOOP('',(#4274,#4275,#4276,#4277,#4278,#4279,#4280,#4281,#4282,
#4283,#4284,#4285));
#897=EDGE_LOOP('',(#4286,#4287,#4288,#4289,#4290,#4291,#4292,#4293));
#898=EDGE_LOOP('',(#4294,#4295,#4296,#4297));
#899=EDGE_LOOP('',(#4298,#4299,#4300,#4301));
#900=EDGE_LOOP('',(#4302,#4303,#4304,#4305));
#901=EDGE_LOOP('',(#4306,#4307,#4308,#4309,#4310,#4311,#4312,#4313));
#902=EDGE_LOOP('',(#4314,#4315,#4316,#4317));
#903=EDGE_LOOP('',(#4318,#4319,#4320,#4321));
#904=EDGE_LOOP('',(#4322,#4323,#4324,#4325));
#905=EDGE_LOOP('',(#4326,#4327,#4328,#4329));
#906=EDGE_LOOP('',(#4330,#4331,#4332,#4333));
#907=EDGE_LOOP('',(#4334,#4335,#4336,#4337));
#908=EDGE_LOOP('',(#4338,#4339,#4340,#4341));
#909=EDGE_LOOP('',(#4342,#4343,#4344,#4345));
#910=EDGE_LOOP('',(#4346,#4347,#4348,#4349));
#911=EDGE_LOOP('',(#4350,#4351,#4352,#4353,#4354,#4355,#4356,#4357,#4358,
#4359,#4360,#4361));
#912=EDGE_LOOP('',(#4362,#4363,#4364,#4365));
#913=EDGE_LOOP('',(#4366,#4367));
#914=EDGE_LOOP('',(#4368,#4369,#4370,#4371));
#915=EDGE_LOOP('',(#4372,#4373));
#916=EDGE_LOOP('',(#4374,#4375,#4376,#4377));
#917=EDGE_LOOP('',(#4378));
#918=EDGE_LOOP('',(#4379));
#919=EDGE_LOOP('',(#4380,#4381,#4382,#4383));
#920=EDGE_LOOP('',(#4384));
#921=EDGE_LOOP('',(#4385));
#922=EDGE_LOOP('',(#4386,#4387,#4388,#4389,#4390,#4391,#4392,#4393,#4394,
#4395,#4396,#4397));
#923=EDGE_LOOP('',(#4398,#4399,#4400,#4401));
#924=EDGE_LOOP('',(#4402,#4403,#4404,#4405,#4406,#4407,#4408,#4409,#4410));
#925=EDGE_LOOP('',(#4411,#4412,#4413,#4414,#4415,#4416));
#926=EDGE_LOOP('',(#4417,#4418,#4419,#4420));
#927=EDGE_LOOP('',(#4421,#4422,#4423,#4424));
#928=EDGE_LOOP('',(#4425,#4426,#4427,#4428));
#929=EDGE_LOOP('',(#4429,#4430,#4431,#4432));
#930=EDGE_LOOP('',(#4433,#4434,#4435,#4436));
#931=EDGE_LOOP('',(#4437));
#932=EDGE_LOOP('',(#4438));
#933=EDGE_LOOP('',(#4439,#4440,#4441,#4442));
#934=EDGE_LOOP('',(#4443,#4444,#4445,#4446,#4447,#4448,#4449,#4450,#4451,
#4452,#4453,#4454,#4455,#4456,#4457));
#935=EDGE_LOOP('',(#4458,#4459,#4460,#4461));
#936=EDGE_LOOP('',(#4462,#4463,#4464,#4465));
#937=EDGE_LOOP('',(#4466,#4467,#4468,#4469));
#938=EDGE_LOOP('',(#4470));
#939=EDGE_LOOP('',(#4471));
#940=EDGE_LOOP('',(#4472,#4473,#4474,#4475));
#941=EDGE_LOOP('',(#4476,#4477,#4478,#4479));
#942=EDGE_LOOP('',(#4480,#4481,#4482,#4483));
#943=EDGE_LOOP('',(#4484,#4485,#4486,#4487));
#944=EDGE_LOOP('',(#4488));
#945=EDGE_LOOP('',(#4489,#4490,#4491,#4492));
#946=EDGE_LOOP('',(#4493,#4494,#4495,#4496));
#947=EDGE_LOOP('',(#4497));
#948=EDGE_LOOP('',(#4498));
#949=EDGE_LOOP('',(#4499));
#950=EDGE_LOOP('',(#4500,#4501,#4502,#4503));
#951=EDGE_LOOP('',(#4504));
#952=EDGE_LOOP('',(#4505));
#953=EDGE_LOOP('',(#4506,#4507,#4508,#4509));
#954=EDGE_LOOP('',(#4510));
#955=EDGE_LOOP('',(#4511));
#956=EDGE_LOOP('',(#4512,#4513,#4514,#4515));
#957=EDGE_LOOP('',(#4516,#4517,#4518,#4519));
#958=EDGE_LOOP('',(#4520,#4521,#4522,#4523));
#959=EDGE_LOOP('',(#4524));
#960=EDGE_LOOP('',(#4525));
#961=EDGE_LOOP('',(#4526));
#962=EDGE_LOOP('',(#4527));
#963=EDGE_LOOP('',(#4528,#4529,#4530,#4531));
#964=EDGE_LOOP('',(#4532,#4533,#4534,#4535));
#965=EDGE_LOOP('',(#4536,#4537,#4538,#4539));
#966=EDGE_LOOP('',(#4540,#4541,#4542,#4543));
#967=EDGE_LOOP('',(#4544,#4545,#4546,#4547));
#968=EDGE_LOOP('',(#4548,#4549,#4550,#4551));
#969=EDGE_LOOP('',(#4552,#4553,#4554,#4555));
#970=EDGE_LOOP('',(#4556,#4557,#4558,#4559));
#971=EDGE_LOOP('',(#4560,#4561,#4562,#4563,#4564,#4565,#4566,#4567));
#972=EDGE_LOOP('',(#4568,#4569,#4570,#4571,#4572,#4573,#4574,#4575));
#973=EDGE_LOOP('',(#4576,#4577,#4578,#4579,#4580,#4581,#4582,#4583));
#974=EDGE_LOOP('',(#4584,#4585,#4586,#4587));
#975=EDGE_LOOP('',(#4588,#4589,#4590,#4591));
#976=EDGE_LOOP('',(#4592,#4593,#4594,#4595));
#977=EDGE_LOOP('',(#4596,#4597,#4598,#4599));
#978=EDGE_LOOP('',(#4600,#4601,#4602,#4603));
#979=EDGE_LOOP('',(#4604,#4605,#4606,#4607));
#980=EDGE_LOOP('',(#4608,#4609,#4610,#4611));
#981=EDGE_LOOP('',(#4612,#4613,#4614,#4615));
#982=EDGE_LOOP('',(#4616,#4617,#4618,#4619,#4620,#4621,#4622,#4623));
#983=LINE('',#6846,#1506);
#984=LINE('',#6849,#1507);
#985=LINE('',#6852,#1508);
#986=LINE('',#6854,#1509);
#987=LINE('',#6855,#1510);
#988=LINE('',#6859,#1511);
#989=LINE('',#6861,#1512);
#990=LINE('',#6863,#1513);
#991=LINE('',#6864,#1514);
#992=LINE('',#6870,#1515);
#993=LINE('',#6872,#1516);
#994=LINE('',#6873,#1517);
#995=LINE('',#6876,#1518);
#996=LINE('',#6878,#1519);
#997=LINE('',#6880,#1520);
#998=LINE('',#6882,#1521);
#999=LINE('',#6883,#1522);
#1000=LINE('',#6885,#1523);
#1001=LINE('',#6887,#1524);
#1002=LINE('',#6889,#1525);
#1003=LINE('',#6891,#1526);
#1004=LINE('',#6892,#1527);
#1005=LINE('',#6895,#1528);
#1006=LINE('',#6899,#1529);
#1007=LINE('',#6902,#1530);
#1008=LINE('',#6906,#1531);
#1009=LINE('',#6911,#1532);
#1010=LINE('',#6915,#1533);
#1011=LINE('',#6918,#1534);
#1012=LINE('',#6920,#1535);
#1013=LINE('',#6923,#1536);
#1014=LINE('',#6926,#1537);
#1015=LINE('',#6928,#1538);
#1016=LINE('',#6930,#1539);
#1017=LINE('',#6932,#1540);
#1018=LINE('',#6934,#1541);
#1019=LINE('',#6936,#1542);
#1020=LINE('',#6938,#1543);
#1021=LINE('',#6940,#1544);
#1022=LINE('',#6942,#1545);
#1023=LINE('',#6944,#1546);
#1024=LINE('',#6946,#1547);
#1025=LINE('',#6948,#1548);
#1026=LINE('',#6950,#1549);
#1027=LINE('',#6952,#1550);
#1028=LINE('',#6954,#1551);
#1029=LINE('',#6956,#1552);
#1030=LINE('',#6958,#1553);
#1031=LINE('',#6960,#1554);
#1032=LINE('',#6962,#1555);
#1033=LINE('',#6964,#1556);
#1034=LINE('',#6966,#1557);
#1035=LINE('',#6968,#1558);
#1036=LINE('',#6970,#1559);
#1037=LINE('',#6972,#1560);
#1038=LINE('',#6974,#1561);
#1039=LINE('',#6976,#1562);
#1040=LINE('',#6978,#1563);
#1041=LINE('',#6980,#1564);
#1042=LINE('',#6982,#1565);
#1043=LINE('',#6984,#1566);
#1044=LINE('',#6986,#1567);
#1045=LINE('',#6988,#1568);
#1046=LINE('',#6990,#1569);
#1047=LINE('',#6992,#1570);
#1048=LINE('',#6994,#1571);
#1049=LINE('',#6996,#1572);
#1050=LINE('',#6998,#1573);
#1051=LINE('',#7000,#1574);
#1052=LINE('',#7002,#1575);
#1053=LINE('',#7004,#1576);
#1054=LINE('',#7005,#1577);
#1055=LINE('',#7020,#1578);
#1056=LINE('',#7022,#1579);
#1057=LINE('',#7024,#1580);
#1058=LINE('',#7025,#1581);
#1059=LINE('',#7044,#1582);
#1060=LINE('',#7045,#1583);
#1061=LINE('',#7048,#1584);
#1062=LINE('',#7049,#1585);
#1063=LINE('',#7067,#1586);
#1064=LINE('',#7072,#1587);
#1065=LINE('',#7077,#1588);
#1066=LINE('',#7082,#1589);
#1067=LINE('',#7087,#1590);
#1068=LINE('',#7092,#1591);
#1069=LINE('',#7097,#1592);
#1070=LINE('',#7102,#1593);
#1071=LINE('',#7108,#1594);
#1072=LINE('',#7112,#1595);
#1073=LINE('',#7115,#1596);
#1074=LINE('',#7117,#1597);
#1075=LINE('',#7118,#1598);
#1076=LINE('',#7121,#1599);
#1077=LINE('',#7122,#1600);
#1078=LINE('',#7125,#1601);
#1079=LINE('',#7126,#1602);
#1080=LINE('',#7128,#1603);
#1081=LINE('',#7132,#1604);
#1082=LINE('',#7134,#1605);
#1083=LINE('',#7137,#1606);
#1084=LINE('',#7140,#1607);
#1085=LINE('',#7143,#1608);
#1086=LINE('',#7146,#1609);
#1087=LINE('',#7149,#1610);
#1088=LINE('',#7150,#1611);
#1089=LINE('',#7154,#1612);
#1090=LINE('',#7155,#1613);
#1091=LINE('',#7156,#1614);
#1092=LINE('',#7158,#1615);
#1093=LINE('',#7161,#1616);
#1094=LINE('',#7162,#1617);
#1095=LINE('',#7165,#1618);
#1096=LINE('',#7167,#1619);
#1097=LINE('',#7169,#1620);
#1098=LINE('',#7171,#1621);
#1099=LINE('',#7175,#1622);
#1100=LINE('',#7176,#1623);
#1101=LINE('',#7179,#1624);
#1102=LINE('',#7181,#1625);
#1103=LINE('',#7183,#1626);
#1104=LINE('',#7185,#1627);
#1105=LINE('',#7187,#1628);
#1106=LINE('',#7188,#1629);
#1107=LINE('',#7191,#1630);
#1108=LINE('',#7192,#1631);
#1109=LINE('',#7195,#1632);
#1110=LINE('',#7197,#1633);
#1111=LINE('',#7201,#1634);
#1112=LINE('',#7203,#1635);
#1113=LINE('',#7204,#1636);
#1114=LINE('',#7207,#1637);
#1115=LINE('',#7209,#1638);
#1116=LINE('',#7210,#1639);
#1117=LINE('',#7212,#1640);
#1118=LINE('',#7214,#1641);
#1119=LINE('',#7215,#1642);
#1120=LINE('',#7217,#1643);
#1121=LINE('',#7219,#1644);
#1122=LINE('',#7220,#1645);
#1123=LINE('',#7222,#1646);
#1124=LINE('',#7224,#1647);
#1125=LINE('',#7225,#1648);
#1126=LINE('',#7227,#1649);
#1127=LINE('',#7229,#1650);
#1128=LINE('',#7230,#1651);
#1129=LINE('',#7232,#1652);
#1130=LINE('',#7234,#1653);
#1131=LINE('',#7235,#1654);
#1132=LINE('',#7236,#1655);
#1133=LINE('',#7238,#1656);
#1134=LINE('',#7240,#1657);
#1135=LINE('',#7241,#1658);
#1136=LINE('',#7243,#1659);
#1137=LINE('',#7245,#1660);
#1138=LINE('',#7246,#1661);
#1139=LINE('',#7250,#1662);
#1140=LINE('',#7251,#1663);
#1141=LINE('',#7252,#1664);
#1142=LINE('',#7254,#1665);
#1143=LINE('',#7256,#1666);
#1144=LINE('',#7261,#1667);
#1145=LINE('',#7262,#1668);
#1146=LINE('',#7263,#1669);
#1147=LINE('',#7265,#1670);
#1148=LINE('',#7267,#1671);
#1149=LINE('',#7272,#1672);
#1150=LINE('',#7273,#1673);
#1151=LINE('',#7274,#1674);
#1152=LINE('',#7276,#1675);
#1153=LINE('',#7278,#1676);
#1154=LINE('',#7283,#1677);
#1155=LINE('',#7284,#1678);
#1156=LINE('',#7285,#1679);
#1157=LINE('',#7287,#1680);
#1158=LINE('',#7289,#1681);
#1159=LINE('',#7294,#1682);
#1160=LINE('',#7295,#1683);
#1161=LINE('',#7296,#1684);
#1162=LINE('',#7298,#1685);
#1163=LINE('',#7300,#1686);
#1164=LINE('',#7305,#1687);
#1165=LINE('',#7306,#1688);
#1166=LINE('',#7307,#1689);
#1167=LINE('',#7309,#1690);
#1168=LINE('',#7311,#1691);
#1169=LINE('',#7316,#1692);
#1170=LINE('',#7317,#1693);
#1171=LINE('',#7318,#1694);
#1172=LINE('',#7320,#1695);
#1173=LINE('',#7322,#1696);
#1174=LINE('',#7327,#1697);
#1175=LINE('',#7328,#1698);
#1176=LINE('',#7329,#1699);
#1177=LINE('',#7331,#1700);
#1178=LINE('',#7333,#1701);
#1179=LINE('',#7336,#1702);
#1180=LINE('',#7337,#1703);
#1181=LINE('',#7339,#1704);
#1182=LINE('',#7344,#1705);
#1183=LINE('',#7347,#1706);
#1184=LINE('',#7349,#1707);
#1185=LINE('',#7351,#1708);
#1186=LINE('',#7352,#1709);
#1187=LINE('',#7354,#1710);
#1188=LINE('',#7355,#1711);
#1189=LINE('',#7360,#1712);
#1190=LINE('',#7365,#1713);
#1191=LINE('',#7370,#1714);
#1192=LINE('',#7372,#1715);
#1193=LINE('',#7373,#1716);
#1194=LINE('',#7375,#1717);
#1195=LINE('',#7382,#1718);
#1196=LINE('',#7384,#1719);
#1197=LINE('',#7386,#1720);
#1198=LINE('',#7387,#1721);
#1199=LINE('',#7390,#1722);
#1200=LINE('',#7392,#1723);
#1201=LINE('',#7393,#1724);
#1202=LINE('',#7396,#1725);
#1203=LINE('',#7397,#1726);
#1204=LINE('',#7400,#1727);
#1205=LINE('',#7401,#1728);
#1206=LINE('',#7403,#1729);
#1207=LINE('',#7423,#1730);
#1208=LINE('',#7431,#1731);
#1209=LINE('',#7438,#1732);
#1210=LINE('',#7443,#1733);
#1211=LINE('',#7445,#1734);
#1212=LINE('',#7447,#1735);
#1213=LINE('',#7448,#1736);
#1214=LINE('',#7451,#1737);
#1215=LINE('',#7453,#1738);
#1216=LINE('',#7454,#1739);
#1217=LINE('',#7457,#1740);
#1218=LINE('',#7459,#1741);
#1219=LINE('',#7460,#1742);
#1220=LINE('',#7462,#1743);
#1221=LINE('',#7463,#1744);
#1222=LINE('',#7471,#1745);
#1223=LINE('',#7476,#1746);
#1224=LINE('',#7478,#1747);
#1225=LINE('',#7480,#1748);
#1226=LINE('',#7481,#1749);
#1227=LINE('',#7484,#1750);
#1228=LINE('',#7486,#1751);
#1229=LINE('',#7487,#1752);
#1230=LINE('',#7490,#1753);
#1231=LINE('',#7492,#1754);
#1232=LINE('',#7493,#1755);
#1233=LINE('',#7495,#1756);
#1234=LINE('',#7496,#1757);
#1235=LINE('',#7504,#1758);
#1236=LINE('',#7509,#1759);
#1237=LINE('',#7511,#1760);
#1238=LINE('',#7513,#1761);
#1239=LINE('',#7514,#1762);
#1240=LINE('',#7517,#1763);
#1241=LINE('',#7519,#1764);
#1242=LINE('',#7520,#1765);
#1243=LINE('',#7523,#1766);
#1244=LINE('',#7525,#1767);
#1245=LINE('',#7526,#1768);
#1246=LINE('',#7528,#1769);
#1247=LINE('',#7529,#1770);
#1248=LINE('',#7535,#1771);
#1249=LINE('',#7537,#1772);
#1250=LINE('',#7539,#1773);
#1251=LINE('',#7540,#1774);
#1252=LINE('',#7543,#1775);
#1253=LINE('',#7545,#1776);
#1254=LINE('',#7546,#1777);
#1255=LINE('',#7549,#1778);
#1256=LINE('',#7551,#1779);
#1257=LINE('',#7552,#1780);
#1258=LINE('',#7554,#1781);
#1259=LINE('',#7555,#1782);
#1260=LINE('',#7560,#1783);
#1261=LINE('',#7562,#1784);
#1262=LINE('',#7564,#1785);
#1263=LINE('',#7565,#1786);
#1264=LINE('',#7568,#1787);
#1265=LINE('',#7570,#1788);
#1266=LINE('',#7571,#1789);
#1267=LINE('',#7574,#1790);
#1268=LINE('',#7576,#1791);
#1269=LINE('',#7577,#1792);
#1270=LINE('',#7579,#1793);
#1271=LINE('',#7580,#1794);
#1272=LINE('',#7586,#1795);
#1273=LINE('',#7590,#1796);
#1274=LINE('',#7594,#1797);
#1275=LINE('',#7596,#1798);
#1276=LINE('',#7598,#1799);
#1277=LINE('',#7599,#1800);
#1278=LINE('',#7602,#1801);
#1279=LINE('',#7603,#1802);
#1280=LINE('',#7606,#1803);
#1281=LINE('',#7608,#1804);
#1282=LINE('',#7609,#1805);
#1283=LINE('',#7614,#1806);
#1284=LINE('',#7620,#1807);
#1285=LINE('',#7626,#1808);
#1286=LINE('',#7630,#1809);
#1287=LINE('',#7632,#1810);
#1288=LINE('',#7633,#1811);
#1289=LINE('',#7636,#1812);
#1290=LINE('',#7638,#1813);
#1291=LINE('',#7639,#1814);
#1292=LINE('',#7641,#1815);
#1293=LINE('',#7642,#1816);
#1294=LINE('',#7648,#1817);
#1295=LINE('',#7650,#1818);
#1296=LINE('',#7652,#1819);
#1297=LINE('',#7653,#1820);
#1298=LINE('',#7656,#1821);
#1299=LINE('',#7658,#1822);
#1300=LINE('',#7659,#1823);
#1301=LINE('',#7662,#1824);
#1302=LINE('',#7664,#1825);
#1303=LINE('',#7665,#1826);
#1304=LINE('',#7667,#1827);
#1305=LINE('',#7668,#1828);
#1306=LINE('',#7676,#1829);
#1307=LINE('',#7681,#1830);
#1308=LINE('',#7683,#1831);
#1309=LINE('',#7685,#1832);
#1310=LINE('',#7686,#1833);
#1311=LINE('',#7689,#1834);
#1312=LINE('',#7691,#1835);
#1313=LINE('',#7692,#1836);
#1314=LINE('',#7695,#1837);
#1315=LINE('',#7697,#1838);
#1316=LINE('',#7698,#1839);
#1317=LINE('',#7700,#1840);
#1318=LINE('',#7701,#1841);
#1319=LINE('',#7709,#1842);
#1320=LINE('',#7714,#1843);
#1321=LINE('',#7716,#1844);
#1322=LINE('',#7718,#1845);
#1323=LINE('',#7719,#1846);
#1324=LINE('',#7722,#1847);
#1325=LINE('',#7724,#1848);
#1326=LINE('',#7725,#1849);
#1327=LINE('',#7728,#1850);
#1328=LINE('',#7730,#1851);
#1329=LINE('',#7731,#1852);
#1330=LINE('',#7733,#1853);
#1331=LINE('',#7734,#1854);
#1332=LINE('',#7742,#1855);
#1333=LINE('',#7747,#1856);
#1334=LINE('',#7749,#1857);
#1335=LINE('',#7751,#1858);
#1336=LINE('',#7752,#1859);
#1337=LINE('',#7755,#1860);
#1338=LINE('',#7757,#1861);
#1339=LINE('',#7758,#1862);
#1340=LINE('',#7761,#1863);
#1341=LINE('',#7763,#1864);
#1342=LINE('',#7764,#1865);
#1343=LINE('',#7766,#1866);
#1344=LINE('',#7767,#1867);
#1345=LINE('',#7775,#1868);
#1346=LINE('',#7780,#1869);
#1347=LINE('',#7782,#1870);
#1348=LINE('',#7784,#1871);
#1349=LINE('',#7785,#1872);
#1350=LINE('',#7788,#1873);
#1351=LINE('',#7790,#1874);
#1352=LINE('',#7791,#1875);
#1353=LINE('',#7794,#1876);
#1354=LINE('',#7796,#1877);
#1355=LINE('',#7797,#1878);
#1356=LINE('',#7799,#1879);
#1357=LINE('',#7800,#1880);
#1358=LINE('',#7808,#1881);
#1359=LINE('',#7815,#1882);
#1360=LINE('',#7820,#1883);
#1361=LINE('',#7822,#1884);
#1362=LINE('',#7824,#1885);
#1363=LINE('',#7825,#1886);
#1364=LINE('',#7828,#1887);
#1365=LINE('',#7830,#1888);
#1366=LINE('',#7831,#1889);
#1367=LINE('',#7834,#1890);
#1368=LINE('',#7836,#1891);
#1369=LINE('',#7837,#1892);
#1370=LINE('',#7839,#1893);
#1371=LINE('',#7840,#1894);
#1372=LINE('',#7846,#1895);
#1373=LINE('',#7848,#1896);
#1374=LINE('',#7850,#1897);
#1375=LINE('',#7851,#1898);
#1376=LINE('',#7854,#1899);
#1377=LINE('',#7856,#1900);
#1378=LINE('',#7857,#1901);
#1379=LINE('',#7860,#1902);
#1380=LINE('',#7862,#1903);
#1381=LINE('',#7863,#1904);
#1382=LINE('',#7865,#1905);
#1383=LINE('',#7866,#1906);
#1384=LINE('',#7874,#1907);
#1385=LINE('',#7880,#1908);
#1386=LINE('',#7887,#1909);
#1387=LINE('',#7891,#1910);
#1388=LINE('',#7895,#1911);
#1389=LINE('',#7897,#1912);
#1390=LINE('',#7901,#1913);
#1391=LINE('',#7902,#1914);
#1392=LINE('',#7905,#1915);
#1393=LINE('',#7909,#1916);
#1394=LINE('',#7911,#1917);
#1395=LINE('',#7913,#1918);
#1396=LINE('',#7915,#1919);
#1397=LINE('',#7917,#1920);
#1398=LINE('',#7919,#1921);
#1399=LINE('',#7921,#1922);
#1400=LINE('',#7923,#1923);
#1401=LINE('',#7924,#1924);
#1402=LINE('',#7929,#1925);
#1403=LINE('',#7933,#1926);
#1404=LINE('',#7937,#1927);
#1405=LINE('',#7938,#1928);
#1406=LINE('',#7943,#1929);
#1407=LINE('',#7945,#1930);
#1408=LINE('',#7946,#1931);
#1409=LINE('',#7949,#1932);
#1410=LINE('',#7950,#1933);
#1411=LINE('',#7953,#1934);
#1412=LINE('',#7954,#1935);
#1413=LINE('',#7956,#1936);
#1414=LINE('',#7963,#1937);
#1415=LINE('',#7966,#1938);
#1416=LINE('',#7969,#1939);
#1417=LINE('',#7971,#1940);
#1418=LINE('',#7972,#1941);
#1419=LINE('',#7978,#1942);
#1420=LINE('',#7981,#1943);
#1421=LINE('',#7983,#1944);
#1422=LINE('',#7984,#1945);
#1423=LINE('',#7987,#1946);
#1424=LINE('',#7989,#1947);
#1425=LINE('',#7990,#1948);
#1426=LINE('',#7993,#1949);
#1427=LINE('',#7995,#1950);
#1428=LINE('',#7997,#1951);
#1429=LINE('',#8001,#1952);
#1430=LINE('',#8003,#1953);
#1431=LINE('',#8004,#1954);
#1432=LINE('',#8007,#1955);
#1433=LINE('',#8010,#1956);
#1434=LINE('',#8014,#1957);
#1435=LINE('',#8018,#1958);
#1436=LINE('',#8021,#1959);
#1437=LINE('',#8023,#1960);
#1438=LINE('',#8028,#1961);
#1439=LINE('',#8037,#1962);
#1440=LINE('',#8038,#1963);
#1441=LINE('',#8043,#1964);
#1442=LINE('',#8045,#1965);
#1443=LINE('',#8046,#1966);
#1444=LINE('',#8048,#1967);
#1445=LINE('',#8050,#1968);
#1446=LINE('',#8052,#1969);
#1447=LINE('',#8054,#1970);
#1448=LINE('',#8055,#1971);
#1449=LINE('',#8058,#1972);
#1450=LINE('',#8060,#1973);
#1451=LINE('',#8061,#1974);
#1452=LINE('',#8064,#1975);
#1453=LINE('',#8068,#1976);
#1454=LINE('',#8083,#1977);
#1455=LINE('',#8087,#1978);
#1456=LINE('',#8088,#1979);
#1457=LINE('',#8089,#1980);
#1458=LINE('',#8091,#1981);
#1459=LINE('',#8094,#1982);
#1460=LINE('',#8095,#1983);
#1461=LINE('',#8099,#1984);
#1462=LINE('',#8103,#1985);
#1463=LINE('',#8108,#1986);
#1464=LINE('',#8113,#1987);
#1465=LINE('',#8119,#1988);
#1466=LINE('',#8134,#1989);
#1467=LINE('',#8137,#1990);
#1468=LINE('',#8139,#1991);
#1469=LINE('',#8201,#1992);
#1470=LINE('',#8207,#1993);
#1471=LINE('',#8212,#1994);
#1472=LINE('',#8217,#1995);
#1473=LINE('',#8223,#1996);
#1474=LINE('',#8230,#1997);
#1475=LINE('',#8232,#1998);
#1476=LINE('',#8234,#1999);
#1477=LINE('',#8235,#2000);
#1478=LINE('',#8241,#2001);
#1479=LINE('',#8244,#2002);
#1480=LINE('',#8246,#2003);
#1481=LINE('',#8247,#2004);
#1482=LINE('',#8253,#2005);
#1483=LINE('',#8256,#2006);
#1484=LINE('',#8258,#2007);
#1485=LINE('',#8259,#2008);
#1486=LINE('',#8264,#2009);
#1487=LINE('',#8268,#2010);
#1488=LINE('',#8270,#2011);
#1489=LINE('',#8271,#2012);
#1490=LINE('',#8281,#2013);
#1491=LINE('',#8285,#2014);
#1492=LINE('',#8289,#2015);
#1493=LINE('',#8292,#2016);
#1494=LINE('',#8295,#2017);
#1495=LINE('',#8297,#2018);
#1496=LINE('',#8298,#2019);
#1497=LINE('',#8301,#2020);
#1498=LINE('',#8305,#2021);
#1499=LINE('',#8306,#2022);
#1500=LINE('',#8309,#2023);
#1501=LINE('',#8314,#2024);
#1502=LINE('',#8317,#2025);
#1503=LINE('',#8318,#2026);
#1504=LINE('',#8322,#2027);
#1505=LINE('',#8324,#2028);
#1506=VECTOR('',#5459,10.);
#1507=VECTOR('',#5462,10.);
#1508=VECTOR('',#5465,10.);
#1509=VECTOR('',#5466,10.);
#1510=VECTOR('',#5467,10.);
#1511=VECTOR('',#5470,10.);
#1512=VECTOR('',#5471,10.);
#1513=VECTOR('',#5472,10.);
#1514=VECTOR('',#5473,10.);
#1515=VECTOR('',#5480,10.);
#1516=VECTOR('',#5483,10.);
#1517=VECTOR('',#5484,10.);
#1518=VECTOR('',#5487,10.);
#1519=VECTOR('',#5488,10.);
#1520=VECTOR('',#5489,10.);
#1521=VECTOR('',#5490,10.);
#1522=VECTOR('',#5491,10.);
#1523=VECTOR('',#5492,10.);
#1524=VECTOR('',#5493,10.);
#1525=VECTOR('',#5494,10.);
#1526=VECTOR('',#5495,10.);
#1527=VECTOR('',#5496,10.);
#1528=VECTOR('',#5499,10.);
#1529=VECTOR('',#5502,10.);
#1530=VECTOR('',#5505,10.);
#1531=VECTOR('',#5508,10.);
#1532=VECTOR('',#5513,10.);
#1533=VECTOR('',#5516,10.);
#1534=VECTOR('',#5519,10.);
#1535=VECTOR('',#5520,10.);
#1536=VECTOR('',#5525,10.);
#1537=VECTOR('',#5528,10.);
#1538=VECTOR('',#5529,10.);
#1539=VECTOR('',#5530,10.);
#1540=VECTOR('',#5531,10.);
#1541=VECTOR('',#5532,10.);
#1542=VECTOR('',#5533,10.);
#1543=VECTOR('',#5534,10.);
#1544=VECTOR('',#5535,10.);
#1545=VECTOR('',#5536,10.);
#1546=VECTOR('',#5537,10.);
#1547=VECTOR('',#5538,10.);
#1548=VECTOR('',#5539,10.);
#1549=VECTOR('',#5540,10.);
#1550=VECTOR('',#5541,10.);
#1551=VECTOR('',#5542,10.);
#1552=VECTOR('',#5543,10.);
#1553=VECTOR('',#5544,10.);
#1554=VECTOR('',#5545,10.);
#1555=VECTOR('',#5546,10.);
#1556=VECTOR('',#5547,10.);
#1557=VECTOR('',#5548,10.);
#1558=VECTOR('',#5549,10.);
#1559=VECTOR('',#5550,10.);
#1560=VECTOR('',#5551,10.);
#1561=VECTOR('',#5552,10.);
#1562=VECTOR('',#5553,10.);
#1563=VECTOR('',#5554,10.);
#1564=VECTOR('',#5555,10.);
#1565=VECTOR('',#5556,10.);
#1566=VECTOR('',#5557,10.);
#1567=VECTOR('',#5558,10.);
#1568=VECTOR('',#5559,10.);
#1569=VECTOR('',#5560,10.);
#1570=VECTOR('',#5561,10.);
#1571=VECTOR('',#5562,10.);
#1572=VECTOR('',#5563,10.);
#1573=VECTOR('',#5564,10.);
#1574=VECTOR('',#5565,10.);
#1575=VECTOR('',#5566,10.);
#1576=VECTOR('',#5567,10.);
#1577=VECTOR('',#5568,10.);
#1578=VECTOR('',#5581,10.);
#1579=VECTOR('',#5582,10.);
#1580=VECTOR('',#5583,10.);
#1581=VECTOR('',#5584,10.);
#1582=VECTOR('',#5603,10.);
#1583=VECTOR('',#5604,10.);
#1584=VECTOR('',#5607,10.);
#1585=VECTOR('',#5608,10.);
#1586=VECTOR('',#5629,2.);
#1587=VECTOR('',#5636,2.);
#1588=VECTOR('',#5643,2.);
#1589=VECTOR('',#5650,2.);
#1590=VECTOR('',#5657,2.);
#1591=VECTOR('',#5664,2.);
#1592=VECTOR('',#5671,2.);
#1593=VECTOR('',#5678,2.);
#1594=VECTOR('',#5687,2.125);
#1595=VECTOR('',#5692,2.125);
#1596=VECTOR('',#5695,10.);
#1597=VECTOR('',#5696,10.);
#1598=VECTOR('',#5697,10.);
#1599=VECTOR('',#5700,10.);
#1600=VECTOR('',#5701,10.);
#1601=VECTOR('',#5704,10.);
#1602=VECTOR('',#5705,10.);
#1603=VECTOR('',#5708,10.);
#1604=VECTOR('',#5713,6.50000009685753);
#1605=VECTOR('',#5716,1.79999928921543);
#1606=VECTOR('',#5719,1.49999996647239);
#1607=VECTOR('',#5724,1.79999995976686);
#1608=VECTOR('',#5727,1.49999964982369);
#1609=VECTOR('',#5732,1.79999995976686);
#1610=VECTOR('',#5735,10.);
#1611=VECTOR('',#5736,10.);
#1612=VECTOR('',#5739,10.);
#1613=VECTOR('',#5740,10.);
#1614=VECTOR('',#5741,10.);
#1615=VECTOR('',#5744,10.);
#1616=VECTOR('',#5747,10.);
#1617=VECTOR('',#5748,10.);
#1618=VECTOR('',#5751,10.);
#1619=VECTOR('',#5752,10.);
#1620=VECTOR('',#5753,10.);
#1621=VECTOR('',#5754,10.);
#1622=VECTOR('',#5757,10.);
#1623=VECTOR('',#5758,10.);
#1624=VECTOR('',#5761,10.);
#1625=VECTOR('',#5762,10.);
#1626=VECTOR('',#5763,10.);
#1627=VECTOR('',#5764,10.);
#1628=VECTOR('',#5765,10.);
#1629=VECTOR('',#5766,10.);
#1630=VECTOR('',#5769,10.);
#1631=VECTOR('',#5770,10.);
#1632=VECTOR('',#5773,10.);
#1633=VECTOR('',#5774,10.);
#1634=VECTOR('',#5777,10.);
#1635=VECTOR('',#5778,10.);
#1636=VECTOR('',#5779,10.);
#1637=VECTOR('',#5782,10.);
#1638=VECTOR('',#5783,10.);
#1639=VECTOR('',#5784,10.);
#1640=VECTOR('',#5785,10.);
#1641=VECTOR('',#5786,10.);
#1642=VECTOR('',#5787,10.);
#1643=VECTOR('',#5788,10.);
#1644=VECTOR('',#5789,10.);
#1645=VECTOR('',#5790,10.);
#1646=VECTOR('',#5791,10.);
#1647=VECTOR('',#5792,10.);
#1648=VECTOR('',#5793,10.);
#1649=VECTOR('',#5794,10.);
#1650=VECTOR('',#5795,10.);
#1651=VECTOR('',#5796,10.);
#1652=VECTOR('',#5797,10.);
#1653=VECTOR('',#5798,10.);
#1654=VECTOR('',#5799,10.);
#1655=VECTOR('',#5800,10.);
#1656=VECTOR('',#5801,10.);
#1657=VECTOR('',#5802,10.);
#1658=VECTOR('',#5803,10.);
#1659=VECTOR('',#5804,10.);
#1660=VECTOR('',#5805,10.);
#1661=VECTOR('',#5806,10.);
#1662=VECTOR('',#5809,10.);
#1663=VECTOR('',#5810,10.);
#1664=VECTOR('',#5811,10.);
#1665=VECTOR('',#5814,10.);
#1666=VECTOR('',#5817,10.);
#1667=VECTOR('',#5822,10.);
#1668=VECTOR('',#5823,10.);
#1669=VECTOR('',#5824,10.);
#1670=VECTOR('',#5827,10.);
#1671=VECTOR('',#5830,10.);
#1672=VECTOR('',#5835,10.);
#1673=VECTOR('',#5836,10.);
#1674=VECTOR('',#5837,10.);
#1675=VECTOR('',#5840,10.);
#1676=VECTOR('',#5843,10.);
#1677=VECTOR('',#5848,10.);
#1678=VECTOR('',#5849,10.);
#1679=VECTOR('',#5850,10.);
#1680=VECTOR('',#5853,10.);
#1681=VECTOR('',#5856,10.);
#1682=VECTOR('',#5861,10.);
#1683=VECTOR('',#5862,10.);
#1684=VECTOR('',#5863,10.);
#1685=VECTOR('',#5866,10.);
#1686=VECTOR('',#5869,10.);
#1687=VECTOR('',#5874,10.);
#1688=VECTOR('',#5875,10.);
#1689=VECTOR('',#5876,10.);
#1690=VECTOR('',#5879,10.);
#1691=VECTOR('',#5882,10.);
#1692=VECTOR('',#5887,10.);
#1693=VECTOR('',#5888,10.);
#1694=VECTOR('',#5889,10.);
#1695=VECTOR('',#5892,10.);
#1696=VECTOR('',#5895,10.);
#1697=VECTOR('',#5900,10.);
#1698=VECTOR('',#5901,10.);
#1699=VECTOR('',#5902,10.);
#1700=VECTOR('',#5905,10.);
#1701=VECTOR('',#5908,10.);
#1702=VECTOR('',#5913,10.);
#1703=VECTOR('',#5914,10.);
#1704=VECTOR('',#5917,10.);
#1705=VECTOR('',#5922,10.);
#1706=VECTOR('',#5925,10.);
#1707=VECTOR('',#5928,10.);
#1708=VECTOR('',#5931,10.);
#1709=VECTOR('',#5932,10.);
#1710=VECTOR('',#5935,10.);
#1711=VECTOR('',#5936,10.);
#1712=VECTOR('',#5943,1.50000002235174);
#1713=VECTOR('',#5950,1.50000002235174);
#1714=VECTOR('',#5957,1.50000002235174);
#1715=VECTOR('',#5960,10.);
#1716=VECTOR('',#5961,10.);
#1717=VECTOR('',#5964,10.);
#1718=VECTOR('',#5973,10.);
#1719=VECTOR('',#5974,10.);
#1720=VECTOR('',#5975,10.);
#1721=VECTOR('',#5976,10.);
#1722=VECTOR('',#5979,10.);
#1723=VECTOR('',#5980,10.);
#1724=VECTOR('',#5981,10.);
#1725=VECTOR('',#5984,10.);
#1726=VECTOR('',#5985,10.);
#1727=VECTOR('',#5988,10.);
#1728=VECTOR('',#5989,10.);
#1729=VECTOR('',#5992,10.);
#1730=VECTOR('',#5997,10.);
#1731=VECTOR('',#6008,6.5);
#1732=VECTOR('',#6017,2.);
#1733=VECTOR('',#6022,10.);
#1734=VECTOR('',#6023,10.);
#1735=VECTOR('',#6024,10.);
#1736=VECTOR('',#6025,10.);
#1737=VECTOR('',#6028,10.);
#1738=VECTOR('',#6029,10.);
#1739=VECTOR('',#6030,10.);
#1740=VECTOR('',#6033,10.);
#1741=VECTOR('',#6034,10.);
#1742=VECTOR('',#6035,10.);
#1743=VECTOR('',#6038,10.);
#1744=VECTOR('',#6039,10.);
#1745=VECTOR('',#6050,2.);
#1746=VECTOR('',#6055,10.);
#1747=VECTOR('',#6056,10.);
#1748=VECTOR('',#6057,10.);
#1749=VECTOR('',#6058,10.);
#1750=VECTOR('',#6061,10.);
#1751=VECTOR('',#6062,10.);
#1752=VECTOR('',#6063,10.);
#1753=VECTOR('',#6066,10.);
#1754=VECTOR('',#6067,10.);
#1755=VECTOR('',#6068,10.);
#1756=VECTOR('',#6071,10.);
#1757=VECTOR('',#6072,10.);
#1758=VECTOR('',#6083,2.);
#1759=VECTOR('',#6088,10.);
#1760=VECTOR('',#6089,10.);
#1761=VECTOR('',#6090,10.);
#1762=VECTOR('',#6091,10.);
#1763=VECTOR('',#6094,10.);
#1764=VECTOR('',#6095,10.);
#1765=VECTOR('',#6096,10.);
#1766=VECTOR('',#6099,10.);
#1767=VECTOR('',#6100,10.);
#1768=VECTOR('',#6101,10.);
#1769=VECTOR('',#6104,10.);
#1770=VECTOR('',#6105,10.);
#1771=VECTOR('',#6112,10.);
#1772=VECTOR('',#6113,10.);
#1773=VECTOR('',#6114,10.);
#1774=VECTOR('',#6115,10.);
#1775=VECTOR('',#6118,10.);
#1776=VECTOR('',#6119,10.);
#1777=VECTOR('',#6120,10.);
#1778=VECTOR('',#6123,10.);
#1779=VECTOR('',#6124,10.);
#1780=VECTOR('',#6125,10.);
#1781=VECTOR('',#6128,10.);
#1782=VECTOR('',#6129,10.);
#1783=VECTOR('',#6134,10.);
#1784=VECTOR('',#6135,10.);
#1785=VECTOR('',#6136,10.);
#1786=VECTOR('',#6137,10.);
#1787=VECTOR('',#6140,10.);
#1788=VECTOR('',#6141,10.);
#1789=VECTOR('',#6142,10.);
#1790=VECTOR('',#6145,10.);
#1791=VECTOR('',#6146,10.);
#1792=VECTOR('',#6147,10.);
#1793=VECTOR('',#6150,10.);
#1794=VECTOR('',#6151,10.);
#1795=VECTOR('',#6158,10.);
#1796=VECTOR('',#6161,10.);
#1797=VECTOR('',#6166,10.);
#1798=VECTOR('',#6167,10.);
#1799=VECTOR('',#6168,10.);
#1800=VECTOR('',#6169,10.);
#1801=VECTOR('',#6172,10.);
#1802=VECTOR('',#6173,10.);
#1803=VECTOR('',#6176,10.);
#1804=VECTOR('',#6177,10.);
#1805=VECTOR('',#6178,10.);
#1806=VECTOR('',#6183,1.50000033900239);
#1807=VECTOR('',#6190,1.49999996647239);
#1808=VECTOR('',#6197,1.79999995976686);
#1809=VECTOR('',#6202,10.);
#1810=VECTOR('',#6203,10.);
#1811=VECTOR('',#6204,10.);
#1812=VECTOR('',#6207,10.);
#1813=VECTOR('',#6208,10.);
#1814=VECTOR('',#6209,10.);
#1815=VECTOR('',#6212,10.);
#1816=VECTOR('',#6213,10.);
#1817=VECTOR('',#6220,10.);
#1818=VECTOR('',#6221,10.);
#1819=VECTOR('',#6222,10.);
#1820=VECTOR('',#6223,10.);
#1821=VECTOR('',#6226,10.);
#1822=VECTOR('',#6227,10.);
#1823=VECTOR('',#6228,10.);
#1824=VECTOR('',#6231,10.);
#1825=VECTOR('',#6232,10.);
#1826=VECTOR('',#6233,10.);
#1827=VECTOR('',#6236,10.);
#1828=VECTOR('',#6237,10.);
#1829=VECTOR('',#6248,2.);
#1830=VECTOR('',#6253,10.);
#1831=VECTOR('',#6254,10.);
#1832=VECTOR('',#6255,10.);
#1833=VECTOR('',#6256,10.);
#1834=VECTOR('',#6259,10.);
#1835=VECTOR('',#6260,10.);
#1836=VECTOR('',#6261,10.);
#1837=VECTOR('',#6264,10.);
#1838=VECTOR('',#6265,10.);
#1839=VECTOR('',#6266,10.);
#1840=VECTOR('',#6269,10.);
#1841=VECTOR('',#6270,10.);
#1842=VECTOR('',#6281,2.);
#1843=VECTOR('',#6286,10.);
#1844=VECTOR('',#6287,10.);
#1845=VECTOR('',#6288,10.);
#1846=VECTOR('',#6289,10.);
#1847=VECTOR('',#6292,10.);
#1848=VECTOR('',#6293,10.);
#1849=VECTOR('',#6294,10.);
#1850=VECTOR('',#6297,10.);
#1851=VECTOR('',#6298,10.);
#1852=VECTOR('',#6299,10.);
#1853=VECTOR('',#6302,10.);
#1854=VECTOR('',#6303,10.);
#1855=VECTOR('',#6314,2.);
#1856=VECTOR('',#6319,10.);
#1857=VECTOR('',#6320,10.);
#1858=VECTOR('',#6321,10.);
#1859=VECTOR('',#6322,10.);
#1860=VECTOR('',#6325,10.);
#1861=VECTOR('',#6326,10.);
#1862=VECTOR('',#6327,10.);
#1863=VECTOR('',#6330,10.);
#1864=VECTOR('',#6331,10.);
#1865=VECTOR('',#6332,10.);
#1866=VECTOR('',#6335,10.);
#1867=VECTOR('',#6336,10.);
#1868=VECTOR('',#6347,2.);
#1869=VECTOR('',#6352,10.);
#1870=VECTOR('',#6353,10.);
#1871=VECTOR('',#6354,10.);
#1872=VECTOR('',#6355,10.);
#1873=VECTOR('',#6358,10.);
#1874=VECTOR('',#6359,10.);
#1875=VECTOR('',#6360,10.);
#1876=VECTOR('',#6363,10.);
#1877=VECTOR('',#6364,10.);
#1878=VECTOR('',#6365,10.);
#1879=VECTOR('',#6368,10.);
#1880=VECTOR('',#6369,10.);
#1881=VECTOR('',#6380,2.);
#1882=VECTOR('',#6389,2.);
#1883=VECTOR('',#6394,10.);
#1884=VECTOR('',#6395,10.);
#1885=VECTOR('',#6396,10.);
#1886=VECTOR('',#6397,10.);
#1887=VECTOR('',#6400,10.);
#1888=VECTOR('',#6401,10.);
#1889=VECTOR('',#6402,10.);
#1890=VECTOR('',#6405,10.);
#1891=VECTOR('',#6406,10.);
#1892=VECTOR('',#6407,10.);
#1893=VECTOR('',#6410,10.);
#1894=VECTOR('',#6411,10.);
#1895=VECTOR('',#6418,10.);
#1896=VECTOR('',#6419,10.);
#1897=VECTOR('',#6420,10.);
#1898=VECTOR('',#6421,10.);
#1899=VECTOR('',#6424,10.);
#1900=VECTOR('',#6425,10.);
#1901=VECTOR('',#6426,10.);
#1902=VECTOR('',#6429,10.);
#1903=VECTOR('',#6430,10.);
#1904=VECTOR('',#6431,10.);
#1905=VECTOR('',#6434,10.);
#1906=VECTOR('',#6435,10.);
#1907=VECTOR('',#6446,2.);
#1908=VECTOR('',#6453,9.);
#1909=VECTOR('',#6462,10.);
#1910=VECTOR('',#6465,10.);
#1911=VECTOR('',#6470,10.);
#1912=VECTOR('',#6471,10.);
#1913=VECTOR('',#6476,10.);
#1914=VECTOR('',#6477,10.);
#1915=VECTOR('',#6480,10.);
#1916=VECTOR('',#6485,10.);
#1917=VECTOR('',#6486,10.);
#1918=VECTOR('',#6487,10.);
#1919=VECTOR('',#6488,10.);
#1920=VECTOR('',#6489,10.);
#1921=VECTOR('',#6490,10.);
#1922=VECTOR('',#6491,10.);
#1923=VECTOR('',#6492,10.);
#1924=VECTOR('',#6493,10.);
#1925=VECTOR('',#6498,10.);
#1926=VECTOR('',#6503,10.);
#1927=VECTOR('',#6508,10.);
#1928=VECTOR('',#6509,10.);
#1929=VECTOR('',#6516,10.);
#1930=VECTOR('',#6517,10.);
#1931=VECTOR('',#6518,10.);
#1932=VECTOR('',#6521,10.);
#1933=VECTOR('',#6522,10.);
#1934=VECTOR('',#6525,10.);
#1935=VECTOR('',#6526,10.);
#1936=VECTOR('',#6529,10.);
#1937=VECTOR('',#6536,10.);
#1938=VECTOR('',#6539,10.);
#1939=VECTOR('',#6542,10.);
#1940=VECTOR('',#6543,10.);
#1941=VECTOR('',#6544,10.);
#1942=VECTOR('',#6551,10.);
#1943=VECTOR('',#6554,10.);
#1944=VECTOR('',#6555,10.);
#1945=VECTOR('',#6556,10.);
#1946=VECTOR('',#6559,10.);
#1947=VECTOR('',#6560,10.);
#1948=VECTOR('',#6561,10.);
#1949=VECTOR('',#6564,10.);
#1950=VECTOR('',#6565,10.);
#1951=VECTOR('',#6566,10.);
#1952=VECTOR('',#6569,10.);
#1953=VECTOR('',#6570,10.);
#1954=VECTOR('',#6571,10.);
#1955=VECTOR('',#6574,20.);
#1956=VECTOR('',#6577,10.);
#1957=VECTOR('',#6580,10.);
#1958=VECTOR('',#6585,10.);
#1959=VECTOR('',#6588,10.);
#1960=VECTOR('',#6591,10.);
#1961=VECTOR('',#6596,3.00000004470348);
#1962=VECTOR('',#6607,10.);
#1963=VECTOR('',#6608,10.);
#1964=VECTOR('',#6613,10.);
#1965=VECTOR('',#6614,10.);
#1966=VECTOR('',#6615,10.);
#1967=VECTOR('',#6616,10.);
#1968=VECTOR('',#6617,10.);
#1969=VECTOR('',#6618,10.);
#1970=VECTOR('',#6619,10.);
#1971=VECTOR('',#6620,10.);
#1972=VECTOR('',#6623,10.);
#1973=VECTOR('',#6624,10.);
#1974=VECTOR('',#6625,10.);
#1975=VECTOR('',#6628,10.);
#1976=VECTOR('',#6631,10.);
#1977=VECTOR('',#6632,10.);
#1978=VECTOR('',#6637,10.);
#1979=VECTOR('',#6638,10.);
#1980=VECTOR('',#6639,10.);
#1981=VECTOR('',#6642,10.);
#1982=VECTOR('',#6645,10.);
#1983=VECTOR('',#6646,10.);
#1984=VECTOR('',#6651,3.00000004470348);
#1985=VECTOR('',#6656,1.50000002235174);
#1986=VECTOR('',#6661,3.00000004470348);
#1987=VECTOR('',#6668,3.50000005215406);
#1988=VECTOR('',#6675,10.);
#1989=VECTOR('',#6676,10.);
#1990=VECTOR('',#6681,10.);
#1991=VECTOR('',#6684,10.);
#1992=VECTOR('',#6703,2.9);
#1993=VECTOR('',#6712,1.50000033900239);
#1994=VECTOR('',#6719,3.00000004470348);
#1995=VECTOR('',#6724,1.5);
#1996=VECTOR('',#6731,3.00000004470348);
#1997=VECTOR('',#6740,10.);
#1998=VECTOR('',#6741,10.);
#1999=VECTOR('',#6742,10.);
#2000=VECTOR('',#6743,10.);
#2001=VECTOR('',#6750,10.);
#2002=VECTOR('',#6753,10.);
#2003=VECTOR('',#6754,10.);
#2004=VECTOR('',#6755,10.);
#2005=VECTOR('',#6762,10.);
#2006=VECTOR('',#6765,10.);
#2007=VECTOR('',#6766,10.);
#2008=VECTOR('',#6767,10.);
#2009=VECTOR('',#6772,10.);
#2010=VECTOR('',#6777,10.);
#2011=VECTOR('',#6778,10.);
#2012=VECTOR('',#6779,10.);
#2013=VECTOR('',#6792,10.);
#2014=VECTOR('',#6795,10.);
#2015=VECTOR('',#6798,10.);
#2016=VECTOR('',#6801,10.);
#2017=VECTOR('',#6804,10.);
#2018=VECTOR('',#6805,10.);
#2019=VECTOR('',#6806,10.);
#2020=VECTOR('',#6809,10.);
#2021=VECTOR('',#6814,10.);
#2022=VECTOR('',#6815,10.);
#2023=VECTOR('',#6818,10.);
#2024=VECTOR('',#6825,10.);
#2025=VECTOR('',#6828,10.);
#2026=VECTOR('',#6829,10.);
#2027=VECTOR('',#6834,10.);
#2028=VECTOR('',#6837,10.);
#2029=CIRCLE('',#5023,0.999999999978551);
#2030=CIRCLE('',#5024,0.999999999978551);
#2031=CIRCLE('',#5028,1.00000000000104);
#2032=CIRCLE('',#5029,1.00000000000104);
#2033=CIRCLE('',#5033,1.5);
#2034=CIRCLE('',#5034,2.5);
#2035=CIRCLE('',#5036,9.);
#2036=CIRCLE('',#5038,9.);
#2037=CIRCLE('',#5039,9.);
#2038=CIRCLE('',#5040,9.);
#2039=CIRCLE('',#5043,2.);
#2040=CIRCLE('',#5044,2.);
#2041=CIRCLE('',#5045,2.);
#2042=CIRCLE('',#5046,2.);
#2043=CIRCLE('',#5047,2.125);
#2044=CIRCLE('',#5048,2.125);
#2045=CIRCLE('',#5049,1.79999995976686);
#2046=CIRCLE('',#5050,1.79999995976686);
#2047=CIRCLE('',#5051,1.79999928921543);
#2048=CIRCLE('',#5052,6.50000009685753);
#2049=CIRCLE('',#5053,2.);
#2050=CIRCLE('',#5054,2.);
#2051=CIRCLE('',#5055,2.);
#2052=CIRCLE('',#5056,2.);
#2053=CIRCLE('',#5060,1.79999995976686);
#2054=CIRCLE('',#5061,1.49999964982369);
#2055=CIRCLE('',#5063,1.79999995976686);
#2056=CIRCLE('',#5064,1.49999996647239);
#2057=CIRCLE('',#5066,1.79999928921543);
#2058=CIRCLE('',#5067,1.50000002235174);
#2059=CIRCLE('',#5069,2.);
#2060=CIRCLE('',#5072,2.);
#2061=CIRCLE('',#5075,2.);
#2062=CIRCLE('',#5078,2.);
#2063=CIRCLE('',#5081,2.);
#2064=CIRCLE('',#5084,2.);
#2065=CIRCLE('',#5087,2.);
#2066=CIRCLE('',#5090,2.);
#2067=CIRCLE('',#5093,2.125);
#2068=CIRCLE('',#5095,2.125);
#2069=CIRCLE('',#5101,6.50000009685753);
#2070=CIRCLE('',#5104,1.50000002235174);
#2071=CIRCLE('',#5107,1.50000002235174);
#2072=CIRCLE('',#5114,1.5);
#2073=CIRCLE('',#5118,1.5);
#2074=CIRCLE('',#5155,2.5);
#2075=CIRCLE('',#5156,1.5);
#2076=CIRCLE('',#5161,1.50000002235174);
#2077=CIRCLE('',#5164,1.50000002235174);
#2078=CIRCLE('',#5167,1.50000002235174);
#2079=CIRCLE('',#5182,6.5);
#2080=CIRCLE('',#5183,6.5);
#2081=CIRCLE('',#5185,6.5);
#2082=CIRCLE('',#5188,2.);
#2083=CIRCLE('',#5190,2.);
#2084=CIRCLE('',#5198,2.);
#2085=CIRCLE('',#5200,2.);
#2086=CIRCLE('',#5208,2.);
#2087=CIRCLE('',#5210,2.);
#2088=CIRCLE('',#5229,9.);
#2089=CIRCLE('',#5230,9.);
#2090=CIRCLE('',#5235,1.50000033900239);
#2091=CIRCLE('',#5236,1.50000033900239);
#2092=CIRCLE('',#5238,1.49999996647239);
#2093=CIRCLE('',#5239,1.49999996647239);
#2094=CIRCLE('',#5241,1.79999995976686);
#2095=CIRCLE('',#5242,1.79999995976686);
#2096=CIRCLE('',#5254,2.);
#2097=CIRCLE('',#5256,2.);
#2098=CIRCLE('',#5264,2.);
#2099=CIRCLE('',#5266,2.);
#2100=CIRCLE('',#5274,2.);
#2101=CIRCLE('',#5276,2.);
#2102=CIRCLE('',#5284,2.);
#2103=CIRCLE('',#5286,2.);
#2104=CIRCLE('',#5294,2.);
#2105=CIRCLE('',#5296,2.);
#2106=CIRCLE('',#5299,2.);
#2107=CIRCLE('',#5301,2.);
#2108=CIRCLE('',#5314,2.);
#2109=CIRCLE('',#5316,2.);
#2110=CIRCLE('',#5319,9.);
#2111=CIRCLE('',#5320,9.);
#2112=CIRCLE('',#5324,1.);
#2113=CIRCLE('',#5325,1.00000000000001);
#2114=CIRCLE('',#5327,1.00000000000001);
#2115=CIRCLE('',#5330,1.);
#2116=CIRCLE('',#5333,0.999999999978551);
#2117=CIRCLE('',#5334,0.999999999997998);
#2118=CIRCLE('',#5336,0.999999999997998);
#2119=CIRCLE('',#5339,0.999999999978551);
#2120=CIRCLE('',#5346,0.999999999997998);
#2121=CIRCLE('',#5347,0.999999999997998);
#2122=CIRCLE('',#5350,1.00000000000977);
#2123=CIRCLE('',#5351,1.00000000000977);
#2124=CIRCLE('',#5355,20.);
#2125=CIRCLE('',#5357,20.);
#2126=CIRCLE('',#5359,9.);
#2127=CIRCLE('',#5361,9.);
#2128=CIRCLE('',#5364,3.00000004470348);
#2129=CIRCLE('',#5365,3.00000004470348);
#2130=CIRCLE('',#5367,3.50000005215406);
#2131=CIRCLE('',#5368,1.50000002235174);
#2132=CIRCLE('',#5370,3.00000004470348);
#2133=CIRCLE('',#5374,3.25);
#2134=CIRCLE('',#5375,3.);
#2135=CIRCLE('',#5380,3.00000004470348);
#2136=CIRCLE('',#5382,1.50000002235174);
#2137=CIRCLE('',#5384,3.00000004470348);
#2138=CIRCLE('',#5385,3.00000004470348);
#2139=CIRCLE('',#5388,3.50000005215406);
#2140=CIRCLE('',#5390,3.);
#2141=CIRCLE('',#5391,3.25);
#2142=CIRCLE('',#5399,3.00000004470348);
#2143=CIRCLE('',#5400,1.50000033900239);
#2144=CIRCLE('',#5402,2.9);
#2145=CIRCLE('',#5403,2.9);
#2146=CIRCLE('',#5405,1.50000033900239);
#2147=CIRCLE('',#5408,3.00000004470348);
#2148=CIRCLE('',#5411,1.5);
#2149=CIRCLE('',#5412,1.50000002235174);
#2150=CIRCLE('',#5414,3.00000004470348);
#2151=CIRCLE('',#5415,3.00000004470348);
#2152=CIRCLE('',#5420,1.);
#2153=CIRCLE('',#5421,1.);
#2154=CIRCLE('',#5424,1.00000000000001);
#2155=CIRCLE('',#5425,1.00000000000001);
#2156=CIRCLE('',#5428,0.999999999999996);
#2157=CIRCLE('',#5429,0.999999999999996);
#2158=CIRCLE('',#5432,1.);
#2159=CIRCLE('',#5433,1.);
#2160=CIRCLE('',#5436,0.999999999978551);
#2161=CIRCLE('',#5437,0.999999999997998);
#2162=CIRCLE('',#5438,1.00000000000977);
#2163=CIRCLE('',#5439,1.00000000000104);
#2164=CIRCLE('',#5442,0.999999999997998);
#2165=CIRCLE('',#5445,0.999999999978551);
#2166=CIRCLE('',#5447,1.00000000000977);
#2167=CIRCLE('',#5450,1.00000000000104);
#2168=VERTEX_POINT('',#6842);
#2169=VERTEX_POINT('',#6843);
#2170=VERTEX_POINT('',#6845);
#2171=VERTEX_POINT('',#6847);
#2172=VERTEX_POINT('',#6851);
#2173=VERTEX_POINT('',#6853);
#2174=VERTEX_POINT('',#6857);
#2175=VERTEX_POINT('',#6858);
#2176=VERTEX_POINT('',#6860);
#2177=VERTEX_POINT('',#6862);
#2178=VERTEX_POINT('',#6866);
#2179=VERTEX_POINT('',#6868);
#2180=VERTEX_POINT('',#6875);
#2181=VERTEX_POINT('',#6877);
#2182=VERTEX_POINT('',#6879);
#2183=VERTEX_POINT('',#6881);
#2184=VERTEX_POINT('',#6884);
#2185=VERTEX_POINT('',#6886);
#2186=VERTEX_POINT('',#6888);
#2187=VERTEX_POINT('',#6890);
#2188=VERTEX_POINT('',#6894);
#2189=VERTEX_POINT('',#6896);
#2190=VERTEX_POINT('',#6898);
#2191=VERTEX_POINT('',#6900);
#2192=VERTEX_POINT('',#6904);
#2193=VERTEX_POINT('',#6905);
#2194=VERTEX_POINT('',#6909);
#2195=VERTEX_POINT('',#6910);
#2196=VERTEX_POINT('',#6912);
#2197=VERTEX_POINT('',#6914);
#2198=VERTEX_POINT('',#6916);
#2199=VERTEX_POINT('',#6919);
#2200=VERTEX_POINT('',#6925);
#2201=VERTEX_POINT('',#6927);
#2202=VERTEX_POINT('',#6929);
#2203=VERTEX_POINT('',#6931);
#2204=VERTEX_POINT('',#6933);
#2205=VERTEX_POINT('',#6935);
#2206=VERTEX_POINT('',#6937);
#2207=VERTEX_POINT('',#6939);
#2208=VERTEX_POINT('',#6941);
#2209=VERTEX_POINT('',#6943);
#2210=VERTEX_POINT('',#6945);
#2211=VERTEX_POINT('',#6947);
#2212=VERTEX_POINT('',#6949);
#2213=VERTEX_POINT('',#6951);
#2214=VERTEX_POINT('',#6953);
#2215=VERTEX_POINT('',#6955);
#2216=VERTEX_POINT('',#6957);
#2217=VERTEX_POINT('',#6959);
#2218=VERTEX_POINT('',#6961);
#2219=VERTEX_POINT('',#6963);
#2220=VERTEX_POINT('',#6965);
#2221=VERTEX_POINT('',#6967);
#2222=VERTEX_POINT('',#6969);
#2223=VERTEX_POINT('',#6971);
#2224=VERTEX_POINT('',#6973);
#2225=VERTEX_POINT('',#6975);
#2226=VERTEX_POINT('',#6977);
#2227=VERTEX_POINT('',#6979);
#2228=VERTEX_POINT('',#6981);
#2229=VERTEX_POINT('',#6983);
#2230=VERTEX_POINT('',#6985);
#2231=VERTEX_POINT('',#6987);
#2232=VERTEX_POINT('',#6989);
#2233=VERTEX_POINT('',#6991);
#2234=VERTEX_POINT('',#6993);
#2235=VERTEX_POINT('',#6995);
#2236=VERTEX_POINT('',#6997);
#2237=VERTEX_POINT('',#6999);
#2238=VERTEX_POINT('',#7001);
#2239=VERTEX_POINT('',#7003);
#2240=VERTEX_POINT('',#7006);
#2241=VERTEX_POINT('',#7008);
#2242=VERTEX_POINT('',#7010);
#2243=VERTEX_POINT('',#7012);
#2244=VERTEX_POINT('',#7014);
#2245=VERTEX_POINT('',#7016);
#2246=VERTEX_POINT('',#7018);
#2247=VERTEX_POINT('',#7019);
#2248=VERTEX_POINT('',#7021);
#2249=VERTEX_POINT('',#7023);
#2250=VERTEX_POINT('',#7026);
#2251=VERTEX_POINT('',#7028);
#2252=VERTEX_POINT('',#7030);
#2253=VERTEX_POINT('',#7032);
#2254=VERTEX_POINT('',#7034);
#2255=VERTEX_POINT('',#7036);
#2256=VERTEX_POINT('',#7038);
#2257=VERTEX_POINT('',#7040);
#2258=VERTEX_POINT('',#7043);
#2259=VERTEX_POINT('',#7047);
#2260=VERTEX_POINT('',#7051);
#2261=VERTEX_POINT('',#7053);
#2262=VERTEX_POINT('',#7056);
#2263=VERTEX_POINT('',#7058);
#2264=VERTEX_POINT('',#7061);
#2265=VERTEX_POINT('',#7063);
#2266=VERTEX_POINT('',#7066);
#2267=VERTEX_POINT('',#7071);
#2268=VERTEX_POINT('',#7076);
#2269=VERTEX_POINT('',#7081);
#2270=VERTEX_POINT('',#7086);
#2271=VERTEX_POINT('',#7091);
#2272=VERTEX_POINT('',#7096);
#2273=VERTEX_POINT('',#7101);
#2274=VERTEX_POINT('',#7106);
#2275=VERTEX_POINT('',#7110);
#2276=VERTEX_POINT('',#7114);
#2277=VERTEX_POINT('',#7116);
#2278=VERTEX_POINT('',#7120);
#2279=VERTEX_POINT('',#7124);
#2280=VERTEX_POINT('',#7130);
#2281=VERTEX_POINT('',#7136);
#2282=VERTEX_POINT('',#7142);
#2283=VERTEX_POINT('',#7148);
#2284=VERTEX_POINT('',#7152);
#2285=VERTEX_POINT('',#7153);
#2286=VERTEX_POINT('',#7160);
#2287=VERTEX_POINT('',#7164);
#2288=VERTEX_POINT('',#7166);
#2289=VERTEX_POINT('',#7168);
#2290=VERTEX_POINT('',#7170);
#2291=VERTEX_POINT('',#7172);
#2292=VERTEX_POINT('',#7174);
#2293=VERTEX_POINT('',#7178);
#2294=VERTEX_POINT('',#7180);
#2295=VERTEX_POINT('',#7182);
#2296=VERTEX_POINT('',#7184);
#2297=VERTEX_POINT('',#7186);
#2298=VERTEX_POINT('',#7190);
#2299=VERTEX_POINT('',#7194);
#2300=VERTEX_POINT('',#7196);
#2301=VERTEX_POINT('',#7198);
#2302=VERTEX_POINT('',#7200);
#2303=VERTEX_POINT('',#7202);
#2304=VERTEX_POINT('',#7206);
#2305=VERTEX_POINT('',#7208);
#2306=VERTEX_POINT('',#7211);
#2307=VERTEX_POINT('',#7213);
#2308=VERTEX_POINT('',#7216);
#2309=VERTEX_POINT('',#7218);
#2310=VERTEX_POINT('',#7221);
#2311=VERTEX_POINT('',#7223);
#2312=VERTEX_POINT('',#7226);
#2313=VERTEX_POINT('',#7228);
#2314=VERTEX_POINT('',#7231);
#2315=VERTEX_POINT('',#7233);
#2316=VERTEX_POINT('',#7237);
#2317=VERTEX_POINT('',#7239);
#2318=VERTEX_POINT('',#7242);
#2319=VERTEX_POINT('',#7244);
#2320=VERTEX_POINT('',#7248);
#2321=VERTEX_POINT('',#7249);
#2322=VERTEX_POINT('',#7259);
#2323=VERTEX_POINT('',#7260);
#2324=VERTEX_POINT('',#7270);
#2325=VERTEX_POINT('',#7271);
#2326=VERTEX_POINT('',#7281);
#2327=VERTEX_POINT('',#7282);
#2328=VERTEX_POINT('',#7292);
#2329=VERTEX_POINT('',#7293);
#2330=VERTEX_POINT('',#7303);
#2331=VERTEX_POINT('',#7304);
#2332=VERTEX_POINT('',#7314);
#2333=VERTEX_POINT('',#7315);
#2334=VERTEX_POINT('',#7325);
#2335=VERTEX_POINT('',#7326);
#2336=VERTEX_POINT('',#7341);
#2337=VERTEX_POINT('',#7343);
#2338=VERTEX_POINT('',#7345);
#2339=VERTEX_POINT('',#7357);
#2340=VERTEX_POINT('',#7362);
#2341=VERTEX_POINT('',#7367);
#2342=VERTEX_POINT('',#7380);
#2343=VERTEX_POINT('',#7381);
#2344=VERTEX_POINT('',#7383);
#2345=VERTEX_POINT('',#7385);
#2346=VERTEX_POINT('',#7389);
#2347=VERTEX_POINT('',#7391);
#2348=VERTEX_POINT('',#7395);
#2349=VERTEX_POINT('',#7399);
#2350=VERTEX_POINT('',#7406);
#2351=VERTEX_POINT('',#7407);
#2352=VERTEX_POINT('',#7425);
#2353=VERTEX_POINT('',#7429);
#2354=VERTEX_POINT('',#7434);
#2355=VERTEX_POINT('',#7437);
#2356=VERTEX_POINT('',#7441);
#2357=VERTEX_POINT('',#7442);
#2358=VERTEX_POINT('',#7444);
#2359=VERTEX_POINT('',#7446);
#2360=VERTEX_POINT('',#7450);
#2361=VERTEX_POINT('',#7452);
#2362=VERTEX_POINT('',#7456);
#2363=VERTEX_POINT('',#7458);
#2364=VERTEX_POINT('',#7467);
#2365=VERTEX_POINT('',#7470);
#2366=VERTEX_POINT('',#7474);
#2367=VERTEX_POINT('',#7475);
#2368=VERTEX_POINT('',#7477);
#2369=VERTEX_POINT('',#7479);
#2370=VERTEX_POINT('',#7483);
#2371=VERTEX_POINT('',#7485);
#2372=VERTEX_POINT('',#7489);
#2373=VERTEX_POINT('',#7491);
#2374=VERTEX_POINT('',#7500);
#2375=VERTEX_POINT('',#7503);
#2376=VERTEX_POINT('',#7507);
#2377=VERTEX_POINT('',#7508);
#2378=VERTEX_POINT('',#7510);
#2379=VERTEX_POINT('',#7512);
#2380=VERTEX_POINT('',#7516);
#2381=VERTEX_POINT('',#7518);
#2382=VERTEX_POINT('',#7522);
#2383=VERTEX_POINT('',#7524);
#2384=VERTEX_POINT('',#7533);
#2385=VERTEX_POINT('',#7534);
#2386=VERTEX_POINT('',#7536);
#2387=VERTEX_POINT('',#7538);
#2388=VERTEX_POINT('',#7542);
#2389=VERTEX_POINT('',#7544);
#2390=VERTEX_POINT('',#7548);
#2391=VERTEX_POINT('',#7550);
#2392=VERTEX_POINT('',#7558);
#2393=VERTEX_POINT('',#7559);
#2394=VERTEX_POINT('',#7561);
#2395=VERTEX_POINT('',#7563);
#2396=VERTEX_POINT('',#7567);
#2397=VERTEX_POINT('',#7569);
#2398=VERTEX_POINT('',#7573);
#2399=VERTEX_POINT('',#7575);
#2400=VERTEX_POINT('',#7584);
#2401=VERTEX_POINT('',#7585);
#2402=VERTEX_POINT('',#7587);
#2403=VERTEX_POINT('',#7589);
#2404=VERTEX_POINT('',#7593);
#2405=VERTEX_POINT('',#7595);
#2406=VERTEX_POINT('',#7597);
#2407=VERTEX_POINT('',#7601);
#2408=VERTEX_POINT('',#7605);
#2409=VERTEX_POINT('',#7607);
#2410=VERTEX_POINT('',#7611);
#2411=VERTEX_POINT('',#7613);
#2412=VERTEX_POINT('',#7617);
#2413=VERTEX_POINT('',#7619);
#2414=VERTEX_POINT('',#7623);
#2415=VERTEX_POINT('',#7625);
#2416=VERTEX_POINT('',#7629);
#2417=VERTEX_POINT('',#7631);
#2418=VERTEX_POINT('',#7635);
#2419=VERTEX_POINT('',#7637);
#2420=VERTEX_POINT('',#7646);
#2421=VERTEX_POINT('',#7647);
#2422=VERTEX_POINT('',#7649);
#2423=VERTEX_POINT('',#7651);
#2424=VERTEX_POINT('',#7655);
#2425=VERTEX_POINT('',#7657);
#2426=VERTEX_POINT('',#7661);
#2427=VERTEX_POINT('',#7663);
#2428=VERTEX_POINT('',#7671);
#2429=VERTEX_POINT('',#7674);
#2430=VERTEX_POINT('',#7679);
#2431=VERTEX_POINT('',#7680);
#2432=VERTEX_POINT('',#7682);
#2433=VERTEX_POINT('',#7684);
#2434=VERTEX_POINT('',#7688);
#2435=VERTEX_POINT('',#7690);
#2436=VERTEX_POINT('',#7694);
#2437=VERTEX_POINT('',#7696);
#2438=VERTEX_POINT('',#7704);
#2439=VERTEX_POINT('',#7707);
#2440=VERTEX_POINT('',#7712);
#2441=VERTEX_POINT('',#7713);
#2442=VERTEX_POINT('',#7715);
#2443=VERTEX_POINT('',#7717);
#2444=VERTEX_POINT('',#7721);
#2445=VERTEX_POINT('',#7723);
#2446=VERTEX_POINT('',#7727);
#2447=VERTEX_POINT('',#7729);
#2448=VERTEX_POINT('',#7737);
#2449=VERTEX_POINT('',#7740);
#2450=VERTEX_POINT('',#7745);
#2451=VERTEX_POINT('',#7746);
#2452=VERTEX_POINT('',#7748);
#2453=VERTEX_POINT('',#7750);
#2454=VERTEX_POINT('',#7754);
#2455=VERTEX_POINT('',#7756);
#2456=VERTEX_POINT('',#7760);
#2457=VERTEX_POINT('',#7762);
#2458=VERTEX_POINT('',#7770);
#2459=VERTEX_POINT('',#7773);
#2460=VERTEX_POINT('',#7778);
#2461=VERTEX_POINT('',#7779);
#2462=VERTEX_POINT('',#7781);
#2463=VERTEX_POINT('',#7783);
#2464=VERTEX_POINT('',#7787);
#2465=VERTEX_POINT('',#7789);
#2466=VERTEX_POINT('',#7793);
#2467=VERTEX_POINT('',#7795);
#2468=VERTEX_POINT('',#7803);
#2469=VERTEX_POINT('',#7806);
#2470=VERTEX_POINT('',#7811);
#2471=VERTEX_POINT('',#7814);
#2472=VERTEX_POINT('',#7818);
#2473=VERTEX_POINT('',#7819);
#2474=VERTEX_POINT('',#7821);
#2475=VERTEX_POINT('',#7823);
#2476=VERTEX_POINT('',#7827);
#2477=VERTEX_POINT('',#7829);
#2478=VERTEX_POINT('',#7833);
#2479=VERTEX_POINT('',#7835);
#2480=VERTEX_POINT('',#7844);
#2481=VERTEX_POINT('',#7845);
#2482=VERTEX_POINT('',#7847);
#2483=VERTEX_POINT('',#7849);
#2484=VERTEX_POINT('',#7853);
#2485=VERTEX_POINT('',#7855);
#2486=VERTEX_POINT('',#7859);
#2487=VERTEX_POINT('',#7861);
#2488=VERTEX_POINT('',#7869);
#2489=VERTEX_POINT('',#7872);
#2490=VERTEX_POINT('',#7877);
#2491=VERTEX_POINT('',#7879);
#2492=VERTEX_POINT('',#7885);
#2493=VERTEX_POINT('',#7886);
#2494=VERTEX_POINT('',#7888);
#2495=VERTEX_POINT('',#7890);
#2496=VERTEX_POINT('',#7894);
#2497=VERTEX_POINT('',#7896);
#2498=VERTEX_POINT('',#7900);
#2499=VERTEX_POINT('',#7904);
#2500=VERTEX_POINT('',#7908);
#2501=VERTEX_POINT('',#7910);
#2502=VERTEX_POINT('',#7912);
#2503=VERTEX_POINT('',#7914);
#2504=VERTEX_POINT('',#7916);
#2505=VERTEX_POINT('',#7918);
#2506=VERTEX_POINT('',#7920);
#2507=VERTEX_POINT('',#7922);
#2508=VERTEX_POINT('',#7926);
#2509=VERTEX_POINT('',#7928);
#2510=VERTEX_POINT('',#7932);
#2511=VERTEX_POINT('',#7936);
#2512=VERTEX_POINT('',#7942);
#2513=VERTEX_POINT('',#7944);
#2514=VERTEX_POINT('',#7948);
#2515=VERTEX_POINT('',#7952);
#2516=VERTEX_POINT('',#7959);
#2517=VERTEX_POINT('',#7960);
#2518=VERTEX_POINT('',#7962);
#2519=VERTEX_POINT('',#7964);
#2520=VERTEX_POINT('',#7968);
#2521=VERTEX_POINT('',#7970);
#2522=VERTEX_POINT('',#7974);
#2523=VERTEX_POINT('',#7976);
#2524=VERTEX_POINT('',#7980);
#2525=VERTEX_POINT('',#7982);
#2526=VERTEX_POINT('',#7986);
#2527=VERTEX_POINT('',#7988);
#2528=VERTEX_POINT('',#7992);
#2529=VERTEX_POINT('',#7994);
#2530=VERTEX_POINT('',#7996);
#2531=VERTEX_POINT('',#7998);
#2532=VERTEX_POINT('',#8000);
#2533=VERTEX_POINT('',#8002);
#2534=VERTEX_POINT('',#8006);
#2535=VERTEX_POINT('',#8008);
#2536=VERTEX_POINT('',#8012);
#2537=VERTEX_POINT('',#8013);
#2538=VERTEX_POINT('',#8017);
#2539=VERTEX_POINT('',#8019);
#2540=VERTEX_POINT('',#8025);
#2541=VERTEX_POINT('',#8027);
#2542=VERTEX_POINT('',#8031);
#2543=VERTEX_POINT('',#8033);
#2544=VERTEX_POINT('',#8036);
#2545=VERTEX_POINT('',#8039);
#2546=VERTEX_POINT('',#8042);
#2547=VERTEX_POINT('',#8044);
#2548=VERTEX_POINT('',#8047);
#2549=VERTEX_POINT('',#8049);
#2550=VERTEX_POINT('',#8051);
#2551=VERTEX_POINT('',#8053);
#2552=VERTEX_POINT('',#8057);
#2553=VERTEX_POINT('',#8059);
#2554=VERTEX_POINT('',#8063);
#2555=VERTEX_POINT('',#8065);
#2556=VERTEX_POINT('',#8067);
#2557=VERTEX_POINT('',#8069);
#2558=VERTEX_POINT('',#8077);
#2559=VERTEX_POINT('',#8082);
#2560=VERTEX_POINT('',#8086);
#2561=VERTEX_POINT('',#8093);
#2562=VERTEX_POINT('',#8097);
#2563=VERTEX_POINT('',#8101);
#2564=VERTEX_POINT('',#8105);
#2565=VERTEX_POINT('',#8107);
#2566=VERTEX_POINT('',#8112);
#2567=VERTEX_POINT('',#8116);
#2568=VERTEX_POINT('',#8118);
#2569=VERTEX_POINT('',#8120);
#2570=VERTEX_POINT('',#8125);
#2571=VERTEX_POINT('',#8133);
#2572=VERTEX_POINT('',#8193);
#2573=VERTEX_POINT('',#8195);
#2574=VERTEX_POINT('',#8198);
#2575=VERTEX_POINT('',#8200);
#2576=VERTEX_POINT('',#8204);
#2577=VERTEX_POINT('',#8209);
#2578=VERTEX_POINT('',#8214);
#2579=VERTEX_POINT('',#8216);
#2580=VERTEX_POINT('',#8220);
#2581=VERTEX_POINT('',#8222);
#2582=VERTEX_POINT('',#8228);
#2583=VERTEX_POINT('',#8229);
#2584=VERTEX_POINT('',#8231);
#2585=VERTEX_POINT('',#8233);
#2586=VERTEX_POINT('',#8237);
#2587=VERTEX_POINT('',#8239);
#2588=VERTEX_POINT('',#8243);
#2589=VERTEX_POINT('',#8245);
#2590=VERTEX_POINT('',#8249);
#2591=VERTEX_POINT('',#8251);
#2592=VERTEX_POINT('',#8255);
#2593=VERTEX_POINT('',#8257);
#2594=VERTEX_POINT('',#8261);
#2595=VERTEX_POINT('',#8263);
#2596=VERTEX_POINT('',#8267);
#2597=VERTEX_POINT('',#8269);
#2598=VERTEX_POINT('',#8277);
#2599=VERTEX_POINT('',#8278);
#2600=VERTEX_POINT('',#8280);
#2601=VERTEX_POINT('',#8282);
#2602=VERTEX_POINT('',#8284);
#2603=VERTEX_POINT('',#8286);
#2604=VERTEX_POINT('',#8288);
#2605=VERTEX_POINT('',#8290);
#2606=VERTEX_POINT('',#8294);
#2607=VERTEX_POINT('',#8296);
#2608=VERTEX_POINT('',#8300);
#2609=VERTEX_POINT('',#8304);
#2610=VERTEX_POINT('',#8308);
#2611=VERTEX_POINT('',#8312);
#2612=VERTEX_POINT('',#8316);
#2613=VERTEX_POINT('',#8320);
#2614=EDGE_CURVE('',#2168,#2169,#2029,.T.);
#2615=EDGE_CURVE('',#2170,#2168,#983,.T.);
#2616=EDGE_CURVE('',#2171,#2170,#2030,.T.);
#2617=EDGE_CURVE('',#2171,#2169,#984,.T.);
#2618=EDGE_CURVE('',#2169,#2172,#985,.T.);
#2619=EDGE_CURVE('',#2173,#2171,#986,.T.);
#2620=EDGE_CURVE('',#2172,#2173,#987,.T.);
#2621=EDGE_CURVE('',#2174,#2175,#988,.T.);
#2622=EDGE_CURVE('',#2176,#2174,#989,.T.);
#2623=EDGE_CURVE('',#2177,#2176,#990,.T.);
#2624=EDGE_CURVE('',#2177,#2175,#991,.T.);
#2625=EDGE_CURVE('',#2175,#2178,#2031,.T.);
#2626=EDGE_CURVE('',#2179,#2177,#2032,.T.);
#2627=EDGE_CURVE('',#2179,#2178,#992,.T.);
#2628=EDGE_CURVE('',#2178,#2168,#993,.T.);
#2629=EDGE_CURVE('',#2170,#2179,#994,.T.);
#2630=EDGE_CURVE('',#2173,#2180,#995,.T.);
#2631=EDGE_CURVE('',#2180,#2181,#996,.T.);
#2632=EDGE_CURVE('',#2181,#2182,#997,.T.);
#2633=EDGE_CURVE('',#2182,#2183,#998,.T.);
#2634=EDGE_CURVE('',#2183,#2176,#999,.T.);
#2635=EDGE_CURVE('',#2174,#2184,#1000,.T.);
#2636=EDGE_CURVE('',#2184,#2185,#1001,.T.);
#2637=EDGE_CURVE('',#2185,#2186,#1002,.T.);
#2638=EDGE_CURVE('',#2186,#2187,#1003,.T.);
#2639=EDGE_CURVE('',#2187,#2172,#1004,.T.);
#2640=EDGE_CURVE('',#2188,#2183,#1005,.T.);
#2641=EDGE_CURVE('',#2189,#2188,#2033,.T.);
#2642=EDGE_CURVE('',#2190,#2189,#1006,.T.);
#2643=EDGE_CURVE('',#2191,#2190,#2034,.T.);
#2644=EDGE_CURVE('',#2180,#2191,#1007,.T.);
#2645=EDGE_CURVE('',#2192,#2193,#1008,.T.);
#2646=EDGE_CURVE('',#2192,#2193,#2035,.T.);
#2647=EDGE_CURVE('',#2194,#2195,#1009,.T.);
#2648=EDGE_CURVE('',#2194,#2196,#2036,.T.);
#2649=EDGE_CURVE('',#2197,#2196,#1010,.T.);
#2650=EDGE_CURVE('',#2198,#2197,#2037,.T.);
#2651=EDGE_CURVE('',#2193,#2198,#1011,.T.);
#2652=EDGE_CURVE('',#2199,#2192,#1012,.T.);
#2653=EDGE_CURVE('',#2195,#2199,#2038,.T.);
#2654=EDGE_CURVE('',#2196,#2194,#1013,.T.);
#2655=EDGE_CURVE('',#2200,#2198,#1014,.T.);
#2656=EDGE_CURVE('',#2201,#2200,#1015,.T.);
#2657=EDGE_CURVE('',#2202,#2201,#1016,.T.);
#2658=EDGE_CURVE('',#2203,#2202,#1017,.T.);
#2659=EDGE_CURVE('',#2204,#2203,#1018,.T.);
#2660=EDGE_CURVE('',#2205,#2204,#1019,.T.);
#2661=EDGE_CURVE('',#2206,#2205,#1020,.T.);
#2662=EDGE_CURVE('',#2207,#2206,#1021,.T.);
#2663=EDGE_CURVE('',#2208,#2207,#1022,.T.);
#2664=EDGE_CURVE('',#2209,#2208,#1023,.T.);
#2665=EDGE_CURVE('',#2210,#2209,#1024,.T.);
#2666=EDGE_CURVE('',#2211,#2210,#1025,.T.);
#2667=EDGE_CURVE('',#2212,#2211,#1026,.T.);
#2668=EDGE_CURVE('',#2213,#2212,#1027,.T.);
#2669=EDGE_CURVE('',#2214,#2213,#1028,.T.);
#2670=EDGE_CURVE('',#2215,#2214,#1029,.T.);
#2671=EDGE_CURVE('',#2216,#2215,#1030,.T.);
#2672=EDGE_CURVE('',#2217,#2216,#1031,.T.);
#2673=EDGE_CURVE('',#2218,#2217,#1032,.T.);
#2674=EDGE_CURVE('',#2219,#2218,#1033,.T.);
#2675=EDGE_CURVE('',#2220,#2219,#1034,.T.);
#2676=EDGE_CURVE('',#2221,#2220,#1035,.T.);
#2677=EDGE_CURVE('',#2222,#2221,#1036,.T.);
#2678=EDGE_CURVE('',#2223,#2222,#1037,.T.);
#2679=EDGE_CURVE('',#2224,#2223,#1038,.T.);
#2680=EDGE_CURVE('',#2225,#2224,#1039,.T.);
#2681=EDGE_CURVE('',#2226,#2225,#1040,.T.);
#2682=EDGE_CURVE('',#2227,#2226,#1041,.T.);
#2683=EDGE_CURVE('',#2228,#2227,#1042,.T.);
#2684=EDGE_CURVE('',#2229,#2228,#1043,.T.);
#2685=EDGE_CURVE('',#2230,#2229,#1044,.T.);
#2686=EDGE_CURVE('',#2231,#2230,#1045,.T.);
#2687=EDGE_CURVE('',#2232,#2231,#1046,.T.);
#2688=EDGE_CURVE('',#2233,#2232,#1047,.T.);
#2689=EDGE_CURVE('',#2234,#2233,#1048,.T.);
#2690=EDGE_CURVE('',#2235,#2234,#1049,.T.);
#2691=EDGE_CURVE('',#2236,#2235,#1050,.T.);
#2692=EDGE_CURVE('',#2237,#2236,#1051,.T.);
#2693=EDGE_CURVE('',#2238,#2237,#1052,.T.);
#2694=EDGE_CURVE('',#2239,#2238,#1053,.T.);
#2695=EDGE_CURVE('',#2199,#2239,#1054,.T.);
#2696=EDGE_CURVE('',#2240,#2240,#2039,.T.);
#2697=EDGE_CURVE('',#2241,#2241,#2040,.T.);
#2698=EDGE_CURVE('',#2242,#2242,#2041,.T.);
#2699=EDGE_CURVE('',#2243,#2243,#2042,.T.);
#2700=EDGE_CURVE('',#2244,#2244,#2043,.T.);
#2701=EDGE_CURVE('',#2245,#2245,#2044,.T.);
#2702=EDGE_CURVE('',#2246,#2247,#1055,.T.);
#2703=EDGE_CURVE('',#2247,#2248,#1056,.T.);
#2704=EDGE_CURVE('',#2248,#2249,#1057,.T.);
#2705=EDGE_CURVE('',#2249,#2246,#1058,.T.);
#2706=EDGE_CURVE('',#2250,#2250,#2045,.T.);
#2707=EDGE_CURVE('',#2251,#2251,#2046,.T.);
#2708=EDGE_CURVE('',#2252,#2252,#2047,.T.);
#2709=EDGE_CURVE('',#2253,#2253,#2048,.T.);
#2710=EDGE_CURVE('',#2254,#2254,#2049,.T.);
#2711=EDGE_CURVE('',#2255,#2255,#2050,.T.);
#2712=EDGE_CURVE('',#2256,#2256,#2051,.T.);
#2713=EDGE_CURVE('',#2257,#2257,#2052,.T.);
#2714=EDGE_CURVE('',#2258,#2197,#1059,.T.);
#2715=EDGE_CURVE('',#2258,#2200,#1060,.T.);
#2716=EDGE_CURVE('',#2259,#2239,#1061,.T.);
#2717=EDGE_CURVE('',#2195,#2259,#1062,.T.);
#2718=EDGE_CURVE('',#2260,#2260,#2053,.T.);
#2719=EDGE_CURVE('',#2261,#2261,#2054,.T.);
#2720=EDGE_CURVE('',#2262,#2262,#2055,.T.);
#2721=EDGE_CURVE('',#2263,#2263,#2056,.T.);
#2722=EDGE_CURVE('',#2264,#2264,#2057,.T.);
#2723=EDGE_CURVE('',#2265,#2265,#2058,.T.);
#2724=EDGE_CURVE('',#2240,#2266,#1063,.T.);
#2725=EDGE_CURVE('',#2266,#2266,#2059,.T.);
#2726=EDGE_CURVE('',#2257,#2267,#1064,.T.);
#2727=EDGE_CURVE('',#2267,#2267,#2060,.T.);
#2728=EDGE_CURVE('',#2241,#2268,#1065,.T.);
#2729=EDGE_CURVE('',#2268,#2268,#2061,.T.);
#2730=EDGE_CURVE('',#2256,#2269,#1066,.T.);
#2731=EDGE_CURVE('',#2269,#2269,#2062,.T.);
#2732=EDGE_CURVE('',#2242,#2270,#1067,.T.);
#2733=EDGE_CURVE('',#2270,#2270,#2063,.T.);
#2734=EDGE_CURVE('',#2255,#2271,#1068,.T.);
#2735=EDGE_CURVE('',#2271,#2271,#2064,.T.);
#2736=EDGE_CURVE('',#2243,#2272,#1069,.T.);
#2737=EDGE_CURVE('',#2272,#2272,#2065,.T.);
#2738=EDGE_CURVE('',#2254,#2273,#1070,.T.);
#2739=EDGE_CURVE('',#2273,#2273,#2066,.T.);
#2740=EDGE_CURVE('',#2274,#2274,#2067,.T.);
#2741=EDGE_CURVE('',#2274,#2244,#1071,.T.);
#2742=EDGE_CURVE('',#2275,#2275,#2068,.T.);
#2743=EDGE_CURVE('',#2275,#2245,#1072,.T.);
#2744=EDGE_CURVE('',#2276,#2248,#1073,.T.);
#2745=EDGE_CURVE('',#2277,#2276,#1074,.T.);
#2746=EDGE_CURVE('',#2277,#2249,#1075,.T.);
#2747=EDGE_CURVE('',#2278,#2277,#1076,.T.);
#2748=EDGE_CURVE('',#2278,#2246,#1077,.T.);
#2749=EDGE_CURVE('',#2279,#2278,#1078,.T.);
#2750=EDGE_CURVE('',#2279,#2247,#1079,.T.);
#2751=EDGE_CURVE('',#2276,#2279,#1080,.T.);
#2752=EDGE_CURVE('',#2280,#2280,#2069,.T.);
#2753=EDGE_CURVE('',#2280,#2253,#1081,.T.);
#2754=EDGE_CURVE('',#2264,#2252,#1082,.T.);
#2755=EDGE_CURVE('',#2263,#2281,#1083,.T.);
#2756=EDGE_CURVE('',#2281,#2281,#2070,.T.);
#2757=EDGE_CURVE('',#2262,#2250,#1084,.T.);
#2758=EDGE_CURVE('',#2261,#2282,#1085,.T.);
#2759=EDGE_CURVE('',#2282,#2282,#2071,.T.);
#2760=EDGE_CURVE('',#2260,#2251,#1086,.T.);
#2761=EDGE_CURVE('',#2283,#2258,#1087,.T.);
#2762=EDGE_CURVE('',#2201,#2283,#1088,.T.);
#2763=EDGE_CURVE('',#2284,#2285,#1089,.T.);
#2764=EDGE_CURVE('',#2284,#2238,#1090,.T.);
#2765=EDGE_CURVE('',#2285,#2237,#1091,.T.);
#2766=EDGE_CURVE('',#2259,#2284,#1092,.T.);
#2767=EDGE_CURVE('',#2286,#2236,#1093,.T.);
#2768=EDGE_CURVE('',#2285,#2286,#1094,.T.);
#2769=EDGE_CURVE('',#2287,#2283,#1095,.T.);
#2770=EDGE_CURVE('',#2288,#2287,#1096,.T.);
#2771=EDGE_CURVE('',#2288,#2289,#1097,.T.);
#2772=EDGE_CURVE('',#2290,#2289,#1098,.T.);
#2773=EDGE_CURVE('',#2291,#2290,#2072,.T.);
#2774=EDGE_CURVE('',#2292,#2291,#1099,.T.);
#2775=EDGE_CURVE('',#2292,#2202,#1100,.T.);
#2776=EDGE_CURVE('',#2286,#2293,#1101,.T.);
#2777=EDGE_CURVE('',#2294,#2293,#1102,.T.);
#2778=EDGE_CURVE('',#2295,#2294,#1103,.T.);
#2779=EDGE_CURVE('',#2296,#2295,#1104,.T.);
#2780=EDGE_CURVE('',#2297,#2296,#1105,.T.);
#2781=EDGE_CURVE('',#2287,#2297,#1106,.T.);
#2782=EDGE_CURVE('',#2298,#2191,#1107,.T.);
#2783=EDGE_CURVE('',#2181,#2298,#1108,.T.);
#2784=EDGE_CURVE('',#2299,#2235,#1109,.T.);
#2785=EDGE_CURVE('',#2300,#2299,#1110,.T.);
#2786=EDGE_CURVE('',#2301,#2300,#2073,.T.);
#2787=EDGE_CURVE('',#2302,#2301,#1111,.T.);
#2788=EDGE_CURVE('',#2302,#2303,#1112,.T.);
#2789=EDGE_CURVE('',#2293,#2303,#1113,.T.);
#2790=EDGE_CURVE('',#2226,#2304,#1114,.T.);
#2791=EDGE_CURVE('',#2304,#2305,#1115,.T.);
#2792=EDGE_CURVE('',#2305,#2223,#1116,.T.);
#2793=EDGE_CURVE('',#2222,#2306,#1117,.T.);
#2794=EDGE_CURVE('',#2306,#2307,#1118,.T.);
#2795=EDGE_CURVE('',#2307,#2219,#1119,.T.);
#2796=EDGE_CURVE('',#2218,#2308,#1120,.T.);
#2797=EDGE_CURVE('',#2308,#2309,#1121,.T.);
#2798=EDGE_CURVE('',#2309,#2215,#1122,.T.);
#2799=EDGE_CURVE('',#2214,#2310,#1123,.T.);
#2800=EDGE_CURVE('',#2310,#2311,#1124,.T.);
#2801=EDGE_CURVE('',#2311,#2211,#1125,.T.);
#2802=EDGE_CURVE('',#2210,#2312,#1126,.T.);
#2803=EDGE_CURVE('',#2312,#2313,#1127,.T.);
#2804=EDGE_CURVE('',#2313,#2207,#1128,.T.);
#2805=EDGE_CURVE('',#2206,#2314,#1129,.T.);
#2806=EDGE_CURVE('',#2314,#2315,#1130,.T.);
#2807=EDGE_CURVE('',#2315,#2203,#1131,.T.);
#2808=EDGE_CURVE('',#2299,#2292,#1132,.T.);
#2809=EDGE_CURVE('',#2234,#2316,#1133,.T.);
#2810=EDGE_CURVE('',#2316,#2317,#1134,.T.);
#2811=EDGE_CURVE('',#2317,#2231,#1135,.T.);
#2812=EDGE_CURVE('',#2230,#2318,#1136,.T.);
#2813=EDGE_CURVE('',#2318,#2319,#1137,.T.);
#2814=EDGE_CURVE('',#2319,#2227,#1138,.T.);
#2815=EDGE_CURVE('',#2320,#2321,#1139,.T.);
#2816=EDGE_CURVE('',#2321,#2319,#1140,.T.);
#2817=EDGE_CURVE('',#2318,#2320,#1141,.T.);
#2818=EDGE_CURVE('',#2228,#2321,#1142,.T.);
#2819=EDGE_CURVE('',#2229,#2320,#1143,.T.);
#2820=EDGE_CURVE('',#2322,#2323,#1144,.T.);
#2821=EDGE_CURVE('',#2323,#2307,#1145,.T.);
#2822=EDGE_CURVE('',#2306,#2322,#1146,.T.);
#2823=EDGE_CURVE('',#2220,#2323,#1147,.T.);
#2824=EDGE_CURVE('',#2221,#2322,#1148,.T.);
#2825=EDGE_CURVE('',#2324,#2325,#1149,.T.);
#2826=EDGE_CURVE('',#2325,#2315,#1150,.T.);
#2827=EDGE_CURVE('',#2314,#2324,#1151,.T.);
#2828=EDGE_CURVE('',#2204,#2325,#1152,.T.);
#2829=EDGE_CURVE('',#2205,#2324,#1153,.T.);
#2830=EDGE_CURVE('',#2326,#2327,#1154,.T.);
#2831=EDGE_CURVE('',#2327,#2311,#1155,.T.);
#2832=EDGE_CURVE('',#2310,#2326,#1156,.T.);
#2833=EDGE_CURVE('',#2212,#2327,#1157,.T.);
#2834=EDGE_CURVE('',#2213,#2326,#1158,.T.);
#2835=EDGE_CURVE('',#2328,#2329,#1159,.T.);
#2836=EDGE_CURVE('',#2329,#2313,#1160,.T.);
#2837=EDGE_CURVE('',#2312,#2328,#1161,.T.);
#2838=EDGE_CURVE('',#2208,#2329,#1162,.T.);
#2839=EDGE_CURVE('',#2209,#2328,#1163,.T.);
#2840=EDGE_CURVE('',#2330,#2331,#1164,.T.);
#2841=EDGE_CURVE('',#2331,#2309,#1165,.T.);
#2842=EDGE_CURVE('',#2308,#2330,#1166,.T.);
#2843=EDGE_CURVE('',#2216,#2331,#1167,.T.);
#2844=EDGE_CURVE('',#2217,#2330,#1168,.T.);
#2845=EDGE_CURVE('',#2332,#2333,#1169,.T.);
#2846=EDGE_CURVE('',#2333,#2305,#1170,.T.);
#2847=EDGE_CURVE('',#2304,#2332,#1171,.T.);
#2848=EDGE_CURVE('',#2224,#2333,#1172,.T.);
#2849=EDGE_CURVE('',#2225,#2332,#1173,.T.);
#2850=EDGE_CURVE('',#2334,#2335,#1174,.T.);
#2851=EDGE_CURVE('',#2335,#2317,#1175,.T.);
#2852=EDGE_CURVE('',#2316,#2334,#1176,.T.);
#2853=EDGE_CURVE('',#2232,#2335,#1177,.T.);
#2854=EDGE_CURVE('',#2233,#2334,#1178,.T.);
#2855=EDGE_CURVE('',#2297,#2185,#1179,.T.);
#2856=EDGE_CURVE('',#2186,#2296,#1180,.T.);
#2857=EDGE_CURVE('',#2187,#2295,#1181,.T.);
#2858=EDGE_CURVE('',#2336,#2298,#2074,.T.);
#2859=EDGE_CURVE('',#2337,#2336,#1182,.T.);
#2860=EDGE_CURVE('',#2338,#2337,#2075,.T.);
#2861=EDGE_CURVE('',#2182,#2338,#1183,.T.);
#2862=EDGE_CURVE('',#2190,#2336,#1184,.T.);
#2863=EDGE_CURVE('',#2188,#2301,#1185,.T.);
#2864=EDGE_CURVE('',#2300,#2189,#1186,.T.);
#2865=EDGE_CURVE('',#2337,#2291,#1187,.T.);
#2866=EDGE_CURVE('',#2290,#2338,#1188,.T.);
#2867=EDGE_CURVE('',#2339,#2339,#2076,.T.);
#2868=EDGE_CURVE('',#2281,#2339,#1189,.T.);
#2869=EDGE_CURVE('',#2340,#2340,#2077,.T.);
#2870=EDGE_CURVE('',#2265,#2340,#1190,.T.);
#2871=EDGE_CURVE('',#2341,#2341,#2078,.T.);
#2872=EDGE_CURVE('',#2282,#2341,#1191,.T.);
#2873=EDGE_CURVE('',#2303,#2288,#1192,.T.);
#2874=EDGE_CURVE('',#2289,#2302,#1193,.T.);
#2875=EDGE_CURVE('',#2184,#2294,#1194,.T.);
#2876=EDGE_CURVE('',#2342,#2343,#1195,.T.);
#2877=EDGE_CURVE('',#2344,#2342,#1196,.T.);
#2878=EDGE_CURVE('',#2345,#2344,#1197,.T.);
#2879=EDGE_CURVE('',#2343,#2345,#1198,.T.);
#2880=EDGE_CURVE('',#2346,#2342,#1199,.T.);
#2881=EDGE_CURVE('',#2347,#2346,#1200,.T.);
#2882=EDGE_CURVE('',#2347,#2344,#1201,.T.);
#2883=EDGE_CURVE('',#2348,#2343,#1202,.T.);
#2884=EDGE_CURVE('',#2348,#2346,#1203,.T.);
#2885=EDGE_CURVE('',#2349,#2345,#1204,.T.);
#2886=EDGE_CURVE('',#2348,#2349,#1205,.T.);
#2887=EDGE_CURVE('',#2349,#2347,#1206,.T.);
#2888=EDGE_CURVE('',#2350,#2351,#15,.T.);
#2889=EDGE_CURVE('',#2351,#2350,#1207,.T.);
#2890=EDGE_CURVE('',#2350,#2352,#2079,.T.);
#2891=EDGE_CURVE('',#2352,#2351,#2080,.T.);
#2892=EDGE_CURVE('',#2353,#2353,#2081,.T.);
#2893=EDGE_CURVE('',#2353,#2352,#1208,.T.);
#2894=EDGE_CURVE('',#2354,#2354,#2082,.T.);
#2895=EDGE_CURVE('',#2354,#2355,#1209,.T.);
#2896=EDGE_CURVE('',#2355,#2355,#2083,.T.);
#2897=EDGE_CURVE('',#2356,#2357,#1210,.T.);
#2898=EDGE_CURVE('',#2356,#2358,#1211,.T.);
#2899=EDGE_CURVE('',#2359,#2358,#1212,.T.);
#2900=EDGE_CURVE('',#2357,#2359,#1213,.T.);
#2901=EDGE_CURVE('',#2357,#2360,#1214,.T.);
#2902=EDGE_CURVE('',#2361,#2359,#1215,.T.);
#2903=EDGE_CURVE('',#2360,#2361,#1216,.T.);
#2904=EDGE_CURVE('',#2360,#2362,#1217,.T.);
#2905=EDGE_CURVE('',#2363,#2361,#1218,.T.);
#2906=EDGE_CURVE('',#2362,#2363,#1219,.T.);
#2907=EDGE_CURVE('',#2362,#2356,#1220,.T.);
#2908=EDGE_CURVE('',#2358,#2363,#1221,.T.);
#2909=EDGE_CURVE('',#2364,#2364,#2084,.T.);
#2910=EDGE_CURVE('',#2364,#2365,#1222,.T.);
#2911=EDGE_CURVE('',#2365,#2365,#2085,.T.);
#2912=EDGE_CURVE('',#2366,#2367,#1223,.T.);
#2913=EDGE_CURVE('',#2366,#2368,#1224,.T.);
#2914=EDGE_CURVE('',#2369,#2368,#1225,.T.);
#2915=EDGE_CURVE('',#2367,#2369,#1226,.T.);
#2916=EDGE_CURVE('',#2367,#2370,#1227,.T.);
#2917=EDGE_CURVE('',#2371,#2369,#1228,.T.);
#2918=EDGE_CURVE('',#2370,#2371,#1229,.T.);
#2919=EDGE_CURVE('',#2370,#2372,#1230,.T.);
#2920=EDGE_CURVE('',#2373,#2371,#1231,.T.);
#2921=EDGE_CURVE('',#2372,#2373,#1232,.T.);
#2922=EDGE_CURVE('',#2372,#2366,#1233,.T.);
#2923=EDGE_CURVE('',#2368,#2373,#1234,.T.);
#2924=EDGE_CURVE('',#2374,#2374,#2086,.T.);
#2925=EDGE_CURVE('',#2374,#2375,#1235,.T.);
#2926=EDGE_CURVE('',#2375,#2375,#2087,.T.);
#2927=EDGE_CURVE('',#2376,#2377,#1236,.T.);
#2928=EDGE_CURVE('',#2376,#2378,#1237,.T.);
#2929=EDGE_CURVE('',#2379,#2378,#1238,.T.);
#2930=EDGE_CURVE('',#2377,#2379,#1239,.T.);
#2931=EDGE_CURVE('',#2377,#2380,#1240,.T.);
#2932=EDGE_CURVE('',#2381,#2379,#1241,.T.);
#2933=EDGE_CURVE('',#2380,#2381,#1242,.T.);
#2934=EDGE_CURVE('',#2380,#2382,#1243,.T.);
#2935=EDGE_CURVE('',#2383,#2381,#1244,.T.);
#2936=EDGE_CURVE('',#2382,#2383,#1245,.T.);
#2937=EDGE_CURVE('',#2382,#2376,#1246,.T.);
#2938=EDGE_CURVE('',#2378,#2383,#1247,.T.);
#2939=EDGE_CURVE('',#2384,#2385,#1248,.T.);
#2940=EDGE_CURVE('',#2384,#2386,#1249,.T.);
#2941=EDGE_CURVE('',#2387,#2386,#1250,.T.);
#2942=EDGE_CURVE('',#2385,#2387,#1251,.T.);
#2943=EDGE_CURVE('',#2385,#2388,#1252,.T.);
#2944=EDGE_CURVE('',#2389,#2387,#1253,.T.);
#2945=EDGE_CURVE('',#2388,#2389,#1254,.T.);
#2946=EDGE_CURVE('',#2388,#2390,#1255,.T.);
#2947=EDGE_CURVE('',#2391,#2389,#1256,.T.);
#2948=EDGE_CURVE('',#2390,#2391,#1257,.T.);
#2949=EDGE_CURVE('',#2390,#2384,#1258,.T.);
#2950=EDGE_CURVE('',#2386,#2391,#1259,.T.);
#2951=EDGE_CURVE('',#2392,#2393,#1260,.T.);
#2952=EDGE_CURVE('',#2392,#2394,#1261,.T.);
#2953=EDGE_CURVE('',#2395,#2394,#1262,.T.);
#2954=EDGE_CURVE('',#2393,#2395,#1263,.T.);
#2955=EDGE_CURVE('',#2393,#2396,#1264,.T.);
#2956=EDGE_CURVE('',#2397,#2395,#1265,.T.);
#2957=EDGE_CURVE('',#2396,#2397,#1266,.T.);
#2958=EDGE_CURVE('',#2396,#2398,#1267,.T.);
#2959=EDGE_CURVE('',#2399,#2397,#1268,.T.);
#2960=EDGE_CURVE('',#2398,#2399,#1269,.T.);
#2961=EDGE_CURVE('',#2398,#2392,#1270,.T.);
#2962=EDGE_CURVE('',#2394,#2399,#1271,.T.);
#2963=EDGE_CURVE('',#2400,#2401,#1272,.T.);
#2964=EDGE_CURVE('',#2402,#2400,#2088,.T.);
#2965=EDGE_CURVE('',#2403,#2402,#1273,.T.);
#2966=EDGE_CURVE('',#2401,#2403,#2089,.T.);
#2967=EDGE_CURVE('',#2404,#2403,#1274,.T.);
#2968=EDGE_CURVE('',#2405,#2404,#1275,.T.);
#2969=EDGE_CURVE('',#2405,#2406,#1276,.T.);
#2970=EDGE_CURVE('',#2401,#2406,#1277,.T.);
#2971=EDGE_CURVE('',#2407,#2402,#1278,.T.);
#2972=EDGE_CURVE('',#2407,#2404,#1279,.T.);
#2973=EDGE_CURVE('',#2408,#2407,#1280,.T.);
#2974=EDGE_CURVE('',#2409,#2400,#1281,.T.);
#2975=EDGE_CURVE('',#2408,#2409,#1282,.T.);
#2976=EDGE_CURVE('',#2410,#2410,#2090,.T.);
#2977=EDGE_CURVE('',#2410,#2411,#1283,.T.);
#2978=EDGE_CURVE('',#2411,#2411,#2091,.T.);
#2979=EDGE_CURVE('',#2412,#2412,#2092,.T.);
#2980=EDGE_CURVE('',#2412,#2413,#1284,.T.);
#2981=EDGE_CURVE('',#2413,#2413,#2093,.T.);
#2982=EDGE_CURVE('',#2414,#2414,#2094,.T.);
#2983=EDGE_CURVE('',#2414,#2415,#1285,.T.);
#2984=EDGE_CURVE('',#2415,#2415,#2095,.T.);
#2985=EDGE_CURVE('',#2416,#2405,#1286,.T.);
#2986=EDGE_CURVE('',#2416,#2417,#1287,.T.);
#2987=EDGE_CURVE('',#2406,#2417,#1288,.T.);
#2988=EDGE_CURVE('',#2418,#2408,#1289,.T.);
#2989=EDGE_CURVE('',#2419,#2409,#1290,.T.);
#2990=EDGE_CURVE('',#2418,#2419,#1291,.T.);
#2991=EDGE_CURVE('',#2416,#2418,#1292,.T.);
#2992=EDGE_CURVE('',#2417,#2419,#1293,.T.);
#2993=EDGE_CURVE('',#2420,#2421,#1294,.T.);
#2994=EDGE_CURVE('',#2420,#2422,#1295,.T.);
#2995=EDGE_CURVE('',#2423,#2422,#1296,.T.);
#2996=EDGE_CURVE('',#2421,#2423,#1297,.T.);
#2997=EDGE_CURVE('',#2421,#2424,#1298,.T.);
#2998=EDGE_CURVE('',#2425,#2423,#1299,.T.);
#2999=EDGE_CURVE('',#2424,#2425,#1300,.T.);
#3000=EDGE_CURVE('',#2424,#2426,#1301,.T.);
#3001=EDGE_CURVE('',#2427,#2425,#1302,.T.);
#3002=EDGE_CURVE('',#2426,#2427,#1303,.T.);
#3003=EDGE_CURVE('',#2426,#2420,#1304,.T.);
#3004=EDGE_CURVE('',#2422,#2427,#1305,.T.);
#3005=EDGE_CURVE('',#2428,#2428,#2096,.T.);
#3006=EDGE_CURVE('',#2429,#2429,#2097,.T.);
#3007=EDGE_CURVE('',#2429,#2428,#1306,.T.);
#3008=EDGE_CURVE('',#2430,#2431,#1307,.T.);
#3009=EDGE_CURVE('',#2430,#2432,#1308,.T.);
#3010=EDGE_CURVE('',#2433,#2432,#1309,.T.);
#3011=EDGE_CURVE('',#2431,#2433,#1310,.T.);
#3012=EDGE_CURVE('',#2431,#2434,#1311,.T.);
#3013=EDGE_CURVE('',#2435,#2433,#1312,.T.);
#3014=EDGE_CURVE('',#2434,#2435,#1313,.T.);
#3015=EDGE_CURVE('',#2434,#2436,#1314,.T.);
#3016=EDGE_CURVE('',#2437,#2435,#1315,.T.);
#3017=EDGE_CURVE('',#2436,#2437,#1316,.T.);
#3018=EDGE_CURVE('',#2436,#2430,#1317,.T.);
#3019=EDGE_CURVE('',#2432,#2437,#1318,.T.);
#3020=EDGE_CURVE('',#2438,#2438,#2098,.T.);
#3021=EDGE_CURVE('',#2439,#2439,#2099,.T.);
#3022=EDGE_CURVE('',#2439,#2438,#1319,.T.);
#3023=EDGE_CURVE('',#2440,#2441,#1320,.T.);
#3024=EDGE_CURVE('',#2440,#2442,#1321,.T.);
#3025=EDGE_CURVE('',#2443,#2442,#1322,.T.);
#3026=EDGE_CURVE('',#2441,#2443,#1323,.T.);
#3027=EDGE_CURVE('',#2441,#2444,#1324,.T.);
#3028=EDGE_CURVE('',#2445,#2443,#1325,.T.);
#3029=EDGE_CURVE('',#2444,#2445,#1326,.T.);
#3030=EDGE_CURVE('',#2444,#2446,#1327,.T.);
#3031=EDGE_CURVE('',#2447,#2445,#1328,.T.);
#3032=EDGE_CURVE('',#2446,#2447,#1329,.T.);
#3033=EDGE_CURVE('',#2446,#2440,#1330,.T.);
#3034=EDGE_CURVE('',#2442,#2447,#1331,.T.);
#3035=EDGE_CURVE('',#2448,#2448,#2100,.T.);
#3036=EDGE_CURVE('',#2449,#2449,#2101,.T.);
#3037=EDGE_CURVE('',#2449,#2448,#1332,.T.);
#3038=EDGE_CURVE('',#2450,#2451,#1333,.T.);
#3039=EDGE_CURVE('',#2450,#2452,#1334,.T.);
#3040=EDGE_CURVE('',#2453,#2452,#1335,.T.);
#3041=EDGE_CURVE('',#2451,#2453,#1336,.T.);
#3042=EDGE_CURVE('',#2451,#2454,#1337,.T.);
#3043=EDGE_CURVE('',#2455,#2453,#1338,.T.);
#3044=EDGE_CURVE('',#2454,#2455,#1339,.T.);
#3045=EDGE_CURVE('',#2454,#2456,#1340,.T.);
#3046=EDGE_CURVE('',#2457,#2455,#1341,.T.);
#3047=EDGE_CURVE('',#2456,#2457,#1342,.T.);
#3048=EDGE_CURVE('',#2456,#2450,#1343,.T.);
#3049=EDGE_CURVE('',#2452,#2457,#1344,.T.);
#3050=EDGE_CURVE('',#2458,#2458,#2102,.T.);
#3051=EDGE_CURVE('',#2459,#2459,#2103,.T.);
#3052=EDGE_CURVE('',#2459,#2458,#1345,.T.);
#3053=EDGE_CURVE('',#2460,#2461,#1346,.T.);
#3054=EDGE_CURVE('',#2460,#2462,#1347,.T.);
#3055=EDGE_CURVE('',#2463,#2462,#1348,.T.);
#3056=EDGE_CURVE('',#2461,#2463,#1349,.T.);
#3057=EDGE_CURVE('',#2461,#2464,#1350,.T.);
#3058=EDGE_CURVE('',#2465,#2463,#1351,.T.);
#3059=EDGE_CURVE('',#2464,#2465,#1352,.T.);
#3060=EDGE_CURVE('',#2464,#2466,#1353,.T.);
#3061=EDGE_CURVE('',#2467,#2465,#1354,.T.);
#3062=EDGE_CURVE('',#2466,#2467,#1355,.T.);
#3063=EDGE_CURVE('',#2466,#2460,#1356,.T.);
#3064=EDGE_CURVE('',#2462,#2467,#1357,.T.);
#3065=EDGE_CURVE('',#2468,#2468,#2104,.T.);
#3066=EDGE_CURVE('',#2469,#2469,#2105,.T.);
#3067=EDGE_CURVE('',#2469,#2468,#1358,.T.);
#3068=EDGE_CURVE('',#2470,#2470,#2106,.T.);
#3069=EDGE_CURVE('',#2470,#2471,#1359,.T.);
#3070=EDGE_CURVE('',#2471,#2471,#2107,.T.);
#3071=EDGE_CURVE('',#2472,#2473,#1360,.T.);
#3072=EDGE_CURVE('',#2472,#2474,#1361,.T.);
#3073=EDGE_CURVE('',#2475,#2474,#1362,.T.);
#3074=EDGE_CURVE('',#2473,#2475,#1363,.T.);
#3075=EDGE_CURVE('',#2473,#2476,#1364,.T.);
#3076=EDGE_CURVE('',#2477,#2475,#1365,.T.);
#3077=EDGE_CURVE('',#2476,#2477,#1366,.T.);
#3078=EDGE_CURVE('',#2476,#2478,#1367,.T.);
#3079=EDGE_CURVE('',#2479,#2477,#1368,.T.);
#3080=EDGE_CURVE('',#2478,#2479,#1369,.T.);
#3081=EDGE_CURVE('',#2478,#2472,#1370,.T.);
#3082=EDGE_CURVE('',#2474,#2479,#1371,.T.);
#3083=EDGE_CURVE('',#2480,#2481,#1372,.T.);
#3084=EDGE_CURVE('',#2480,#2482,#1373,.T.);
#3085=EDGE_CURVE('',#2483,#2482,#1374,.T.);
#3086=EDGE_CURVE('',#2481,#2483,#1375,.T.);
#3087=EDGE_CURVE('',#2481,#2484,#1376,.T.);
#3088=EDGE_CURVE('',#2485,#2483,#1377,.T.);
#3089=EDGE_CURVE('',#2484,#2485,#1378,.T.);
#3090=EDGE_CURVE('',#2484,#2486,#1379,.T.);
#3091=EDGE_CURVE('',#2487,#2485,#1380,.T.);
#3092=EDGE_CURVE('',#2486,#2487,#1381,.T.);
#3093=EDGE_CURVE('',#2486,#2480,#1382,.T.);
#3094=EDGE_CURVE('',#2482,#2487,#1383,.T.);
#3095=EDGE_CURVE('',#2488,#2488,#2108,.T.);
#3096=EDGE_CURVE('',#2489,#2489,#2109,.T.);
#3097=EDGE_CURVE('',#2489,#2488,#1384,.T.);
#3098=EDGE_CURVE('',#2490,#2490,#2110,.T.);
#3099=EDGE_CURVE('',#2490,#2491,#1385,.T.);
#3100=EDGE_CURVE('',#2491,#2491,#2111,.T.);
#3101=EDGE_CURVE('',#2492,#2493,#1386,.T.);
#3102=EDGE_CURVE('',#2494,#2492,#2112,.T.);
#3103=EDGE_CURVE('',#2495,#2494,#1387,.T.);
#3104=EDGE_CURVE('',#2493,#2495,#2113,.T.);
#3105=EDGE_CURVE('',#2493,#2496,#1388,.T.);
#3106=EDGE_CURVE('',#2497,#2495,#1389,.T.);
#3107=EDGE_CURVE('',#2496,#2497,#2114,.T.);
#3108=EDGE_CURVE('',#2497,#2498,#1390,.T.);
#3109=EDGE_CURVE('',#2498,#2494,#1391,.T.);
#3110=EDGE_CURVE('',#2499,#2492,#1392,.T.);
#3111=EDGE_CURVE('',#2498,#2499,#2115,.T.);
#3112=EDGE_CURVE('',#2496,#2500,#1393,.T.);
#3113=EDGE_CURVE('',#2500,#2501,#1394,.T.);
#3114=EDGE_CURVE('',#2501,#2502,#1395,.T.);
#3115=EDGE_CURVE('',#2502,#2503,#1396,.T.);
#3116=EDGE_CURVE('',#2503,#2504,#1397,.T.);
#3117=EDGE_CURVE('',#2504,#2505,#1398,.T.);
#3118=EDGE_CURVE('',#2505,#2506,#1399,.T.);
#3119=EDGE_CURVE('',#2506,#2507,#1400,.T.);
#3120=EDGE_CURVE('',#2507,#2499,#1401,.T.);
#3121=EDGE_CURVE('',#2508,#2507,#2116,.T.);
#3122=EDGE_CURVE('',#2509,#2508,#1402,.T.);
#3123=EDGE_CURVE('',#2500,#2509,#2117,.T.);
#3124=EDGE_CURVE('',#2510,#2509,#1403,.T.);
#3125=EDGE_CURVE('',#2501,#2510,#2118,.T.);
#3126=EDGE_CURVE('',#2510,#2511,#1404,.T.);
#3127=EDGE_CURVE('',#2511,#2508,#1405,.T.);
#3128=EDGE_CURVE('',#2511,#2506,#2119,.T.);
#3129=EDGE_CURVE('',#2512,#2505,#1406,.T.);
#3130=EDGE_CURVE('',#2513,#2512,#1407,.T.);
#3131=EDGE_CURVE('',#2513,#2502,#1408,.T.);
#3132=EDGE_CURVE('',#2512,#2514,#1409,.T.);
#3133=EDGE_CURVE('',#2514,#2504,#1410,.T.);
#3134=EDGE_CURVE('',#2514,#2515,#1411,.T.);
#3135=EDGE_CURVE('',#2515,#2503,#1412,.T.);
#3136=EDGE_CURVE('',#2515,#2513,#1413,.T.);
#3137=EDGE_CURVE('',#2516,#2517,#2120,.T.);
#3138=EDGE_CURVE('',#2518,#2516,#1414,.T.);
#3139=EDGE_CURVE('',#2519,#2518,#2121,.T.);
#3140=EDGE_CURVE('',#2519,#2517,#1415,.T.);
#3141=EDGE_CURVE('',#2517,#2520,#1416,.T.);
#3142=EDGE_CURVE('',#2521,#2519,#1417,.T.);
#3143=EDGE_CURVE('',#2521,#2520,#1418,.T.);
#3144=EDGE_CURVE('',#2520,#2522,#2122,.T.);
#3145=EDGE_CURVE('',#2523,#2521,#2123,.T.);
#3146=EDGE_CURVE('',#2523,#2522,#1419,.T.);
#3147=EDGE_CURVE('',#2522,#2524,#1420,.T.);
#3148=EDGE_CURVE('',#2525,#2523,#1421,.T.);
#3149=EDGE_CURVE('',#2524,#2525,#1422,.T.);
#3150=EDGE_CURVE('',#2526,#2516,#1423,.T.);
#3151=EDGE_CURVE('',#2527,#2526,#1424,.T.);
#3152=EDGE_CURVE('',#2518,#2527,#1425,.T.);
#3153=EDGE_CURVE('',#2524,#2528,#1426,.T.);
#3154=EDGE_CURVE('',#2529,#2528,#1427,.T.);
#3155=EDGE_CURVE('',#2529,#2530,#1428,.T.);
#3156=EDGE_CURVE('',#2531,#2530,#2124,.F.);
#3157=EDGE_CURVE('',#2531,#2532,#1429,.T.);
#3158=EDGE_CURVE('',#2532,#2533,#1430,.T.);
#3159=EDGE_CURVE('',#2533,#2526,#1431,.T.);
#3160=EDGE_CURVE('',#2530,#2534,#1432,.T.);
#3161=EDGE_CURVE('',#2535,#2534,#2125,.T.);
#3162=EDGE_CURVE('',#2531,#2535,#1433,.T.);
#3163=EDGE_CURVE('',#2536,#2537,#1434,.T.);
#3164=EDGE_CURVE('',#2537,#2536,#2126,.T.);
#3165=EDGE_CURVE('',#2538,#2536,#1435,.T.);
#3166=EDGE_CURVE('',#2539,#2538,#2127,.T.);
#3167=EDGE_CURVE('',#2537,#2539,#1436,.T.);
#3168=EDGE_CURVE('',#2539,#2538,#1437,.T.);
#3169=EDGE_CURVE('',#2540,#2540,#2128,.T.);
#3170=EDGE_CURVE('',#2540,#2541,#1438,.T.);
#3171=EDGE_CURVE('',#2541,#2541,#2129,.T.);
#3172=EDGE_CURVE('',#2542,#2542,#2130,.T.);
#3173=EDGE_CURVE('',#2543,#2543,#2131,.T.);
#3174=EDGE_CURVE('',#2544,#2529,#1439,.T.);
#3175=EDGE_CURVE('',#2534,#2544,#1440,.T.);
#3176=EDGE_CURVE('',#2545,#2545,#2132,.T.);
#3177=EDGE_CURVE('',#2546,#2533,#1441,.T.);
#3178=EDGE_CURVE('',#2547,#2546,#1442,.T.);
#3179=EDGE_CURVE('',#2528,#2547,#1443,.T.);
#3180=EDGE_CURVE('',#2548,#2525,#1444,.T.);
#3181=EDGE_CURVE('',#2549,#2548,#1445,.T.);
#3182=EDGE_CURVE('',#2550,#2549,#1446,.T.);
#3183=EDGE_CURVE('',#2551,#2550,#1447,.T.);
#3184=EDGE_CURVE('',#2527,#2551,#1448,.T.);
#3185=EDGE_CURVE('',#2552,#2550,#1449,.T.);
#3186=EDGE_CURVE('',#2553,#2552,#1450,.T.);
#3187=EDGE_CURVE('',#2553,#2551,#1451,.T.);
#3188=EDGE_CURVE('',#2554,#2549,#1452,.T.);
#3189=EDGE_CURVE('',#2555,#2554,#2133,.T.);
#3190=EDGE_CURVE('',#2556,#2555,#1453,.T.);
#3191=EDGE_CURVE('',#2557,#2556,#16,.T.);
#3192=EDGE_CURVE('',#2558,#2557,#17,.T.);
#3193=EDGE_CURVE('',#2559,#2558,#1454,.T.);
#3194=EDGE_CURVE('',#2552,#2559,#2134,.T.);
#3195=EDGE_CURVE('',#2560,#2546,#1455,.T.);
#3196=EDGE_CURVE('',#2560,#2535,#1456,.T.);
#3197=EDGE_CURVE('',#2547,#2544,#1457,.T.);
#3198=EDGE_CURVE('',#2532,#2560,#1458,.T.);
#3199=EDGE_CURVE('',#2548,#2561,#1459,.T.);
#3200=EDGE_CURVE('',#2554,#2561,#1460,.T.);
#3201=EDGE_CURVE('',#2562,#2562,#2135,.T.);
#3202=EDGE_CURVE('',#2562,#2545,#1461,.T.);
#3203=EDGE_CURVE('',#2563,#2563,#2136,.T.);
#3204=EDGE_CURVE('',#2563,#2543,#1462,.T.);
#3205=EDGE_CURVE('',#2564,#2564,#2137,.T.);
#3206=EDGE_CURVE('',#2564,#2565,#1463,.T.);
#3207=EDGE_CURVE('',#2565,#2565,#2138,.T.);
#3208=EDGE_CURVE('',#2542,#2566,#1464,.T.);
#3209=EDGE_CURVE('',#2566,#2566,#2139,.T.);
#3210=EDGE_CURVE('',#2567,#2553,#2140,.T.);
#3211=EDGE_CURVE('',#2568,#2567,#1465,.T.);
#3212=EDGE_CURVE('',#2569,#2568,#18,.T.);
#3213=EDGE_CURVE('',#2569,#2570,#19,.F.);
#3214=EDGE_CURVE('',#2571,#2570,#1466,.T.);
#3215=EDGE_CURVE('',#2561,#2571,#2141,.T.);
#3216=EDGE_CURVE('',#2559,#2567,#1467,.T.);
#3217=EDGE_CURVE('',#2571,#2555,#1468,.T.);
#3218=EDGE_CURVE('',#2556,#2570,#20,.T.);
#3219=EDGE_CURVE('',#2569,#2557,#21,.T.);
#3220=EDGE_CURVE('',#2568,#2558,#22,.T.);
#3221=EDGE_CURVE('',#2572,#2572,#2142,.T.);
#3222=EDGE_CURVE('',#2573,#2573,#2143,.T.);
#3223=EDGE_CURVE('',#2574,#2574,#2144,.T.);
#3224=EDGE_CURVE('',#2574,#2575,#1469,.T.);
#3225=EDGE_CURVE('',#2575,#2575,#2145,.T.);
#3226=EDGE_CURVE('',#2576,#2576,#2146,.T.);
#3227=EDGE_CURVE('',#2576,#2573,#1470,.T.);
#3228=EDGE_CURVE('',#2577,#2577,#2147,.T.);
#3229=EDGE_CURVE('',#2577,#2572,#1471,.T.);
#3230=EDGE_CURVE('',#2578,#2578,#2148,.T.);
#3231=EDGE_CURVE('',#2578,#2579,#1472,.T.);
#3232=EDGE_CURVE('',#2579,#2579,#2149,.T.);
#3233=EDGE_CURVE('',#2580,#2580,#2150,.T.);
#3234=EDGE_CURVE('',#2580,#2581,#1473,.T.);
#3235=EDGE_CURVE('',#2581,#2581,#2151,.T.);
#3236=EDGE_CURVE('',#2582,#2583,#1474,.T.);
#3237=EDGE_CURVE('',#2582,#2584,#1475,.T.);
#3238=EDGE_CURVE('',#2584,#2585,#1476,.T.);
#3239=EDGE_CURVE('',#2583,#2585,#1477,.T.);
#3240=EDGE_CURVE('',#2583,#2586,#2152,.T.);
#3241=EDGE_CURVE('',#2585,#2587,#2153,.T.);
#3242=EDGE_CURVE('',#2586,#2587,#1478,.T.);
#3243=EDGE_CURVE('',#2586,#2588,#1479,.T.);
#3244=EDGE_CURVE('',#2587,#2589,#1480,.T.);
#3245=EDGE_CURVE('',#2588,#2589,#1481,.T.);
#3246=EDGE_CURVE('',#2588,#2590,#2154,.T.);
#3247=EDGE_CURVE('',#2589,#2591,#2155,.T.);
#3248=EDGE_CURVE('',#2590,#2591,#1482,.T.);
#3249=EDGE_CURVE('',#2590,#2592,#1483,.T.);
#3250=EDGE_CURVE('',#2591,#2593,#1484,.T.);
#3251=EDGE_CURVE('',#2592,#2593,#1485,.T.);
#3252=EDGE_CURVE('',#2594,#2582,#2156,.T.);
#3253=EDGE_CURVE('',#2594,#2595,#1486,.T.);
#3254=EDGE_CURVE('',#2595,#2584,#2157,.T.);
#3255=EDGE_CURVE('',#2596,#2594,#1487,.T.);
#3256=EDGE_CURVE('',#2596,#2597,#1488,.T.);
#3257=EDGE_CURVE('',#2597,#2595,#1489,.T.);
#3258=EDGE_CURVE('',#2592,#2596,#2158,.T.);
#3259=EDGE_CURVE('',#2593,#2597,#2159,.T.);
#3260=EDGE_CURVE('',#2598,#2599,#2160,.T.);
#3261=EDGE_CURVE('',#2600,#2598,#1490,.T.);
#3262=EDGE_CURVE('',#2601,#2600,#2161,.T.);
#3263=EDGE_CURVE('',#2602,#2601,#1491,.T.);
#3264=EDGE_CURVE('',#2603,#2602,#2162,.T.);
#3265=EDGE_CURVE('',#2604,#2603,#1492,.T.);
#3266=EDGE_CURVE('',#2605,#2604,#2163,.T.);
#3267=EDGE_CURVE('',#2599,#2605,#1493,.T.);
#3268=EDGE_CURVE('',#2601,#2606,#1494,.T.);
#3269=EDGE_CURVE('',#2607,#2606,#1495,.T.);
#3270=EDGE_CURVE('',#2602,#2607,#1496,.T.);
#3271=EDGE_CURVE('',#2600,#2608,#1497,.T.);
#3272=EDGE_CURVE('',#2606,#2608,#2164,.T.);
#3273=EDGE_CURVE('',#2598,#2609,#1498,.T.);
#3274=EDGE_CURVE('',#2608,#2609,#1499,.T.);
#3275=EDGE_CURVE('',#2599,#2610,#1500,.T.);
#3276=EDGE_CURVE('',#2609,#2610,#2165,.T.);
#3277=EDGE_CURVE('',#2611,#2607,#2166,.T.);
#3278=EDGE_CURVE('',#2603,#2611,#1501,.T.);
#3279=EDGE_CURVE('',#2612,#2611,#1502,.T.);
#3280=EDGE_CURVE('',#2604,#2612,#1503,.T.);
#3281=EDGE_CURVE('',#2613,#2612,#2167,.T.);
#3282=EDGE_CURVE('',#2605,#2613,#1504,.T.);
#3283=EDGE_CURVE('',#2610,#2613,#1505,.T.);
#3284=ORIENTED_EDGE('',*,*,#2614,.F.);
#3285=ORIENTED_EDGE('',*,*,#2615,.F.);
#3286=ORIENTED_EDGE('',*,*,#2616,.F.);
#3287=ORIENTED_EDGE('',*,*,#2617,.T.);
#3288=ORIENTED_EDGE('',*,*,#2618,.F.);
#3289=ORIENTED_EDGE('',*,*,#2617,.F.);
#3290=ORIENTED_EDGE('',*,*,#2619,.F.);
#3291=ORIENTED_EDGE('',*,*,#2620,.F.);
#3292=ORIENTED_EDGE('',*,*,#2621,.F.);
#3293=ORIENTED_EDGE('',*,*,#2622,.F.);
#3294=ORIENTED_EDGE('',*,*,#2623,.F.);
#3295=ORIENTED_EDGE('',*,*,#2624,.T.);
#3296=ORIENTED_EDGE('',*,*,#2625,.F.);
#3297=ORIENTED_EDGE('',*,*,#2624,.F.);
#3298=ORIENTED_EDGE('',*,*,#2626,.F.);
#3299=ORIENTED_EDGE('',*,*,#2627,.T.);
#3300=ORIENTED_EDGE('',*,*,#2628,.F.);
#3301=ORIENTED_EDGE('',*,*,#2627,.F.);
#3302=ORIENTED_EDGE('',*,*,#2629,.F.);
#3303=ORIENTED_EDGE('',*,*,#2615,.T.);
#3304=ORIENTED_EDGE('',*,*,#2620,.T.);
#3305=ORIENTED_EDGE('',*,*,#2630,.T.);
#3306=ORIENTED_EDGE('',*,*,#2631,.T.);
#3307=ORIENTED_EDGE('',*,*,#2632,.T.);
#3308=ORIENTED_EDGE('',*,*,#2633,.T.);
#3309=ORIENTED_EDGE('',*,*,#2634,.T.);
#3310=ORIENTED_EDGE('',*,*,#2622,.T.);
#3311=ORIENTED_EDGE('',*,*,#2635,.T.);
#3312=ORIENTED_EDGE('',*,*,#2636,.T.);
#3313=ORIENTED_EDGE('',*,*,#2637,.T.);
#3314=ORIENTED_EDGE('',*,*,#2638,.T.);
#3315=ORIENTED_EDGE('',*,*,#2639,.T.);
#3316=ORIENTED_EDGE('',*,*,#2619,.T.);
#3317=ORIENTED_EDGE('',*,*,#2616,.T.);
#3318=ORIENTED_EDGE('',*,*,#2629,.T.);
#3319=ORIENTED_EDGE('',*,*,#2626,.T.);
#3320=ORIENTED_EDGE('',*,*,#2623,.T.);
#3321=ORIENTED_EDGE('',*,*,#2634,.F.);
#3322=ORIENTED_EDGE('',*,*,#2640,.F.);
#3323=ORIENTED_EDGE('',*,*,#2641,.F.);
#3324=ORIENTED_EDGE('',*,*,#2642,.F.);
#3325=ORIENTED_EDGE('',*,*,#2643,.F.);
#3326=ORIENTED_EDGE('',*,*,#2644,.F.);
#3327=ORIENTED_EDGE('',*,*,#2630,.F.);
#3328=ORIENTED_EDGE('',*,*,#2645,.F.);
#3329=ORIENTED_EDGE('',*,*,#2646,.T.);
#3330=ORIENTED_EDGE('',*,*,#2647,.F.);
#3331=ORIENTED_EDGE('',*,*,#2648,.T.);
#3332=ORIENTED_EDGE('',*,*,#2649,.F.);
#3333=ORIENTED_EDGE('',*,*,#2650,.F.);
#3334=ORIENTED_EDGE('',*,*,#2651,.F.);
#3335=ORIENTED_EDGE('',*,*,#2646,.F.);
#3336=ORIENTED_EDGE('',*,*,#2652,.F.);
#3337=ORIENTED_EDGE('',*,*,#2653,.F.);
#3338=ORIENTED_EDGE('',*,*,#2654,.F.);
#3339=ORIENTED_EDGE('',*,*,#2648,.F.);
#3340=ORIENTED_EDGE('',*,*,#2652,.T.);
#3341=ORIENTED_EDGE('',*,*,#2645,.T.);
#3342=ORIENTED_EDGE('',*,*,#2651,.T.);
#3343=ORIENTED_EDGE('',*,*,#2655,.F.);
#3344=ORIENTED_EDGE('',*,*,#2656,.F.);
#3345=ORIENTED_EDGE('',*,*,#2657,.F.);
#3346=ORIENTED_EDGE('',*,*,#2658,.F.);
#3347=ORIENTED_EDGE('',*,*,#2659,.F.);
#3348=ORIENTED_EDGE('',*,*,#2660,.F.);
#3349=ORIENTED_EDGE('',*,*,#2661,.F.);
#3350=ORIENTED_EDGE('',*,*,#2662,.F.);
#3351=ORIENTED_EDGE('',*,*,#2663,.F.);
#3352=ORIENTED_EDGE('',*,*,#2664,.F.);
#3353=ORIENTED_EDGE('',*,*,#2665,.F.);
#3354=ORIENTED_EDGE('',*,*,#2666,.F.);
#3355=ORIENTED_EDGE('',*,*,#2667,.F.);
#3356=ORIENTED_EDGE('',*,*,#2668,.F.);
#3357=ORIENTED_EDGE('',*,*,#2669,.F.);
#3358=ORIENTED_EDGE('',*,*,#2670,.F.);
#3359=ORIENTED_EDGE('',*,*,#2671,.F.);
#3360=ORIENTED_EDGE('',*,*,#2672,.F.);
#3361=ORIENTED_EDGE('',*,*,#2673,.F.);
#3362=ORIENTED_EDGE('',*,*,#2674,.F.);
#3363=ORIENTED_EDGE('',*,*,#2675,.F.);
#3364=ORIENTED_EDGE('',*,*,#2676,.F.);
#3365=ORIENTED_EDGE('',*,*,#2677,.F.);
#3366=ORIENTED_EDGE('',*,*,#2678,.F.);
#3367=ORIENTED_EDGE('',*,*,#2679,.F.);
#3368=ORIENTED_EDGE('',*,*,#2680,.F.);
#3369=ORIENTED_EDGE('',*,*,#2681,.F.);
#3370=ORIENTED_EDGE('',*,*,#2682,.F.);
#3371=ORIENTED_EDGE('',*,*,#2683,.F.);
#3372=ORIENTED_EDGE('',*,*,#2684,.F.);
#3373=ORIENTED_EDGE('',*,*,#2685,.F.);
#3374=ORIENTED_EDGE('',*,*,#2686,.F.);
#3375=ORIENTED_EDGE('',*,*,#2687,.F.);
#3376=ORIENTED_EDGE('',*,*,#2688,.F.);
#3377=ORIENTED_EDGE('',*,*,#2689,.F.);
#3378=ORIENTED_EDGE('',*,*,#2690,.F.);
#3379=ORIENTED_EDGE('',*,*,#2691,.F.);
#3380=ORIENTED_EDGE('',*,*,#2692,.F.);
#3381=ORIENTED_EDGE('',*,*,#2693,.F.);
#3382=ORIENTED_EDGE('',*,*,#2694,.F.);
#3383=ORIENTED_EDGE('',*,*,#2695,.F.);
#3384=ORIENTED_EDGE('',*,*,#2696,.T.);
#3385=ORIENTED_EDGE('',*,*,#2697,.T.);
#3386=ORIENTED_EDGE('',*,*,#2698,.T.);
#3387=ORIENTED_EDGE('',*,*,#2699,.T.);
#3388=ORIENTED_EDGE('',*,*,#2700,.T.);
#3389=ORIENTED_EDGE('',*,*,#2701,.T.);
#3390=ORIENTED_EDGE('',*,*,#2702,.T.);
#3391=ORIENTED_EDGE('',*,*,#2703,.T.);
#3392=ORIENTED_EDGE('',*,*,#2704,.T.);
#3393=ORIENTED_EDGE('',*,*,#2705,.T.);
#3394=ORIENTED_EDGE('',*,*,#2706,.T.);
#3395=ORIENTED_EDGE('',*,*,#2707,.T.);
#3396=ORIENTED_EDGE('',*,*,#2708,.T.);
#3397=ORIENTED_EDGE('',*,*,#2709,.T.);
#3398=ORIENTED_EDGE('',*,*,#2710,.T.);
#3399=ORIENTED_EDGE('',*,*,#2711,.T.);
#3400=ORIENTED_EDGE('',*,*,#2712,.T.);
#3401=ORIENTED_EDGE('',*,*,#2713,.T.);
#3402=ORIENTED_EDGE('',*,*,#2650,.T.);
#3403=ORIENTED_EDGE('',*,*,#2714,.F.);
#3404=ORIENTED_EDGE('',*,*,#2715,.T.);
#3405=ORIENTED_EDGE('',*,*,#2655,.T.);
#3406=ORIENTED_EDGE('',*,*,#2653,.T.);
#3407=ORIENTED_EDGE('',*,*,#2695,.T.);
#3408=ORIENTED_EDGE('',*,*,#2716,.F.);
#3409=ORIENTED_EDGE('',*,*,#2717,.F.);
#3410=ORIENTED_EDGE('',*,*,#2718,.T.);
#3411=ORIENTED_EDGE('',*,*,#2719,.T.);
#3412=ORIENTED_EDGE('',*,*,#2720,.T.);
#3413=ORIENTED_EDGE('',*,*,#2721,.T.);
#3414=ORIENTED_EDGE('',*,*,#2722,.T.);
#3415=ORIENTED_EDGE('',*,*,#2723,.T.);
#3416=ORIENTED_EDGE('',*,*,#2696,.F.);
#3417=ORIENTED_EDGE('',*,*,#2724,.T.);
#3418=ORIENTED_EDGE('',*,*,#2725,.T.);
#3419=ORIENTED_EDGE('',*,*,#2724,.F.);
#3420=ORIENTED_EDGE('',*,*,#2725,.F.);
#3421=ORIENTED_EDGE('',*,*,#2713,.F.);
#3422=ORIENTED_EDGE('',*,*,#2726,.T.);
#3423=ORIENTED_EDGE('',*,*,#2727,.T.);
#3424=ORIENTED_EDGE('',*,*,#2726,.F.);
#3425=ORIENTED_EDGE('',*,*,#2727,.F.);
#3426=ORIENTED_EDGE('',*,*,#2697,.F.);
#3427=ORIENTED_EDGE('',*,*,#2728,.T.);
#3428=ORIENTED_EDGE('',*,*,#2729,.T.);
#3429=ORIENTED_EDGE('',*,*,#2728,.F.);
#3430=ORIENTED_EDGE('',*,*,#2729,.F.);
#3431=ORIENTED_EDGE('',*,*,#2712,.F.);
#3432=ORIENTED_EDGE('',*,*,#2730,.T.);
#3433=ORIENTED_EDGE('',*,*,#2731,.T.);
#3434=ORIENTED_EDGE('',*,*,#2730,.F.);
#3435=ORIENTED_EDGE('',*,*,#2731,.F.);
#3436=ORIENTED_EDGE('',*,*,#2698,.F.);
#3437=ORIENTED_EDGE('',*,*,#2732,.T.);
#3438=ORIENTED_EDGE('',*,*,#2733,.T.);
#3439=ORIENTED_EDGE('',*,*,#2732,.F.);
#3440=ORIENTED_EDGE('',*,*,#2733,.F.);
#3441=ORIENTED_EDGE('',*,*,#2711,.F.);
#3442=ORIENTED_EDGE('',*,*,#2734,.T.);
#3443=ORIENTED_EDGE('',*,*,#2735,.T.);
#3444=ORIENTED_EDGE('',*,*,#2734,.F.);
#3445=ORIENTED_EDGE('',*,*,#2735,.F.);
#3446=ORIENTED_EDGE('',*,*,#2699,.F.);
#3447=ORIENTED_EDGE('',*,*,#2736,.T.);
#3448=ORIENTED_EDGE('',*,*,#2737,.T.);
#3449=ORIENTED_EDGE('',*,*,#2736,.F.);
#3450=ORIENTED_EDGE('',*,*,#2737,.F.);
#3451=ORIENTED_EDGE('',*,*,#2710,.F.);
#3452=ORIENTED_EDGE('',*,*,#2738,.T.);
#3453=ORIENTED_EDGE('',*,*,#2739,.T.);
#3454=ORIENTED_EDGE('',*,*,#2738,.F.);
#3455=ORIENTED_EDGE('',*,*,#2739,.F.);
#3456=ORIENTED_EDGE('',*,*,#2740,.F.);
#3457=ORIENTED_EDGE('',*,*,#2741,.T.);
#3458=ORIENTED_EDGE('',*,*,#2700,.F.);
#3459=ORIENTED_EDGE('',*,*,#2741,.F.);
#3460=ORIENTED_EDGE('',*,*,#2742,.F.);
#3461=ORIENTED_EDGE('',*,*,#2743,.T.);
#3462=ORIENTED_EDGE('',*,*,#2701,.F.);
#3463=ORIENTED_EDGE('',*,*,#2743,.F.);
#3464=ORIENTED_EDGE('',*,*,#2704,.F.);
#3465=ORIENTED_EDGE('',*,*,#2744,.F.);
#3466=ORIENTED_EDGE('',*,*,#2745,.F.);
#3467=ORIENTED_EDGE('',*,*,#2746,.T.);
#3468=ORIENTED_EDGE('',*,*,#2705,.F.);
#3469=ORIENTED_EDGE('',*,*,#2746,.F.);
#3470=ORIENTED_EDGE('',*,*,#2747,.F.);
#3471=ORIENTED_EDGE('',*,*,#2748,.T.);
#3472=ORIENTED_EDGE('',*,*,#2702,.F.);
#3473=ORIENTED_EDGE('',*,*,#2748,.F.);
#3474=ORIENTED_EDGE('',*,*,#2749,.F.);
#3475=ORIENTED_EDGE('',*,*,#2750,.T.);
#3476=ORIENTED_EDGE('',*,*,#2703,.F.);
#3477=ORIENTED_EDGE('',*,*,#2750,.F.);
#3478=ORIENTED_EDGE('',*,*,#2751,.F.);
#3479=ORIENTED_EDGE('',*,*,#2744,.T.);
#3480=ORIENTED_EDGE('',*,*,#2752,.F.);
#3481=ORIENTED_EDGE('',*,*,#2753,.T.);
#3482=ORIENTED_EDGE('',*,*,#2709,.F.);
#3483=ORIENTED_EDGE('',*,*,#2753,.F.);
#3484=ORIENTED_EDGE('',*,*,#2722,.F.);
#3485=ORIENTED_EDGE('',*,*,#2754,.T.);
#3486=ORIENTED_EDGE('',*,*,#2708,.F.);
#3487=ORIENTED_EDGE('',*,*,#2754,.F.);
#3488=ORIENTED_EDGE('',*,*,#2721,.F.);
#3489=ORIENTED_EDGE('',*,*,#2755,.T.);
#3490=ORIENTED_EDGE('',*,*,#2756,.F.);
#3491=ORIENTED_EDGE('',*,*,#2755,.F.);
#3492=ORIENTED_EDGE('',*,*,#2720,.F.);
#3493=ORIENTED_EDGE('',*,*,#2757,.T.);
#3494=ORIENTED_EDGE('',*,*,#2706,.F.);
#3495=ORIENTED_EDGE('',*,*,#2757,.F.);
#3496=ORIENTED_EDGE('',*,*,#2719,.F.);
#3497=ORIENTED_EDGE('',*,*,#2758,.T.);
#3498=ORIENTED_EDGE('',*,*,#2759,.F.);
#3499=ORIENTED_EDGE('',*,*,#2758,.F.);
#3500=ORIENTED_EDGE('',*,*,#2718,.F.);
#3501=ORIENTED_EDGE('',*,*,#2760,.T.);
#3502=ORIENTED_EDGE('',*,*,#2707,.F.);
#3503=ORIENTED_EDGE('',*,*,#2760,.F.);
#3504=ORIENTED_EDGE('',*,*,#2761,.F.);
#3505=ORIENTED_EDGE('',*,*,#2762,.F.);
#3506=ORIENTED_EDGE('',*,*,#2656,.T.);
#3507=ORIENTED_EDGE('',*,*,#2715,.F.);
#3508=ORIENTED_EDGE('',*,*,#2763,.F.);
#3509=ORIENTED_EDGE('',*,*,#2764,.T.);
#3510=ORIENTED_EDGE('',*,*,#2693,.T.);
#3511=ORIENTED_EDGE('',*,*,#2765,.F.);
#3512=ORIENTED_EDGE('',*,*,#2766,.F.);
#3513=ORIENTED_EDGE('',*,*,#2716,.T.);
#3514=ORIENTED_EDGE('',*,*,#2694,.T.);
#3515=ORIENTED_EDGE('',*,*,#2764,.F.);
#3516=ORIENTED_EDGE('',*,*,#2767,.F.);
#3517=ORIENTED_EDGE('',*,*,#2768,.F.);
#3518=ORIENTED_EDGE('',*,*,#2765,.T.);
#3519=ORIENTED_EDGE('',*,*,#2692,.T.);
#3520=ORIENTED_EDGE('',*,*,#2657,.T.);
#3521=ORIENTED_EDGE('',*,*,#2762,.T.);
#3522=ORIENTED_EDGE('',*,*,#2769,.F.);
#3523=ORIENTED_EDGE('',*,*,#2770,.F.);
#3524=ORIENTED_EDGE('',*,*,#2771,.T.);
#3525=ORIENTED_EDGE('',*,*,#2772,.F.);
#3526=ORIENTED_EDGE('',*,*,#2773,.F.);
#3527=ORIENTED_EDGE('',*,*,#2774,.F.);
#3528=ORIENTED_EDGE('',*,*,#2775,.T.);
#3529=ORIENTED_EDGE('',*,*,#2647,.T.);
#3530=ORIENTED_EDGE('',*,*,#2717,.T.);
#3531=ORIENTED_EDGE('',*,*,#2766,.T.);
#3532=ORIENTED_EDGE('',*,*,#2763,.T.);
#3533=ORIENTED_EDGE('',*,*,#2768,.T.);
#3534=ORIENTED_EDGE('',*,*,#2776,.T.);
#3535=ORIENTED_EDGE('',*,*,#2777,.F.);
#3536=ORIENTED_EDGE('',*,*,#2778,.F.);
#3537=ORIENTED_EDGE('',*,*,#2779,.F.);
#3538=ORIENTED_EDGE('',*,*,#2780,.F.);
#3539=ORIENTED_EDGE('',*,*,#2781,.F.);
#3540=ORIENTED_EDGE('',*,*,#2769,.T.);
#3541=ORIENTED_EDGE('',*,*,#2761,.T.);
#3542=ORIENTED_EDGE('',*,*,#2714,.T.);
#3543=ORIENTED_EDGE('',*,*,#2649,.T.);
#3544=ORIENTED_EDGE('',*,*,#2654,.T.);
#3545=ORIENTED_EDGE('',*,*,#2631,.F.);
#3546=ORIENTED_EDGE('',*,*,#2644,.T.);
#3547=ORIENTED_EDGE('',*,*,#2782,.F.);
#3548=ORIENTED_EDGE('',*,*,#2783,.F.);
#3549=ORIENTED_EDGE('',*,*,#2691,.T.);
#3550=ORIENTED_EDGE('',*,*,#2784,.F.);
#3551=ORIENTED_EDGE('',*,*,#2785,.F.);
#3552=ORIENTED_EDGE('',*,*,#2786,.F.);
#3553=ORIENTED_EDGE('',*,*,#2787,.F.);
#3554=ORIENTED_EDGE('',*,*,#2788,.T.);
#3555=ORIENTED_EDGE('',*,*,#2789,.F.);
#3556=ORIENTED_EDGE('',*,*,#2776,.F.);
#3557=ORIENTED_EDGE('',*,*,#2767,.T.);
#3558=ORIENTED_EDGE('',*,*,#2682,.T.);
#3559=ORIENTED_EDGE('',*,*,#2790,.T.);
#3560=ORIENTED_EDGE('',*,*,#2791,.T.);
#3561=ORIENTED_EDGE('',*,*,#2792,.T.);
#3562=ORIENTED_EDGE('',*,*,#2678,.T.);
#3563=ORIENTED_EDGE('',*,*,#2793,.T.);
#3564=ORIENTED_EDGE('',*,*,#2794,.T.);
#3565=ORIENTED_EDGE('',*,*,#2795,.T.);
#3566=ORIENTED_EDGE('',*,*,#2674,.T.);
#3567=ORIENTED_EDGE('',*,*,#2796,.T.);
#3568=ORIENTED_EDGE('',*,*,#2797,.T.);
#3569=ORIENTED_EDGE('',*,*,#2798,.T.);
#3570=ORIENTED_EDGE('',*,*,#2670,.T.);
#3571=ORIENTED_EDGE('',*,*,#2799,.T.);
#3572=ORIENTED_EDGE('',*,*,#2800,.T.);
#3573=ORIENTED_EDGE('',*,*,#2801,.T.);
#3574=ORIENTED_EDGE('',*,*,#2666,.T.);
#3575=ORIENTED_EDGE('',*,*,#2802,.T.);
#3576=ORIENTED_EDGE('',*,*,#2803,.T.);
#3577=ORIENTED_EDGE('',*,*,#2804,.T.);
#3578=ORIENTED_EDGE('',*,*,#2662,.T.);
#3579=ORIENTED_EDGE('',*,*,#2805,.T.);
#3580=ORIENTED_EDGE('',*,*,#2806,.T.);
#3581=ORIENTED_EDGE('',*,*,#2807,.T.);
#3582=ORIENTED_EDGE('',*,*,#2658,.T.);
#3583=ORIENTED_EDGE('',*,*,#2775,.F.);
#3584=ORIENTED_EDGE('',*,*,#2808,.F.);
#3585=ORIENTED_EDGE('',*,*,#2784,.T.);
#3586=ORIENTED_EDGE('',*,*,#2690,.T.);
#3587=ORIENTED_EDGE('',*,*,#2809,.T.);
#3588=ORIENTED_EDGE('',*,*,#2810,.T.);
#3589=ORIENTED_EDGE('',*,*,#2811,.T.);
#3590=ORIENTED_EDGE('',*,*,#2686,.T.);
#3591=ORIENTED_EDGE('',*,*,#2812,.T.);
#3592=ORIENTED_EDGE('',*,*,#2813,.T.);
#3593=ORIENTED_EDGE('',*,*,#2814,.T.);
#3594=ORIENTED_EDGE('',*,*,#2815,.T.);
#3595=ORIENTED_EDGE('',*,*,#2816,.T.);
#3596=ORIENTED_EDGE('',*,*,#2813,.F.);
#3597=ORIENTED_EDGE('',*,*,#2817,.T.);
#3598=ORIENTED_EDGE('',*,*,#2683,.T.);
#3599=ORIENTED_EDGE('',*,*,#2814,.F.);
#3600=ORIENTED_EDGE('',*,*,#2816,.F.);
#3601=ORIENTED_EDGE('',*,*,#2818,.F.);
#3602=ORIENTED_EDGE('',*,*,#2684,.T.);
#3603=ORIENTED_EDGE('',*,*,#2818,.T.);
#3604=ORIENTED_EDGE('',*,*,#2815,.F.);
#3605=ORIENTED_EDGE('',*,*,#2819,.F.);
#3606=ORIENTED_EDGE('',*,*,#2685,.T.);
#3607=ORIENTED_EDGE('',*,*,#2819,.T.);
#3608=ORIENTED_EDGE('',*,*,#2817,.F.);
#3609=ORIENTED_EDGE('',*,*,#2812,.F.);
#3610=ORIENTED_EDGE('',*,*,#2820,.T.);
#3611=ORIENTED_EDGE('',*,*,#2821,.T.);
#3612=ORIENTED_EDGE('',*,*,#2794,.F.);
#3613=ORIENTED_EDGE('',*,*,#2822,.T.);
#3614=ORIENTED_EDGE('',*,*,#2675,.T.);
#3615=ORIENTED_EDGE('',*,*,#2795,.F.);
#3616=ORIENTED_EDGE('',*,*,#2821,.F.);
#3617=ORIENTED_EDGE('',*,*,#2823,.F.);
#3618=ORIENTED_EDGE('',*,*,#2676,.T.);
#3619=ORIENTED_EDGE('',*,*,#2823,.T.);
#3620=ORIENTED_EDGE('',*,*,#2820,.F.);
#3621=ORIENTED_EDGE('',*,*,#2824,.F.);
#3622=ORIENTED_EDGE('',*,*,#2677,.T.);
#3623=ORIENTED_EDGE('',*,*,#2824,.T.);
#3624=ORIENTED_EDGE('',*,*,#2822,.F.);
#3625=ORIENTED_EDGE('',*,*,#2793,.F.);
#3626=ORIENTED_EDGE('',*,*,#2825,.T.);
#3627=ORIENTED_EDGE('',*,*,#2826,.T.);
#3628=ORIENTED_EDGE('',*,*,#2806,.F.);
#3629=ORIENTED_EDGE('',*,*,#2827,.T.);
#3630=ORIENTED_EDGE('',*,*,#2659,.T.);
#3631=ORIENTED_EDGE('',*,*,#2807,.F.);
#3632=ORIENTED_EDGE('',*,*,#2826,.F.);
#3633=ORIENTED_EDGE('',*,*,#2828,.F.);
#3634=ORIENTED_EDGE('',*,*,#2660,.T.);
#3635=ORIENTED_EDGE('',*,*,#2828,.T.);
#3636=ORIENTED_EDGE('',*,*,#2825,.F.);
#3637=ORIENTED_EDGE('',*,*,#2829,.F.);
#3638=ORIENTED_EDGE('',*,*,#2661,.T.);
#3639=ORIENTED_EDGE('',*,*,#2829,.T.);
#3640=ORIENTED_EDGE('',*,*,#2827,.F.);
#3641=ORIENTED_EDGE('',*,*,#2805,.F.);
#3642=ORIENTED_EDGE('',*,*,#2830,.T.);
#3643=ORIENTED_EDGE('',*,*,#2831,.T.);
#3644=ORIENTED_EDGE('',*,*,#2800,.F.);
#3645=ORIENTED_EDGE('',*,*,#2832,.T.);
#3646=ORIENTED_EDGE('',*,*,#2667,.T.);
#3647=ORIENTED_EDGE('',*,*,#2801,.F.);
#3648=ORIENTED_EDGE('',*,*,#2831,.F.);
#3649=ORIENTED_EDGE('',*,*,#2833,.F.);
#3650=ORIENTED_EDGE('',*,*,#2668,.T.);
#3651=ORIENTED_EDGE('',*,*,#2833,.T.);
#3652=ORIENTED_EDGE('',*,*,#2830,.F.);
#3653=ORIENTED_EDGE('',*,*,#2834,.F.);
#3654=ORIENTED_EDGE('',*,*,#2669,.T.);
#3655=ORIENTED_EDGE('',*,*,#2834,.T.);
#3656=ORIENTED_EDGE('',*,*,#2832,.F.);
#3657=ORIENTED_EDGE('',*,*,#2799,.F.);
#3658=ORIENTED_EDGE('',*,*,#2835,.T.);
#3659=ORIENTED_EDGE('',*,*,#2836,.T.);
#3660=ORIENTED_EDGE('',*,*,#2803,.F.);
#3661=ORIENTED_EDGE('',*,*,#2837,.T.);
#3662=ORIENTED_EDGE('',*,*,#2663,.T.);
#3663=ORIENTED_EDGE('',*,*,#2804,.F.);
#3664=ORIENTED_EDGE('',*,*,#2836,.F.);
#3665=ORIENTED_EDGE('',*,*,#2838,.F.);
#3666=ORIENTED_EDGE('',*,*,#2664,.T.);
#3667=ORIENTED_EDGE('',*,*,#2838,.T.);
#3668=ORIENTED_EDGE('',*,*,#2835,.F.);
#3669=ORIENTED_EDGE('',*,*,#2839,.F.);
#3670=ORIENTED_EDGE('',*,*,#2665,.T.);
#3671=ORIENTED_EDGE('',*,*,#2839,.T.);
#3672=ORIENTED_EDGE('',*,*,#2837,.F.);
#3673=ORIENTED_EDGE('',*,*,#2802,.F.);
#3674=ORIENTED_EDGE('',*,*,#2840,.T.);
#3675=ORIENTED_EDGE('',*,*,#2841,.T.);
#3676=ORIENTED_EDGE('',*,*,#2797,.F.);
#3677=ORIENTED_EDGE('',*,*,#2842,.T.);
#3678=ORIENTED_EDGE('',*,*,#2671,.T.);
#3679=ORIENTED_EDGE('',*,*,#2798,.F.);
#3680=ORIENTED_EDGE('',*,*,#2841,.F.);
#3681=ORIENTED_EDGE('',*,*,#2843,.F.);
#3682=ORIENTED_EDGE('',*,*,#2672,.T.);
#3683=ORIENTED_EDGE('',*,*,#2843,.T.);
#3684=ORIENTED_EDGE('',*,*,#2840,.F.);
#3685=ORIENTED_EDGE('',*,*,#2844,.F.);
#3686=ORIENTED_EDGE('',*,*,#2673,.T.);
#3687=ORIENTED_EDGE('',*,*,#2844,.T.);
#3688=ORIENTED_EDGE('',*,*,#2842,.F.);
#3689=ORIENTED_EDGE('',*,*,#2796,.F.);
#3690=ORIENTED_EDGE('',*,*,#2845,.T.);
#3691=ORIENTED_EDGE('',*,*,#2846,.T.);
#3692=ORIENTED_EDGE('',*,*,#2791,.F.);
#3693=ORIENTED_EDGE('',*,*,#2847,.T.);
#3694=ORIENTED_EDGE('',*,*,#2679,.T.);
#3695=ORIENTED_EDGE('',*,*,#2792,.F.);
#3696=ORIENTED_EDGE('',*,*,#2846,.F.);
#3697=ORIENTED_EDGE('',*,*,#2848,.F.);
#3698=ORIENTED_EDGE('',*,*,#2680,.T.);
#3699=ORIENTED_EDGE('',*,*,#2848,.T.);
#3700=ORIENTED_EDGE('',*,*,#2845,.F.);
#3701=ORIENTED_EDGE('',*,*,#2849,.F.);
#3702=ORIENTED_EDGE('',*,*,#2681,.T.);
#3703=ORIENTED_EDGE('',*,*,#2849,.T.);
#3704=ORIENTED_EDGE('',*,*,#2847,.F.);
#3705=ORIENTED_EDGE('',*,*,#2790,.F.);
#3706=ORIENTED_EDGE('',*,*,#2850,.T.);
#3707=ORIENTED_EDGE('',*,*,#2851,.T.);
#3708=ORIENTED_EDGE('',*,*,#2810,.F.);
#3709=ORIENTED_EDGE('',*,*,#2852,.T.);
#3710=ORIENTED_EDGE('',*,*,#2687,.T.);
#3711=ORIENTED_EDGE('',*,*,#2811,.F.);
#3712=ORIENTED_EDGE('',*,*,#2851,.F.);
#3713=ORIENTED_EDGE('',*,*,#2853,.F.);
#3714=ORIENTED_EDGE('',*,*,#2688,.T.);
#3715=ORIENTED_EDGE('',*,*,#2853,.T.);
#3716=ORIENTED_EDGE('',*,*,#2850,.F.);
#3717=ORIENTED_EDGE('',*,*,#2854,.F.);
#3718=ORIENTED_EDGE('',*,*,#2689,.T.);
#3719=ORIENTED_EDGE('',*,*,#2854,.T.);
#3720=ORIENTED_EDGE('',*,*,#2852,.F.);
#3721=ORIENTED_EDGE('',*,*,#2809,.F.);
#3722=ORIENTED_EDGE('',*,*,#2637,.F.);
#3723=ORIENTED_EDGE('',*,*,#2855,.F.);
#3724=ORIENTED_EDGE('',*,*,#2780,.T.);
#3725=ORIENTED_EDGE('',*,*,#2856,.F.);
#3726=ORIENTED_EDGE('',*,*,#2638,.F.);
#3727=ORIENTED_EDGE('',*,*,#2856,.T.);
#3728=ORIENTED_EDGE('',*,*,#2779,.T.);
#3729=ORIENTED_EDGE('',*,*,#2857,.F.);
#3730=ORIENTED_EDGE('',*,*,#2632,.F.);
#3731=ORIENTED_EDGE('',*,*,#2783,.T.);
#3732=ORIENTED_EDGE('',*,*,#2858,.F.);
#3733=ORIENTED_EDGE('',*,*,#2859,.F.);
#3734=ORIENTED_EDGE('',*,*,#2860,.F.);
#3735=ORIENTED_EDGE('',*,*,#2861,.F.);
#3736=ORIENTED_EDGE('',*,*,#2643,.T.);
#3737=ORIENTED_EDGE('',*,*,#2862,.T.);
#3738=ORIENTED_EDGE('',*,*,#2858,.T.);
#3739=ORIENTED_EDGE('',*,*,#2782,.T.);
#3740=ORIENTED_EDGE('',*,*,#2641,.T.);
#3741=ORIENTED_EDGE('',*,*,#2863,.T.);
#3742=ORIENTED_EDGE('',*,*,#2786,.T.);
#3743=ORIENTED_EDGE('',*,*,#2864,.T.);
#3744=ORIENTED_EDGE('',*,*,#2860,.T.);
#3745=ORIENTED_EDGE('',*,*,#2865,.T.);
#3746=ORIENTED_EDGE('',*,*,#2773,.T.);
#3747=ORIENTED_EDGE('',*,*,#2866,.T.);
#3748=ORIENTED_EDGE('',*,*,#2867,.F.);
#3749=ORIENTED_EDGE('',*,*,#2756,.T.);
#3750=ORIENTED_EDGE('',*,*,#2868,.T.);
#3751=ORIENTED_EDGE('',*,*,#2867,.T.);
#3752=ORIENTED_EDGE('',*,*,#2868,.F.);
#3753=ORIENTED_EDGE('',*,*,#2869,.F.);
#3754=ORIENTED_EDGE('',*,*,#2723,.F.);
#3755=ORIENTED_EDGE('',*,*,#2870,.T.);
#3756=ORIENTED_EDGE('',*,*,#2869,.T.);
#3757=ORIENTED_EDGE('',*,*,#2870,.F.);
#3758=ORIENTED_EDGE('',*,*,#2871,.F.);
#3759=ORIENTED_EDGE('',*,*,#2759,.T.);
#3760=ORIENTED_EDGE('',*,*,#2872,.T.);
#3761=ORIENTED_EDGE('',*,*,#2871,.T.);
#3762=ORIENTED_EDGE('',*,*,#2872,.F.);
#3763=ORIENTED_EDGE('',*,*,#2873,.F.);
#3764=ORIENTED_EDGE('',*,*,#2788,.F.);
#3765=ORIENTED_EDGE('',*,*,#2874,.F.);
#3766=ORIENTED_EDGE('',*,*,#2771,.F.);
#3767=ORIENTED_EDGE('',*,*,#2618,.T.);
#3768=ORIENTED_EDGE('',*,*,#2639,.F.);
#3769=ORIENTED_EDGE('',*,*,#2857,.T.);
#3770=ORIENTED_EDGE('',*,*,#2778,.T.);
#3771=ORIENTED_EDGE('',*,*,#2875,.F.);
#3772=ORIENTED_EDGE('',*,*,#2635,.F.);
#3773=ORIENTED_EDGE('',*,*,#2621,.T.);
#3774=ORIENTED_EDGE('',*,*,#2625,.T.);
#3775=ORIENTED_EDGE('',*,*,#2628,.T.);
#3776=ORIENTED_EDGE('',*,*,#2614,.T.);
#3777=ORIENTED_EDGE('',*,*,#2636,.F.);
#3778=ORIENTED_EDGE('',*,*,#2875,.T.);
#3779=ORIENTED_EDGE('',*,*,#2777,.T.);
#3780=ORIENTED_EDGE('',*,*,#2789,.T.);
#3781=ORIENTED_EDGE('',*,*,#2873,.T.);
#3782=ORIENTED_EDGE('',*,*,#2770,.T.);
#3783=ORIENTED_EDGE('',*,*,#2781,.T.);
#3784=ORIENTED_EDGE('',*,*,#2855,.T.);
#3785=ORIENTED_EDGE('',*,*,#2633,.F.);
#3786=ORIENTED_EDGE('',*,*,#2861,.T.);
#3787=ORIENTED_EDGE('',*,*,#2866,.F.);
#3788=ORIENTED_EDGE('',*,*,#2772,.T.);
#3789=ORIENTED_EDGE('',*,*,#2874,.T.);
#3790=ORIENTED_EDGE('',*,*,#2787,.T.);
#3791=ORIENTED_EDGE('',*,*,#2863,.F.);
#3792=ORIENTED_EDGE('',*,*,#2640,.T.);
#3793=ORIENTED_EDGE('',*,*,#2865,.F.);
#3794=ORIENTED_EDGE('',*,*,#2859,.T.);
#3795=ORIENTED_EDGE('',*,*,#2862,.F.);
#3796=ORIENTED_EDGE('',*,*,#2642,.T.);
#3797=ORIENTED_EDGE('',*,*,#2864,.F.);
#3798=ORIENTED_EDGE('',*,*,#2785,.T.);
#3799=ORIENTED_EDGE('',*,*,#2808,.T.);
#3800=ORIENTED_EDGE('',*,*,#2774,.T.);
#3801=ORIENTED_EDGE('',*,*,#2740,.T.);
#3802=ORIENTED_EDGE('',*,*,#2742,.T.);
#3803=ORIENTED_EDGE('',*,*,#2749,.T.);
#3804=ORIENTED_EDGE('',*,*,#2747,.T.);
#3805=ORIENTED_EDGE('',*,*,#2745,.T.);
#3806=ORIENTED_EDGE('',*,*,#2751,.T.);
#3807=ORIENTED_EDGE('',*,*,#2752,.T.);
#3808=ORIENTED_EDGE('',*,*,#2876,.F.);
#3809=ORIENTED_EDGE('',*,*,#2877,.F.);
#3810=ORIENTED_EDGE('',*,*,#2878,.F.);
#3811=ORIENTED_EDGE('',*,*,#2879,.F.);
#3812=ORIENTED_EDGE('',*,*,#2877,.T.);
#3813=ORIENTED_EDGE('',*,*,#2880,.F.);
#3814=ORIENTED_EDGE('',*,*,#2881,.F.);
#3815=ORIENTED_EDGE('',*,*,#2882,.T.);
#3816=ORIENTED_EDGE('',*,*,#2876,.T.);
#3817=ORIENTED_EDGE('',*,*,#2883,.F.);
#3818=ORIENTED_EDGE('',*,*,#2884,.T.);
#3819=ORIENTED_EDGE('',*,*,#2880,.T.);
#3820=ORIENTED_EDGE('',*,*,#2879,.T.);
#3821=ORIENTED_EDGE('',*,*,#2885,.F.);
#3822=ORIENTED_EDGE('',*,*,#2886,.F.);
#3823=ORIENTED_EDGE('',*,*,#2883,.T.);
#3824=ORIENTED_EDGE('',*,*,#2878,.T.);
#3825=ORIENTED_EDGE('',*,*,#2882,.F.);
#3826=ORIENTED_EDGE('',*,*,#2887,.F.);
#3827=ORIENTED_EDGE('',*,*,#2885,.T.);
#3828=ORIENTED_EDGE('',*,*,#2884,.F.);
#3829=ORIENTED_EDGE('',*,*,#2886,.T.);
#3830=ORIENTED_EDGE('',*,*,#2887,.T.);
#3831=ORIENTED_EDGE('',*,*,#2881,.T.);
#3832=ORIENTED_EDGE('',*,*,#2888,.F.);
#3833=ORIENTED_EDGE('',*,*,#2889,.F.);
#3834=ORIENTED_EDGE('',*,*,#2889,.T.);
#3835=ORIENTED_EDGE('',*,*,#2890,.T.);
#3836=ORIENTED_EDGE('',*,*,#2891,.T.);
#3837=ORIENTED_EDGE('',*,*,#2892,.F.);
#3838=ORIENTED_EDGE('',*,*,#2893,.T.);
#3839=ORIENTED_EDGE('',*,*,#2890,.F.);
#3840=ORIENTED_EDGE('',*,*,#2888,.T.);
#3841=ORIENTED_EDGE('',*,*,#2891,.F.);
#3842=ORIENTED_EDGE('',*,*,#2893,.F.);
#3843=ORIENTED_EDGE('',*,*,#2892,.T.);
#3844=ORIENTED_EDGE('',*,*,#2894,.T.);
#3845=ORIENTED_EDGE('',*,*,#2894,.F.);
#3846=ORIENTED_EDGE('',*,*,#2895,.T.);
#3847=ORIENTED_EDGE('',*,*,#2896,.F.);
#3848=ORIENTED_EDGE('',*,*,#2895,.F.);
#3849=ORIENTED_EDGE('',*,*,#2897,.F.);
#3850=ORIENTED_EDGE('',*,*,#2898,.T.);
#3851=ORIENTED_EDGE('',*,*,#2899,.F.);
#3852=ORIENTED_EDGE('',*,*,#2900,.F.);
#3853=ORIENTED_EDGE('',*,*,#2901,.F.);
#3854=ORIENTED_EDGE('',*,*,#2900,.T.);
#3855=ORIENTED_EDGE('',*,*,#2902,.F.);
#3856=ORIENTED_EDGE('',*,*,#2903,.F.);
#3857=ORIENTED_EDGE('',*,*,#2904,.F.);
#3858=ORIENTED_EDGE('',*,*,#2903,.T.);
#3859=ORIENTED_EDGE('',*,*,#2905,.F.);
#3860=ORIENTED_EDGE('',*,*,#2906,.F.);
#3861=ORIENTED_EDGE('',*,*,#2907,.F.);
#3862=ORIENTED_EDGE('',*,*,#2906,.T.);
#3863=ORIENTED_EDGE('',*,*,#2908,.F.);
#3864=ORIENTED_EDGE('',*,*,#2898,.F.);
#3865=ORIENTED_EDGE('',*,*,#2907,.T.);
#3866=ORIENTED_EDGE('',*,*,#2897,.T.);
#3867=ORIENTED_EDGE('',*,*,#2901,.T.);
#3868=ORIENTED_EDGE('',*,*,#2904,.T.);
#3869=ORIENTED_EDGE('',*,*,#2908,.T.);
#3870=ORIENTED_EDGE('',*,*,#2905,.T.);
#3871=ORIENTED_EDGE('',*,*,#2902,.T.);
#3872=ORIENTED_EDGE('',*,*,#2899,.T.);
#3873=ORIENTED_EDGE('',*,*,#2896,.T.);
#3874=ORIENTED_EDGE('',*,*,#2909,.T.);
#3875=ORIENTED_EDGE('',*,*,#2909,.F.);
#3876=ORIENTED_EDGE('',*,*,#2910,.T.);
#3877=ORIENTED_EDGE('',*,*,#2911,.F.);
#3878=ORIENTED_EDGE('',*,*,#2910,.F.);
#3879=ORIENTED_EDGE('',*,*,#2912,.F.);
#3880=ORIENTED_EDGE('',*,*,#2913,.T.);
#3881=ORIENTED_EDGE('',*,*,#2914,.F.);
#3882=ORIENTED_EDGE('',*,*,#2915,.F.);
#3883=ORIENTED_EDGE('',*,*,#2916,.F.);
#3884=ORIENTED_EDGE('',*,*,#2915,.T.);
#3885=ORIENTED_EDGE('',*,*,#2917,.F.);
#3886=ORIENTED_EDGE('',*,*,#2918,.F.);
#3887=ORIENTED_EDGE('',*,*,#2919,.F.);
#3888=ORIENTED_EDGE('',*,*,#2918,.T.);
#3889=ORIENTED_EDGE('',*,*,#2920,.F.);
#3890=ORIENTED_EDGE('',*,*,#2921,.F.);
#3891=ORIENTED_EDGE('',*,*,#2922,.F.);
#3892=ORIENTED_EDGE('',*,*,#2921,.T.);
#3893=ORIENTED_EDGE('',*,*,#2923,.F.);
#3894=ORIENTED_EDGE('',*,*,#2913,.F.);
#3895=ORIENTED_EDGE('',*,*,#2922,.T.);
#3896=ORIENTED_EDGE('',*,*,#2912,.T.);
#3897=ORIENTED_EDGE('',*,*,#2916,.T.);
#3898=ORIENTED_EDGE('',*,*,#2919,.T.);
#3899=ORIENTED_EDGE('',*,*,#2923,.T.);
#3900=ORIENTED_EDGE('',*,*,#2920,.T.);
#3901=ORIENTED_EDGE('',*,*,#2917,.T.);
#3902=ORIENTED_EDGE('',*,*,#2914,.T.);
#3903=ORIENTED_EDGE('',*,*,#2911,.T.);
#3904=ORIENTED_EDGE('',*,*,#2924,.T.);
#3905=ORIENTED_EDGE('',*,*,#2924,.F.);
#3906=ORIENTED_EDGE('',*,*,#2925,.T.);
#3907=ORIENTED_EDGE('',*,*,#2926,.F.);
#3908=ORIENTED_EDGE('',*,*,#2925,.F.);
#3909=ORIENTED_EDGE('',*,*,#2927,.F.);
#3910=ORIENTED_EDGE('',*,*,#2928,.T.);
#3911=ORIENTED_EDGE('',*,*,#2929,.F.);
#3912=ORIENTED_EDGE('',*,*,#2930,.F.);
#3913=ORIENTED_EDGE('',*,*,#2931,.F.);
#3914=ORIENTED_EDGE('',*,*,#2930,.T.);
#3915=ORIENTED_EDGE('',*,*,#2932,.F.);
#3916=ORIENTED_EDGE('',*,*,#2933,.F.);
#3917=ORIENTED_EDGE('',*,*,#2934,.F.);
#3918=ORIENTED_EDGE('',*,*,#2933,.T.);
#3919=ORIENTED_EDGE('',*,*,#2935,.F.);
#3920=ORIENTED_EDGE('',*,*,#2936,.F.);
#3921=ORIENTED_EDGE('',*,*,#2937,.F.);
#3922=ORIENTED_EDGE('',*,*,#2936,.T.);
#3923=ORIENTED_EDGE('',*,*,#2938,.F.);
#3924=ORIENTED_EDGE('',*,*,#2928,.F.);
#3925=ORIENTED_EDGE('',*,*,#2937,.T.);
#3926=ORIENTED_EDGE('',*,*,#2927,.T.);
#3927=ORIENTED_EDGE('',*,*,#2931,.T.);
#3928=ORIENTED_EDGE('',*,*,#2934,.T.);
#3929=ORIENTED_EDGE('',*,*,#2938,.T.);
#3930=ORIENTED_EDGE('',*,*,#2935,.T.);
#3931=ORIENTED_EDGE('',*,*,#2932,.T.);
#3932=ORIENTED_EDGE('',*,*,#2929,.T.);
#3933=ORIENTED_EDGE('',*,*,#2926,.T.);
#3934=ORIENTED_EDGE('',*,*,#2939,.F.);
#3935=ORIENTED_EDGE('',*,*,#2940,.T.);
#3936=ORIENTED_EDGE('',*,*,#2941,.F.);
#3937=ORIENTED_EDGE('',*,*,#2942,.F.);
#3938=ORIENTED_EDGE('',*,*,#2943,.F.);
#3939=ORIENTED_EDGE('',*,*,#2942,.T.);
#3940=ORIENTED_EDGE('',*,*,#2944,.F.);
#3941=ORIENTED_EDGE('',*,*,#2945,.F.);
#3942=ORIENTED_EDGE('',*,*,#2946,.F.);
#3943=ORIENTED_EDGE('',*,*,#2945,.T.);
#3944=ORIENTED_EDGE('',*,*,#2947,.F.);
#3945=ORIENTED_EDGE('',*,*,#2948,.F.);
#3946=ORIENTED_EDGE('',*,*,#2949,.F.);
#3947=ORIENTED_EDGE('',*,*,#2948,.T.);
#3948=ORIENTED_EDGE('',*,*,#2950,.F.);
#3949=ORIENTED_EDGE('',*,*,#2940,.F.);
#3950=ORIENTED_EDGE('',*,*,#2950,.T.);
#3951=ORIENTED_EDGE('',*,*,#2947,.T.);
#3952=ORIENTED_EDGE('',*,*,#2944,.T.);
#3953=ORIENTED_EDGE('',*,*,#2941,.T.);
#3954=ORIENTED_EDGE('',*,*,#2951,.F.);
#3955=ORIENTED_EDGE('',*,*,#2952,.T.);
#3956=ORIENTED_EDGE('',*,*,#2953,.F.);
#3957=ORIENTED_EDGE('',*,*,#2954,.F.);
#3958=ORIENTED_EDGE('',*,*,#2955,.F.);
#3959=ORIENTED_EDGE('',*,*,#2954,.T.);
#3960=ORIENTED_EDGE('',*,*,#2956,.F.);
#3961=ORIENTED_EDGE('',*,*,#2957,.F.);
#3962=ORIENTED_EDGE('',*,*,#2958,.F.);
#3963=ORIENTED_EDGE('',*,*,#2957,.T.);
#3964=ORIENTED_EDGE('',*,*,#2959,.F.);
#3965=ORIENTED_EDGE('',*,*,#2960,.F.);
#3966=ORIENTED_EDGE('',*,*,#2961,.F.);
#3967=ORIENTED_EDGE('',*,*,#2960,.T.);
#3968=ORIENTED_EDGE('',*,*,#2962,.F.);
#3969=ORIENTED_EDGE('',*,*,#2952,.F.);
#3970=ORIENTED_EDGE('',*,*,#2961,.T.);
#3971=ORIENTED_EDGE('',*,*,#2951,.T.);
#3972=ORIENTED_EDGE('',*,*,#2955,.T.);
#3973=ORIENTED_EDGE('',*,*,#2958,.T.);
#3974=ORIENTED_EDGE('',*,*,#2962,.T.);
#3975=ORIENTED_EDGE('',*,*,#2959,.T.);
#3976=ORIENTED_EDGE('',*,*,#2956,.T.);
#3977=ORIENTED_EDGE('',*,*,#2953,.T.);
#3978=ORIENTED_EDGE('',*,*,#2939,.T.);
#3979=ORIENTED_EDGE('',*,*,#2943,.T.);
#3980=ORIENTED_EDGE('',*,*,#2946,.T.);
#3981=ORIENTED_EDGE('',*,*,#2949,.T.);
#3982=ORIENTED_EDGE('',*,*,#2963,.F.);
#3983=ORIENTED_EDGE('',*,*,#2964,.F.);
#3984=ORIENTED_EDGE('',*,*,#2965,.F.);
#3985=ORIENTED_EDGE('',*,*,#2966,.F.);
#3986=ORIENTED_EDGE('',*,*,#2966,.T.);
#3987=ORIENTED_EDGE('',*,*,#2967,.F.);
#3988=ORIENTED_EDGE('',*,*,#2968,.F.);
#3989=ORIENTED_EDGE('',*,*,#2969,.T.);
#3990=ORIENTED_EDGE('',*,*,#2970,.F.);
#3991=ORIENTED_EDGE('',*,*,#2965,.T.);
#3992=ORIENTED_EDGE('',*,*,#2971,.F.);
#3993=ORIENTED_EDGE('',*,*,#2972,.T.);
#3994=ORIENTED_EDGE('',*,*,#2967,.T.);
#3995=ORIENTED_EDGE('',*,*,#2973,.T.);
#3996=ORIENTED_EDGE('',*,*,#2971,.T.);
#3997=ORIENTED_EDGE('',*,*,#2964,.T.);
#3998=ORIENTED_EDGE('',*,*,#2974,.F.);
#3999=ORIENTED_EDGE('',*,*,#2975,.F.);
#4000=ORIENTED_EDGE('',*,*,#2976,.F.);
#4001=ORIENTED_EDGE('',*,*,#2977,.T.);
#4002=ORIENTED_EDGE('',*,*,#2978,.T.);
#4003=ORIENTED_EDGE('',*,*,#2977,.F.);
#4004=ORIENTED_EDGE('',*,*,#2979,.F.);
#4005=ORIENTED_EDGE('',*,*,#2980,.T.);
#4006=ORIENTED_EDGE('',*,*,#2981,.T.);
#4007=ORIENTED_EDGE('',*,*,#2980,.F.);
#4008=ORIENTED_EDGE('',*,*,#2982,.F.);
#4009=ORIENTED_EDGE('',*,*,#2983,.T.);
#4010=ORIENTED_EDGE('',*,*,#2984,.T.);
#4011=ORIENTED_EDGE('',*,*,#2983,.F.);
#4012=ORIENTED_EDGE('',*,*,#2985,.F.);
#4013=ORIENTED_EDGE('',*,*,#2986,.T.);
#4014=ORIENTED_EDGE('',*,*,#2987,.F.);
#4015=ORIENTED_EDGE('',*,*,#2969,.F.);
#4016=ORIENTED_EDGE('',*,*,#2988,.T.);
#4017=ORIENTED_EDGE('',*,*,#2975,.T.);
#4018=ORIENTED_EDGE('',*,*,#2989,.F.);
#4019=ORIENTED_EDGE('',*,*,#2990,.F.);
#4020=ORIENTED_EDGE('',*,*,#2991,.T.);
#4021=ORIENTED_EDGE('',*,*,#2990,.T.);
#4022=ORIENTED_EDGE('',*,*,#2992,.F.);
#4023=ORIENTED_EDGE('',*,*,#2986,.F.);
#4024=ORIENTED_EDGE('',*,*,#2963,.T.);
#4025=ORIENTED_EDGE('',*,*,#2970,.T.);
#4026=ORIENTED_EDGE('',*,*,#2987,.T.);
#4027=ORIENTED_EDGE('',*,*,#2992,.T.);
#4028=ORIENTED_EDGE('',*,*,#2989,.T.);
#4029=ORIENTED_EDGE('',*,*,#2974,.T.);
#4030=ORIENTED_EDGE('',*,*,#2982,.T.);
#4031=ORIENTED_EDGE('',*,*,#2979,.T.);
#4032=ORIENTED_EDGE('',*,*,#2976,.T.);
#4033=ORIENTED_EDGE('',*,*,#2991,.F.);
#4034=ORIENTED_EDGE('',*,*,#2985,.T.);
#4035=ORIENTED_EDGE('',*,*,#2968,.T.);
#4036=ORIENTED_EDGE('',*,*,#2972,.F.);
#4037=ORIENTED_EDGE('',*,*,#2973,.F.);
#4038=ORIENTED_EDGE('',*,*,#2988,.F.);
#4039=ORIENTED_EDGE('',*,*,#2984,.F.);
#4040=ORIENTED_EDGE('',*,*,#2981,.F.);
#4041=ORIENTED_EDGE('',*,*,#2978,.F.);
#4042=ORIENTED_EDGE('',*,*,#2993,.F.);
#4043=ORIENTED_EDGE('',*,*,#2994,.T.);
#4044=ORIENTED_EDGE('',*,*,#2995,.F.);
#4045=ORIENTED_EDGE('',*,*,#2996,.F.);
#4046=ORIENTED_EDGE('',*,*,#2997,.F.);
#4047=ORIENTED_EDGE('',*,*,#2996,.T.);
#4048=ORIENTED_EDGE('',*,*,#2998,.F.);
#4049=ORIENTED_EDGE('',*,*,#2999,.F.);
#4050=ORIENTED_EDGE('',*,*,#3000,.F.);
#4051=ORIENTED_EDGE('',*,*,#2999,.T.);
#4052=ORIENTED_EDGE('',*,*,#3001,.F.);
#4053=ORIENTED_EDGE('',*,*,#3002,.F.);
#4054=ORIENTED_EDGE('',*,*,#3003,.F.);
#4055=ORIENTED_EDGE('',*,*,#3002,.T.);
#4056=ORIENTED_EDGE('',*,*,#3004,.F.);
#4057=ORIENTED_EDGE('',*,*,#2994,.F.);
#4058=ORIENTED_EDGE('',*,*,#3003,.T.);
#4059=ORIENTED_EDGE('',*,*,#2993,.T.);
#4060=ORIENTED_EDGE('',*,*,#2997,.T.);
#4061=ORIENTED_EDGE('',*,*,#3000,.T.);
#4062=ORIENTED_EDGE('',*,*,#3004,.T.);
#4063=ORIENTED_EDGE('',*,*,#3001,.T.);
#4064=ORIENTED_EDGE('',*,*,#2998,.T.);
#4065=ORIENTED_EDGE('',*,*,#2995,.T.);
#4066=ORIENTED_EDGE('',*,*,#3005,.T.);
#4067=ORIENTED_EDGE('',*,*,#3006,.F.);
#4068=ORIENTED_EDGE('',*,*,#3007,.T.);
#4069=ORIENTED_EDGE('',*,*,#3005,.F.);
#4070=ORIENTED_EDGE('',*,*,#3007,.F.);
#4071=ORIENTED_EDGE('',*,*,#3006,.T.);
#4072=ORIENTED_EDGE('',*,*,#3008,.F.);
#4073=ORIENTED_EDGE('',*,*,#3009,.T.);
#4074=ORIENTED_EDGE('',*,*,#3010,.F.);
#4075=ORIENTED_EDGE('',*,*,#3011,.F.);
#4076=ORIENTED_EDGE('',*,*,#3012,.F.);
#4077=ORIENTED_EDGE('',*,*,#3011,.T.);
#4078=ORIENTED_EDGE('',*,*,#3013,.F.);
#4079=ORIENTED_EDGE('',*,*,#3014,.F.);
#4080=ORIENTED_EDGE('',*,*,#3015,.F.);
#4081=ORIENTED_EDGE('',*,*,#3014,.T.);
#4082=ORIENTED_EDGE('',*,*,#3016,.F.);
#4083=ORIENTED_EDGE('',*,*,#3017,.F.);
#4084=ORIENTED_EDGE('',*,*,#3018,.F.);
#4085=ORIENTED_EDGE('',*,*,#3017,.T.);
#4086=ORIENTED_EDGE('',*,*,#3019,.F.);
#4087=ORIENTED_EDGE('',*,*,#3009,.F.);
#4088=ORIENTED_EDGE('',*,*,#3018,.T.);
#4089=ORIENTED_EDGE('',*,*,#3008,.T.);
#4090=ORIENTED_EDGE('',*,*,#3012,.T.);
#4091=ORIENTED_EDGE('',*,*,#3015,.T.);
#4092=ORIENTED_EDGE('',*,*,#3019,.T.);
#4093=ORIENTED_EDGE('',*,*,#3016,.T.);
#4094=ORIENTED_EDGE('',*,*,#3013,.T.);
#4095=ORIENTED_EDGE('',*,*,#3010,.T.);
#4096=ORIENTED_EDGE('',*,*,#3020,.T.);
#4097=ORIENTED_EDGE('',*,*,#3021,.F.);
#4098=ORIENTED_EDGE('',*,*,#3022,.T.);
#4099=ORIENTED_EDGE('',*,*,#3020,.F.);
#4100=ORIENTED_EDGE('',*,*,#3022,.F.);
#4101=ORIENTED_EDGE('',*,*,#3021,.T.);
#4102=ORIENTED_EDGE('',*,*,#3023,.F.);
#4103=ORIENTED_EDGE('',*,*,#3024,.T.);
#4104=ORIENTED_EDGE('',*,*,#3025,.F.);
#4105=ORIENTED_EDGE('',*,*,#3026,.F.);
#4106=ORIENTED_EDGE('',*,*,#3027,.F.);
#4107=ORIENTED_EDGE('',*,*,#3026,.T.);
#4108=ORIENTED_EDGE('',*,*,#3028,.F.);
#4109=ORIENTED_EDGE('',*,*,#3029,.F.);
#4110=ORIENTED_EDGE('',*,*,#3030,.F.);
#4111=ORIENTED_EDGE('',*,*,#3029,.T.);
#4112=ORIENTED_EDGE('',*,*,#3031,.F.);
#4113=ORIENTED_EDGE('',*,*,#3032,.F.);
#4114=ORIENTED_EDGE('',*,*,#3033,.F.);
#4115=ORIENTED_EDGE('',*,*,#3032,.T.);
#4116=ORIENTED_EDGE('',*,*,#3034,.F.);
#4117=ORIENTED_EDGE('',*,*,#3024,.F.);
#4118=ORIENTED_EDGE('',*,*,#3033,.T.);
#4119=ORIENTED_EDGE('',*,*,#3023,.T.);
#4120=ORIENTED_EDGE('',*,*,#3027,.T.);
#4121=ORIENTED_EDGE('',*,*,#3030,.T.);
#4122=ORIENTED_EDGE('',*,*,#3034,.T.);
#4123=ORIENTED_EDGE('',*,*,#3031,.T.);
#4124=ORIENTED_EDGE('',*,*,#3028,.T.);
#4125=ORIENTED_EDGE('',*,*,#3025,.T.);
#4126=ORIENTED_EDGE('',*,*,#3035,.T.);
#4127=ORIENTED_EDGE('',*,*,#3036,.F.);
#4128=ORIENTED_EDGE('',*,*,#3037,.T.);
#4129=ORIENTED_EDGE('',*,*,#3035,.F.);
#4130=ORIENTED_EDGE('',*,*,#3037,.F.);
#4131=ORIENTED_EDGE('',*,*,#3036,.T.);
#4132=ORIENTED_EDGE('',*,*,#3038,.F.);
#4133=ORIENTED_EDGE('',*,*,#3039,.T.);
#4134=ORIENTED_EDGE('',*,*,#3040,.F.);
#4135=ORIENTED_EDGE('',*,*,#3041,.F.);
#4136=ORIENTED_EDGE('',*,*,#3042,.F.);
#4137=ORIENTED_EDGE('',*,*,#3041,.T.);
#4138=ORIENTED_EDGE('',*,*,#3043,.F.);
#4139=ORIENTED_EDGE('',*,*,#3044,.F.);
#4140=ORIENTED_EDGE('',*,*,#3045,.F.);
#4141=ORIENTED_EDGE('',*,*,#3044,.T.);
#4142=ORIENTED_EDGE('',*,*,#3046,.F.);
#4143=ORIENTED_EDGE('',*,*,#3047,.F.);
#4144=ORIENTED_EDGE('',*,*,#3048,.F.);
#4145=ORIENTED_EDGE('',*,*,#3047,.T.);
#4146=ORIENTED_EDGE('',*,*,#3049,.F.);
#4147=ORIENTED_EDGE('',*,*,#3039,.F.);
#4148=ORIENTED_EDGE('',*,*,#3048,.T.);
#4149=ORIENTED_EDGE('',*,*,#3038,.T.);
#4150=ORIENTED_EDGE('',*,*,#3042,.T.);
#4151=ORIENTED_EDGE('',*,*,#3045,.T.);
#4152=ORIENTED_EDGE('',*,*,#3049,.T.);
#4153=ORIENTED_EDGE('',*,*,#3046,.T.);
#4154=ORIENTED_EDGE('',*,*,#3043,.T.);
#4155=ORIENTED_EDGE('',*,*,#3040,.T.);
#4156=ORIENTED_EDGE('',*,*,#3050,.T.);
#4157=ORIENTED_EDGE('',*,*,#3051,.F.);
#4158=ORIENTED_EDGE('',*,*,#3052,.T.);
#4159=ORIENTED_EDGE('',*,*,#3050,.F.);
#4160=ORIENTED_EDGE('',*,*,#3052,.F.);
#4161=ORIENTED_EDGE('',*,*,#3051,.T.);
#4162=ORIENTED_EDGE('',*,*,#3053,.F.);
#4163=ORIENTED_EDGE('',*,*,#3054,.T.);
#4164=ORIENTED_EDGE('',*,*,#3055,.F.);
#4165=ORIENTED_EDGE('',*,*,#3056,.F.);
#4166=ORIENTED_EDGE('',*,*,#3057,.F.);
#4167=ORIENTED_EDGE('',*,*,#3056,.T.);
#4168=ORIENTED_EDGE('',*,*,#3058,.F.);
#4169=ORIENTED_EDGE('',*,*,#3059,.F.);
#4170=ORIENTED_EDGE('',*,*,#3060,.F.);
#4171=ORIENTED_EDGE('',*,*,#3059,.T.);
#4172=ORIENTED_EDGE('',*,*,#3061,.F.);
#4173=ORIENTED_EDGE('',*,*,#3062,.F.);
#4174=ORIENTED_EDGE('',*,*,#3063,.F.);
#4175=ORIENTED_EDGE('',*,*,#3062,.T.);
#4176=ORIENTED_EDGE('',*,*,#3064,.F.);
#4177=ORIENTED_EDGE('',*,*,#3054,.F.);
#4178=ORIENTED_EDGE('',*,*,#3063,.T.);
#4179=ORIENTED_EDGE('',*,*,#3053,.T.);
#4180=ORIENTED_EDGE('',*,*,#3057,.T.);
#4181=ORIENTED_EDGE('',*,*,#3060,.T.);
#4182=ORIENTED_EDGE('',*,*,#3064,.T.);
#4183=ORIENTED_EDGE('',*,*,#3061,.T.);
#4184=ORIENTED_EDGE('',*,*,#3058,.T.);
#4185=ORIENTED_EDGE('',*,*,#3055,.T.);
#4186=ORIENTED_EDGE('',*,*,#3065,.T.);
#4187=ORIENTED_EDGE('',*,*,#3066,.F.);
#4188=ORIENTED_EDGE('',*,*,#3067,.T.);
#4189=ORIENTED_EDGE('',*,*,#3065,.F.);
#4190=ORIENTED_EDGE('',*,*,#3067,.F.);
#4191=ORIENTED_EDGE('',*,*,#3066,.T.);
#4192=ORIENTED_EDGE('',*,*,#3068,.T.);
#4193=ORIENTED_EDGE('',*,*,#3068,.F.);
#4194=ORIENTED_EDGE('',*,*,#3069,.T.);
#4195=ORIENTED_EDGE('',*,*,#3070,.F.);
#4196=ORIENTED_EDGE('',*,*,#3069,.F.);
#4197=ORIENTED_EDGE('',*,*,#3071,.F.);
#4198=ORIENTED_EDGE('',*,*,#3072,.T.);
#4199=ORIENTED_EDGE('',*,*,#3073,.F.);
#4200=ORIENTED_EDGE('',*,*,#3074,.F.);
#4201=ORIENTED_EDGE('',*,*,#3075,.F.);
#4202=ORIENTED_EDGE('',*,*,#3074,.T.);
#4203=ORIENTED_EDGE('',*,*,#3076,.F.);
#4204=ORIENTED_EDGE('',*,*,#3077,.F.);
#4205=ORIENTED_EDGE('',*,*,#3078,.F.);
#4206=ORIENTED_EDGE('',*,*,#3077,.T.);
#4207=ORIENTED_EDGE('',*,*,#3079,.F.);
#4208=ORIENTED_EDGE('',*,*,#3080,.F.);
#4209=ORIENTED_EDGE('',*,*,#3081,.F.);
#4210=ORIENTED_EDGE('',*,*,#3080,.T.);
#4211=ORIENTED_EDGE('',*,*,#3082,.F.);
#4212=ORIENTED_EDGE('',*,*,#3072,.F.);
#4213=ORIENTED_EDGE('',*,*,#3081,.T.);
#4214=ORIENTED_EDGE('',*,*,#3071,.T.);
#4215=ORIENTED_EDGE('',*,*,#3075,.T.);
#4216=ORIENTED_EDGE('',*,*,#3078,.T.);
#4217=ORIENTED_EDGE('',*,*,#3082,.T.);
#4218=ORIENTED_EDGE('',*,*,#3079,.T.);
#4219=ORIENTED_EDGE('',*,*,#3076,.T.);
#4220=ORIENTED_EDGE('',*,*,#3073,.T.);
#4221=ORIENTED_EDGE('',*,*,#3070,.T.);
#4222=ORIENTED_EDGE('',*,*,#3083,.F.);
#4223=ORIENTED_EDGE('',*,*,#3084,.T.);
#4224=ORIENTED_EDGE('',*,*,#3085,.F.);
#4225=ORIENTED_EDGE('',*,*,#3086,.F.);
#4226=ORIENTED_EDGE('',*,*,#3087,.F.);
#4227=ORIENTED_EDGE('',*,*,#3086,.T.);
#4228=ORIENTED_EDGE('',*,*,#3088,.F.);
#4229=ORIENTED_EDGE('',*,*,#3089,.F.);
#4230=ORIENTED_EDGE('',*,*,#3090,.F.);
#4231=ORIENTED_EDGE('',*,*,#3089,.T.);
#4232=ORIENTED_EDGE('',*,*,#3091,.F.);
#4233=ORIENTED_EDGE('',*,*,#3092,.F.);
#4234=ORIENTED_EDGE('',*,*,#3093,.F.);
#4235=ORIENTED_EDGE('',*,*,#3092,.T.);
#4236=ORIENTED_EDGE('',*,*,#3094,.F.);
#4237=ORIENTED_EDGE('',*,*,#3084,.F.);
#4238=ORIENTED_EDGE('',*,*,#3093,.T.);
#4239=ORIENTED_EDGE('',*,*,#3083,.T.);
#4240=ORIENTED_EDGE('',*,*,#3087,.T.);
#4241=ORIENTED_EDGE('',*,*,#3090,.T.);
#4242=ORIENTED_EDGE('',*,*,#3094,.T.);
#4243=ORIENTED_EDGE('',*,*,#3091,.T.);
#4244=ORIENTED_EDGE('',*,*,#3088,.T.);
#4245=ORIENTED_EDGE('',*,*,#3085,.T.);
#4246=ORIENTED_EDGE('',*,*,#3095,.T.);
#4247=ORIENTED_EDGE('',*,*,#3096,.F.);
#4248=ORIENTED_EDGE('',*,*,#3097,.T.);
#4249=ORIENTED_EDGE('',*,*,#3095,.F.);
#4250=ORIENTED_EDGE('',*,*,#3097,.F.);
#4251=ORIENTED_EDGE('',*,*,#3096,.T.);
#4252=ORIENTED_EDGE('',*,*,#3098,.F.);
#4253=ORIENTED_EDGE('',*,*,#3099,.T.);
#4254=ORIENTED_EDGE('',*,*,#3100,.T.);
#4255=ORIENTED_EDGE('',*,*,#3099,.F.);
#4256=ORIENTED_EDGE('',*,*,#3098,.T.);
#4257=ORIENTED_EDGE('',*,*,#3100,.F.);
#4258=ORIENTED_EDGE('',*,*,#3101,.F.);
#4259=ORIENTED_EDGE('',*,*,#3102,.F.);
#4260=ORIENTED_EDGE('',*,*,#3103,.F.);
#4261=ORIENTED_EDGE('',*,*,#3104,.F.);
#4262=ORIENTED_EDGE('',*,*,#3105,.F.);
#4263=ORIENTED_EDGE('',*,*,#3104,.T.);
#4264=ORIENTED_EDGE('',*,*,#3106,.F.);
#4265=ORIENTED_EDGE('',*,*,#3107,.F.);
#4266=ORIENTED_EDGE('',*,*,#3108,.F.);
#4267=ORIENTED_EDGE('',*,*,#3106,.T.);
#4268=ORIENTED_EDGE('',*,*,#3103,.T.);
#4269=ORIENTED_EDGE('',*,*,#3109,.F.);
#4270=ORIENTED_EDGE('',*,*,#3110,.F.);
#4271=ORIENTED_EDGE('',*,*,#3111,.F.);
#4272=ORIENTED_EDGE('',*,*,#3109,.T.);
#4273=ORIENTED_EDGE('',*,*,#3102,.T.);
#4274=ORIENTED_EDGE('',*,*,#3110,.T.);
#4275=ORIENTED_EDGE('',*,*,#3101,.T.);
#4276=ORIENTED_EDGE('',*,*,#3105,.T.);
#4277=ORIENTED_EDGE('',*,*,#3112,.T.);
#4278=ORIENTED_EDGE('',*,*,#3113,.T.);
#4279=ORIENTED_EDGE('',*,*,#3114,.T.);
#4280=ORIENTED_EDGE('',*,*,#3115,.T.);
#4281=ORIENTED_EDGE('',*,*,#3116,.T.);
#4282=ORIENTED_EDGE('',*,*,#3117,.T.);
#4283=ORIENTED_EDGE('',*,*,#3118,.T.);
#4284=ORIENTED_EDGE('',*,*,#3119,.T.);
#4285=ORIENTED_EDGE('',*,*,#3120,.T.);
#4286=ORIENTED_EDGE('',*,*,#3111,.T.);
#4287=ORIENTED_EDGE('',*,*,#3120,.F.);
#4288=ORIENTED_EDGE('',*,*,#3121,.F.);
#4289=ORIENTED_EDGE('',*,*,#3122,.F.);
#4290=ORIENTED_EDGE('',*,*,#3123,.F.);
#4291=ORIENTED_EDGE('',*,*,#3112,.F.);
#4292=ORIENTED_EDGE('',*,*,#3107,.T.);
#4293=ORIENTED_EDGE('',*,*,#3108,.T.);
#4294=ORIENTED_EDGE('',*,*,#3113,.F.);
#4295=ORIENTED_EDGE('',*,*,#3123,.T.);
#4296=ORIENTED_EDGE('',*,*,#3124,.F.);
#4297=ORIENTED_EDGE('',*,*,#3125,.F.);
#4298=ORIENTED_EDGE('',*,*,#3126,.F.);
#4299=ORIENTED_EDGE('',*,*,#3124,.T.);
#4300=ORIENTED_EDGE('',*,*,#3122,.T.);
#4301=ORIENTED_EDGE('',*,*,#3127,.F.);
#4302=ORIENTED_EDGE('',*,*,#3119,.F.);
#4303=ORIENTED_EDGE('',*,*,#3128,.F.);
#4304=ORIENTED_EDGE('',*,*,#3127,.T.);
#4305=ORIENTED_EDGE('',*,*,#3121,.T.);
#4306=ORIENTED_EDGE('',*,*,#3128,.T.);
#4307=ORIENTED_EDGE('',*,*,#3118,.F.);
#4308=ORIENTED_EDGE('',*,*,#3129,.F.);
#4309=ORIENTED_EDGE('',*,*,#3130,.F.);
#4310=ORIENTED_EDGE('',*,*,#3131,.T.);
#4311=ORIENTED_EDGE('',*,*,#3114,.F.);
#4312=ORIENTED_EDGE('',*,*,#3125,.T.);
#4313=ORIENTED_EDGE('',*,*,#3126,.T.);
#4314=ORIENTED_EDGE('',*,*,#3132,.F.);
#4315=ORIENTED_EDGE('',*,*,#3129,.T.);
#4316=ORIENTED_EDGE('',*,*,#3117,.F.);
#4317=ORIENTED_EDGE('',*,*,#3133,.F.);
#4318=ORIENTED_EDGE('',*,*,#3134,.F.);
#4319=ORIENTED_EDGE('',*,*,#3133,.T.);
#4320=ORIENTED_EDGE('',*,*,#3116,.F.);
#4321=ORIENTED_EDGE('',*,*,#3135,.F.);
#4322=ORIENTED_EDGE('',*,*,#3136,.F.);
#4323=ORIENTED_EDGE('',*,*,#3135,.T.);
#4324=ORIENTED_EDGE('',*,*,#3115,.F.);
#4325=ORIENTED_EDGE('',*,*,#3131,.F.);
#4326=ORIENTED_EDGE('',*,*,#3136,.T.);
#4327=ORIENTED_EDGE('',*,*,#3130,.T.);
#4328=ORIENTED_EDGE('',*,*,#3132,.T.);
#4329=ORIENTED_EDGE('',*,*,#3134,.T.);
#4330=ORIENTED_EDGE('',*,*,#3137,.F.);
#4331=ORIENTED_EDGE('',*,*,#3138,.F.);
#4332=ORIENTED_EDGE('',*,*,#3139,.F.);
#4333=ORIENTED_EDGE('',*,*,#3140,.T.);
#4334=ORIENTED_EDGE('',*,*,#3141,.F.);
#4335=ORIENTED_EDGE('',*,*,#3140,.F.);
#4336=ORIENTED_EDGE('',*,*,#3142,.F.);
#4337=ORIENTED_EDGE('',*,*,#3143,.T.);
#4338=ORIENTED_EDGE('',*,*,#3144,.F.);
#4339=ORIENTED_EDGE('',*,*,#3143,.F.);
#4340=ORIENTED_EDGE('',*,*,#3145,.F.);
#4341=ORIENTED_EDGE('',*,*,#3146,.T.);
#4342=ORIENTED_EDGE('',*,*,#3147,.F.);
#4343=ORIENTED_EDGE('',*,*,#3146,.F.);
#4344=ORIENTED_EDGE('',*,*,#3148,.F.);
#4345=ORIENTED_EDGE('',*,*,#3149,.F.);
#4346=ORIENTED_EDGE('',*,*,#3150,.F.);
#4347=ORIENTED_EDGE('',*,*,#3151,.F.);
#4348=ORIENTED_EDGE('',*,*,#3152,.F.);
#4349=ORIENTED_EDGE('',*,*,#3138,.T.);
#4350=ORIENTED_EDGE('',*,*,#3150,.T.);
#4351=ORIENTED_EDGE('',*,*,#3137,.T.);
#4352=ORIENTED_EDGE('',*,*,#3141,.T.);
#4353=ORIENTED_EDGE('',*,*,#3144,.T.);
#4354=ORIENTED_EDGE('',*,*,#3147,.T.);
#4355=ORIENTED_EDGE('',*,*,#3153,.T.);
#4356=ORIENTED_EDGE('',*,*,#3154,.F.);
#4357=ORIENTED_EDGE('',*,*,#3155,.T.);
#4358=ORIENTED_EDGE('',*,*,#3156,.F.);
#4359=ORIENTED_EDGE('',*,*,#3157,.T.);
#4360=ORIENTED_EDGE('',*,*,#3158,.T.);
#4361=ORIENTED_EDGE('',*,*,#3159,.T.);
#4362=ORIENTED_EDGE('',*,*,#3156,.T.);
#4363=ORIENTED_EDGE('',*,*,#3160,.T.);
#4364=ORIENTED_EDGE('',*,*,#3161,.F.);
#4365=ORIENTED_EDGE('',*,*,#3162,.F.);
#4366=ORIENTED_EDGE('',*,*,#3163,.F.);
#4367=ORIENTED_EDGE('',*,*,#3164,.F.);
#4368=ORIENTED_EDGE('',*,*,#3165,.F.);
#4369=ORIENTED_EDGE('',*,*,#3166,.F.);
#4370=ORIENTED_EDGE('',*,*,#3167,.F.);
#4371=ORIENTED_EDGE('',*,*,#3164,.T.);
#4372=ORIENTED_EDGE('',*,*,#3168,.F.);
#4373=ORIENTED_EDGE('',*,*,#3166,.T.);
#4374=ORIENTED_EDGE('',*,*,#3169,.F.);
#4375=ORIENTED_EDGE('',*,*,#3170,.T.);
#4376=ORIENTED_EDGE('',*,*,#3171,.F.);
#4377=ORIENTED_EDGE('',*,*,#3170,.F.);
#4378=ORIENTED_EDGE('',*,*,#3172,.T.);
#4379=ORIENTED_EDGE('',*,*,#3173,.T.);
#4380=ORIENTED_EDGE('',*,*,#3160,.F.);
#4381=ORIENTED_EDGE('',*,*,#3155,.F.);
#4382=ORIENTED_EDGE('',*,*,#3174,.F.);
#4383=ORIENTED_EDGE('',*,*,#3175,.F.);
#4384=ORIENTED_EDGE('',*,*,#3171,.T.);
#4385=ORIENTED_EDGE('',*,*,#3176,.T.);
#4386=ORIENTED_EDGE('',*,*,#3151,.T.);
#4387=ORIENTED_EDGE('',*,*,#3159,.F.);
#4388=ORIENTED_EDGE('',*,*,#3177,.F.);
#4389=ORIENTED_EDGE('',*,*,#3178,.F.);
#4390=ORIENTED_EDGE('',*,*,#3179,.F.);
#4391=ORIENTED_EDGE('',*,*,#3153,.F.);
#4392=ORIENTED_EDGE('',*,*,#3149,.T.);
#4393=ORIENTED_EDGE('',*,*,#3180,.F.);
#4394=ORIENTED_EDGE('',*,*,#3181,.F.);
#4395=ORIENTED_EDGE('',*,*,#3182,.F.);
#4396=ORIENTED_EDGE('',*,*,#3183,.F.);
#4397=ORIENTED_EDGE('',*,*,#3184,.F.);
#4398=ORIENTED_EDGE('',*,*,#3183,.T.);
#4399=ORIENTED_EDGE('',*,*,#3185,.F.);
#4400=ORIENTED_EDGE('',*,*,#3186,.F.);
#4401=ORIENTED_EDGE('',*,*,#3187,.T.);
#4402=ORIENTED_EDGE('',*,*,#3182,.T.);
#4403=ORIENTED_EDGE('',*,*,#3188,.F.);
#4404=ORIENTED_EDGE('',*,*,#3189,.F.);
#4405=ORIENTED_EDGE('',*,*,#3190,.F.);
#4406=ORIENTED_EDGE('',*,*,#3191,.F.);
#4407=ORIENTED_EDGE('',*,*,#3192,.F.);
#4408=ORIENTED_EDGE('',*,*,#3193,.F.);
#4409=ORIENTED_EDGE('',*,*,#3194,.F.);
#4410=ORIENTED_EDGE('',*,*,#3185,.T.);
#4411=ORIENTED_EDGE('',*,*,#3178,.T.);
#4412=ORIENTED_EDGE('',*,*,#3195,.F.);
#4413=ORIENTED_EDGE('',*,*,#3196,.T.);
#4414=ORIENTED_EDGE('',*,*,#3161,.T.);
#4415=ORIENTED_EDGE('',*,*,#3175,.T.);
#4416=ORIENTED_EDGE('',*,*,#3197,.F.);
#4417=ORIENTED_EDGE('',*,*,#3177,.T.);
#4418=ORIENTED_EDGE('',*,*,#3158,.F.);
#4419=ORIENTED_EDGE('',*,*,#3198,.T.);
#4420=ORIENTED_EDGE('',*,*,#3195,.T.);
#4421=ORIENTED_EDGE('',*,*,#3181,.T.);
#4422=ORIENTED_EDGE('',*,*,#3199,.T.);
#4423=ORIENTED_EDGE('',*,*,#3200,.F.);
#4424=ORIENTED_EDGE('',*,*,#3188,.T.);
#4425=ORIENTED_EDGE('',*,*,#3201,.F.);
#4426=ORIENTED_EDGE('',*,*,#3202,.T.);
#4427=ORIENTED_EDGE('',*,*,#3176,.F.);
#4428=ORIENTED_EDGE('',*,*,#3202,.F.);
#4429=ORIENTED_EDGE('',*,*,#3203,.F.);
#4430=ORIENTED_EDGE('',*,*,#3204,.T.);
#4431=ORIENTED_EDGE('',*,*,#3173,.F.);
#4432=ORIENTED_EDGE('',*,*,#3204,.F.);
#4433=ORIENTED_EDGE('',*,*,#3205,.F.);
#4434=ORIENTED_EDGE('',*,*,#3206,.T.);
#4435=ORIENTED_EDGE('',*,*,#3207,.T.);
#4436=ORIENTED_EDGE('',*,*,#3206,.F.);
#4437=ORIENTED_EDGE('',*,*,#3207,.F.);
#4438=ORIENTED_EDGE('',*,*,#3203,.T.);
#4439=ORIENTED_EDGE('',*,*,#3172,.F.);
#4440=ORIENTED_EDGE('',*,*,#3208,.T.);
#4441=ORIENTED_EDGE('',*,*,#3209,.F.);
#4442=ORIENTED_EDGE('',*,*,#3208,.F.);
#4443=ORIENTED_EDGE('',*,*,#3152,.T.);
#4444=ORIENTED_EDGE('',*,*,#3184,.T.);
#4445=ORIENTED_EDGE('',*,*,#3187,.F.);
#4446=ORIENTED_EDGE('',*,*,#3210,.F.);
#4447=ORIENTED_EDGE('',*,*,#3211,.F.);
#4448=ORIENTED_EDGE('',*,*,#3212,.F.);
#4449=ORIENTED_EDGE('',*,*,#3213,.T.);
#4450=ORIENTED_EDGE('',*,*,#3214,.F.);
#4451=ORIENTED_EDGE('',*,*,#3215,.F.);
#4452=ORIENTED_EDGE('',*,*,#3199,.F.);
#4453=ORIENTED_EDGE('',*,*,#3180,.T.);
#4454=ORIENTED_EDGE('',*,*,#3148,.T.);
#4455=ORIENTED_EDGE('',*,*,#3145,.T.);
#4456=ORIENTED_EDGE('',*,*,#3142,.T.);
#4457=ORIENTED_EDGE('',*,*,#3139,.T.);
#4458=ORIENTED_EDGE('',*,*,#3194,.T.);
#4459=ORIENTED_EDGE('',*,*,#3216,.T.);
#4460=ORIENTED_EDGE('',*,*,#3210,.T.);
#4461=ORIENTED_EDGE('',*,*,#3186,.T.);
#4462=ORIENTED_EDGE('',*,*,#3215,.T.);
#4463=ORIENTED_EDGE('',*,*,#3217,.T.);
#4464=ORIENTED_EDGE('',*,*,#3189,.T.);
#4465=ORIENTED_EDGE('',*,*,#3200,.T.);
#4466=ORIENTED_EDGE('',*,*,#3217,.F.);
#4467=ORIENTED_EDGE('',*,*,#3214,.T.);
#4468=ORIENTED_EDGE('',*,*,#3218,.F.);
#4469=ORIENTED_EDGE('',*,*,#3190,.T.);
#4470=ORIENTED_EDGE('',*,*,#3169,.T.);
#4471=ORIENTED_EDGE('',*,*,#3201,.T.);
#4472=ORIENTED_EDGE('',*,*,#3213,.F.);
#4473=ORIENTED_EDGE('',*,*,#3219,.T.);
#4474=ORIENTED_EDGE('',*,*,#3191,.T.);
#4475=ORIENTED_EDGE('',*,*,#3218,.T.);
#4476=ORIENTED_EDGE('',*,*,#3219,.F.);
#4477=ORIENTED_EDGE('',*,*,#3212,.T.);
#4478=ORIENTED_EDGE('',*,*,#3220,.T.);
#4479=ORIENTED_EDGE('',*,*,#3192,.T.);
#4480=ORIENTED_EDGE('',*,*,#3162,.T.);
#4481=ORIENTED_EDGE('',*,*,#3196,.F.);
#4482=ORIENTED_EDGE('',*,*,#3198,.F.);
#4483=ORIENTED_EDGE('',*,*,#3157,.F.);
#4484=ORIENTED_EDGE('',*,*,#3167,.T.);
#4485=ORIENTED_EDGE('',*,*,#3168,.T.);
#4486=ORIENTED_EDGE('',*,*,#3165,.T.);
#4487=ORIENTED_EDGE('',*,*,#3163,.T.);
#4488=ORIENTED_EDGE('',*,*,#3209,.T.);
#4489=ORIENTED_EDGE('',*,*,#3179,.T.);
#4490=ORIENTED_EDGE('',*,*,#3197,.T.);
#4491=ORIENTED_EDGE('',*,*,#3174,.T.);
#4492=ORIENTED_EDGE('',*,*,#3154,.T.);
#4493=ORIENTED_EDGE('',*,*,#3216,.F.);
#4494=ORIENTED_EDGE('',*,*,#3193,.T.);
#4495=ORIENTED_EDGE('',*,*,#3220,.F.);
#4496=ORIENTED_EDGE('',*,*,#3211,.T.);
#4497=ORIENTED_EDGE('',*,*,#3205,.T.);
#4498=ORIENTED_EDGE('',*,*,#3221,.T.);
#4499=ORIENTED_EDGE('',*,*,#3222,.F.);
#4500=ORIENTED_EDGE('',*,*,#3223,.F.);
#4501=ORIENTED_EDGE('',*,*,#3224,.T.);
#4502=ORIENTED_EDGE('',*,*,#3225,.T.);
#4503=ORIENTED_EDGE('',*,*,#3224,.F.);
#4504=ORIENTED_EDGE('',*,*,#3223,.T.);
#4505=ORIENTED_EDGE('',*,*,#3226,.T.);
#4506=ORIENTED_EDGE('',*,*,#3226,.F.);
#4507=ORIENTED_EDGE('',*,*,#3227,.T.);
#4508=ORIENTED_EDGE('',*,*,#3222,.T.);
#4509=ORIENTED_EDGE('',*,*,#3227,.F.);
#4510=ORIENTED_EDGE('',*,*,#3228,.F.);
#4511=ORIENTED_EDGE('',*,*,#3225,.F.);
#4512=ORIENTED_EDGE('',*,*,#3228,.T.);
#4513=ORIENTED_EDGE('',*,*,#3229,.T.);
#4514=ORIENTED_EDGE('',*,*,#3221,.F.);
#4515=ORIENTED_EDGE('',*,*,#3229,.F.);
#4516=ORIENTED_EDGE('',*,*,#3230,.F.);
#4517=ORIENTED_EDGE('',*,*,#3231,.T.);
#4518=ORIENTED_EDGE('',*,*,#3232,.F.);
#4519=ORIENTED_EDGE('',*,*,#3231,.F.);
#4520=ORIENTED_EDGE('',*,*,#3233,.F.);
#4521=ORIENTED_EDGE('',*,*,#3234,.T.);
#4522=ORIENTED_EDGE('',*,*,#3235,.F.);
#4523=ORIENTED_EDGE('',*,*,#3234,.F.);
#4524=ORIENTED_EDGE('',*,*,#3235,.T.);
#4525=ORIENTED_EDGE('',*,*,#3232,.T.);
#4526=ORIENTED_EDGE('',*,*,#3233,.T.);
#4527=ORIENTED_EDGE('',*,*,#3230,.T.);
#4528=ORIENTED_EDGE('',*,*,#3236,.F.);
#4529=ORIENTED_EDGE('',*,*,#3237,.T.);
#4530=ORIENTED_EDGE('',*,*,#3238,.T.);
#4531=ORIENTED_EDGE('',*,*,#3239,.F.);
#4532=ORIENTED_EDGE('',*,*,#3240,.F.);
#4533=ORIENTED_EDGE('',*,*,#3239,.T.);
#4534=ORIENTED_EDGE('',*,*,#3241,.T.);
#4535=ORIENTED_EDGE('',*,*,#3242,.F.);
#4536=ORIENTED_EDGE('',*,*,#3243,.F.);
#4537=ORIENTED_EDGE('',*,*,#3242,.T.);
#4538=ORIENTED_EDGE('',*,*,#3244,.T.);
#4539=ORIENTED_EDGE('',*,*,#3245,.F.);
#4540=ORIENTED_EDGE('',*,*,#3246,.F.);
#4541=ORIENTED_EDGE('',*,*,#3245,.T.);
#4542=ORIENTED_EDGE('',*,*,#3247,.T.);
#4543=ORIENTED_EDGE('',*,*,#3248,.F.);
#4544=ORIENTED_EDGE('',*,*,#3249,.F.);
#4545=ORIENTED_EDGE('',*,*,#3248,.T.);
#4546=ORIENTED_EDGE('',*,*,#3250,.T.);
#4547=ORIENTED_EDGE('',*,*,#3251,.F.);
#4548=ORIENTED_EDGE('',*,*,#3252,.F.);
#4549=ORIENTED_EDGE('',*,*,#3253,.T.);
#4550=ORIENTED_EDGE('',*,*,#3254,.T.);
#4551=ORIENTED_EDGE('',*,*,#3237,.F.);
#4552=ORIENTED_EDGE('',*,*,#3255,.F.);
#4553=ORIENTED_EDGE('',*,*,#3256,.T.);
#4554=ORIENTED_EDGE('',*,*,#3257,.T.);
#4555=ORIENTED_EDGE('',*,*,#3253,.F.);
#4556=ORIENTED_EDGE('',*,*,#3258,.F.);
#4557=ORIENTED_EDGE('',*,*,#3251,.T.);
#4558=ORIENTED_EDGE('',*,*,#3259,.T.);
#4559=ORIENTED_EDGE('',*,*,#3256,.F.);
#4560=ORIENTED_EDGE('',*,*,#3259,.F.);
#4561=ORIENTED_EDGE('',*,*,#3250,.F.);
#4562=ORIENTED_EDGE('',*,*,#3247,.F.);
#4563=ORIENTED_EDGE('',*,*,#3244,.F.);
#4564=ORIENTED_EDGE('',*,*,#3241,.F.);
#4565=ORIENTED_EDGE('',*,*,#3238,.F.);
#4566=ORIENTED_EDGE('',*,*,#3254,.F.);
#4567=ORIENTED_EDGE('',*,*,#3257,.F.);
#4568=ORIENTED_EDGE('',*,*,#3260,.F.);
#4569=ORIENTED_EDGE('',*,*,#3261,.F.);
#4570=ORIENTED_EDGE('',*,*,#3262,.F.);
#4571=ORIENTED_EDGE('',*,*,#3263,.F.);
#4572=ORIENTED_EDGE('',*,*,#3264,.F.);
#4573=ORIENTED_EDGE('',*,*,#3265,.F.);
#4574=ORIENTED_EDGE('',*,*,#3266,.F.);
#4575=ORIENTED_EDGE('',*,*,#3267,.F.);
#4576=ORIENTED_EDGE('',*,*,#3249,.T.);
#4577=ORIENTED_EDGE('',*,*,#3258,.T.);
#4578=ORIENTED_EDGE('',*,*,#3255,.T.);
#4579=ORIENTED_EDGE('',*,*,#3252,.T.);
#4580=ORIENTED_EDGE('',*,*,#3236,.T.);
#4581=ORIENTED_EDGE('',*,*,#3240,.T.);
#4582=ORIENTED_EDGE('',*,*,#3243,.T.);
#4583=ORIENTED_EDGE('',*,*,#3246,.T.);
#4584=ORIENTED_EDGE('',*,*,#3263,.T.);
#4585=ORIENTED_EDGE('',*,*,#3268,.T.);
#4586=ORIENTED_EDGE('',*,*,#3269,.F.);
#4587=ORIENTED_EDGE('',*,*,#3270,.F.);
#4588=ORIENTED_EDGE('',*,*,#3262,.T.);
#4589=ORIENTED_EDGE('',*,*,#3271,.T.);
#4590=ORIENTED_EDGE('',*,*,#3272,.F.);
#4591=ORIENTED_EDGE('',*,*,#3268,.F.);
#4592=ORIENTED_EDGE('',*,*,#3261,.T.);
#4593=ORIENTED_EDGE('',*,*,#3273,.T.);
#4594=ORIENTED_EDGE('',*,*,#3274,.F.);
#4595=ORIENTED_EDGE('',*,*,#3271,.F.);
#4596=ORIENTED_EDGE('',*,*,#3260,.T.);
#4597=ORIENTED_EDGE('',*,*,#3275,.T.);
#4598=ORIENTED_EDGE('',*,*,#3276,.F.);
#4599=ORIENTED_EDGE('',*,*,#3273,.F.);
#4600=ORIENTED_EDGE('',*,*,#3264,.T.);
#4601=ORIENTED_EDGE('',*,*,#3270,.T.);
#4602=ORIENTED_EDGE('',*,*,#3277,.F.);
#4603=ORIENTED_EDGE('',*,*,#3278,.F.);
#4604=ORIENTED_EDGE('',*,*,#3265,.T.);
#4605=ORIENTED_EDGE('',*,*,#3278,.T.);
#4606=ORIENTED_EDGE('',*,*,#3279,.F.);
#4607=ORIENTED_EDGE('',*,*,#3280,.F.);
#4608=ORIENTED_EDGE('',*,*,#3266,.T.);
#4609=ORIENTED_EDGE('',*,*,#3280,.T.);
#4610=ORIENTED_EDGE('',*,*,#3281,.F.);
#4611=ORIENTED_EDGE('',*,*,#3282,.F.);
#4612=ORIENTED_EDGE('',*,*,#3267,.T.);
#4613=ORIENTED_EDGE('',*,*,#3282,.T.);
#4614=ORIENTED_EDGE('',*,*,#3283,.F.);
#4615=ORIENTED_EDGE('',*,*,#3275,.F.);
#4616=ORIENTED_EDGE('',*,*,#3276,.T.);
#4617=ORIENTED_EDGE('',*,*,#3283,.T.);
#4618=ORIENTED_EDGE('',*,*,#3281,.T.);
#4619=ORIENTED_EDGE('',*,*,#3279,.T.);
#4620=ORIENTED_EDGE('',*,*,#3277,.T.);
#4621=ORIENTED_EDGE('',*,*,#3269,.T.);
#4622=ORIENTED_EDGE('',*,*,#3272,.T.);
#4623=ORIENTED_EDGE('',*,*,#3274,.T.);
#4624=CYLINDRICAL_SURFACE('',#5022,0.999999999978551);
#4625=CYLINDRICAL_SURFACE('',#5027,1.00000000000104);
#4626=CYLINDRICAL_SURFACE('',#5037,9.);
#4627=CYLINDRICAL_SURFACE('',#5068,2.);
#4628=CYLINDRICAL_SURFACE('',#5071,2.);
#4629=CYLINDRICAL_SURFACE('',#5074,2.);
#4630=CYLINDRICAL_SURFACE('',#5077,2.);
#4631=CYLINDRICAL_SURFACE('',#5080,2.);
#4632=CYLINDRICAL_SURFACE('',#5083,2.);
#4633=CYLINDRICAL_SURFACE('',#5086,2.);
#4634=CYLINDRICAL_SURFACE('',#5089,2.);
#4635=CYLINDRICAL_SURFACE('',#5092,2.125);
#4636=CYLINDRICAL_SURFACE('',#5094,2.125);
#4637=CYLINDRICAL_SURFACE('',#5100,6.50000009685753);
#4638=CYLINDRICAL_SURFACE('',#5102,1.79999928921543);
#4639=CYLINDRICAL_SURFACE('',#5103,1.49999996647239);
#4640=CYLINDRICAL_SURFACE('',#5105,1.79999995976686);
#4641=CYLINDRICAL_SURFACE('',#5106,1.49999964982369);
#4642=CYLINDRICAL_SURFACE('',#5108,1.79999995976686);
#4643=CYLINDRICAL_SURFACE('',#5157,2.5);
#4644=CYLINDRICAL_SURFACE('',#5158,1.5);
#4645=CYLINDRICAL_SURFACE('',#5159,1.5);
#4646=CYLINDRICAL_SURFACE('',#5162,1.50000002235174);
#4647=CYLINDRICAL_SURFACE('',#5165,1.50000002235174);
#4648=CYLINDRICAL_SURFACE('',#5168,1.50000002235174);
#4649=CYLINDRICAL_SURFACE('',#5180,9.);
#4650=CYLINDRICAL_SURFACE('',#5184,6.5);
#4651=CYLINDRICAL_SURFACE('',#5189,2.);
#4652=CYLINDRICAL_SURFACE('',#5199,2.);
#4653=CYLINDRICAL_SURFACE('',#5209,2.);
#4654=CYLINDRICAL_SURFACE('',#5228,9.);
#4655=CYLINDRICAL_SURFACE('',#5234,1.50000033900239);
#4656=CYLINDRICAL_SURFACE('',#5237,1.49999996647239);
#4657=CYLINDRICAL_SURFACE('',#5240,1.79999995976686);
#4658=CYLINDRICAL_SURFACE('',#5255,2.);
#4659=CYLINDRICAL_SURFACE('',#5265,2.);
#4660=CYLINDRICAL_SURFACE('',#5275,2.);
#4661=CYLINDRICAL_SURFACE('',#5285,2.);
#4662=CYLINDRICAL_SURFACE('',#5295,2.);
#4663=CYLINDRICAL_SURFACE('',#5300,2.);
#4664=CYLINDRICAL_SURFACE('',#5315,2.);
#4665=CYLINDRICAL_SURFACE('',#5318,9.);
#4666=CYLINDRICAL_SURFACE('',#5326,1.00000000000001);
#4667=CYLINDRICAL_SURFACE('',#5329,1.);
#4668=CYLINDRICAL_SURFACE('',#5335,0.999999999997998);
#4669=CYLINDRICAL_SURFACE('',#5338,0.999999999978551);
#4670=CYLINDRICAL_SURFACE('',#5345,0.999999999997998);
#4671=CYLINDRICAL_SURFACE('',#5349,1.00000000000977);
#4672=CYLINDRICAL_SURFACE('',#5356,20.);
#4673=CYLINDRICAL_SURFACE('',#5360,9.);
#4674=CYLINDRICAL_SURFACE('',#5363,3.00000004470348);
#4675=CYLINDRICAL_SURFACE('',#5379,3.00000004470348);
#4676=CYLINDRICAL_SURFACE('',#5381,1.50000002235174);
#4677=CYLINDRICAL_SURFACE('',#5383,3.00000004470348);
#4678=CYLINDRICAL_SURFACE('',#5387,3.50000005215406);
#4679=CYLINDRICAL_SURFACE('',#5392,3.);
#4680=CYLINDRICAL_SURFACE('',#5393,3.25);
#4681=CYLINDRICAL_SURFACE('',#5401,2.9);
#4682=CYLINDRICAL_SURFACE('',#5406,1.50000033900239);
#4683=CYLINDRICAL_SURFACE('',#5409,3.00000004470348);
#4684=CYLINDRICAL_SURFACE('',#5410,1.5);
#4685=CYLINDRICAL_SURFACE('',#5413,3.00000004470348);
#4686=CYLINDRICAL_SURFACE('',#5419,1.);
#4687=CYLINDRICAL_SURFACE('',#5423,1.00000000000001);
#4688=CYLINDRICAL_SURFACE('',#5427,0.999999999999996);
#4689=CYLINDRICAL_SURFACE('',#5431,1.);
#4690=CYLINDRICAL_SURFACE('',#5441,0.999999999997998);
#4691=CYLINDRICAL_SURFACE('',#5444,0.999999999978551);
#4692=CYLINDRICAL_SURFACE('',#5446,1.00000000000977);
#4693=CYLINDRICAL_SURFACE('',#5449,1.00000000000104);
#4694=ADVANCED_FACE('',(#341),#4624,.F.);
#4695=ADVANCED_FACE('',(#342),#119,.F.);
#4696=ADVANCED_FACE('',(#343),#120,.F.);
#4697=ADVANCED_FACE('',(#344),#4625,.F.);
#4698=ADVANCED_FACE('',(#345),#121,.F.);
#4699=ADVANCED_FACE('',(#346),#122,.T.);
#4700=ADVANCED_FACE('',(#347),#123,.T.);
#4701=ADVANCED_FACE('',(#348),#124,.T.);
#4702=ADVANCED_FACE('',(#349),#4626,.F.);
#4703=ADVANCED_FACE('',(#350),#125,.F.);
#4704=ADVANCED_FACE('',(#351,#65,#66,#67,#68,#69,#70,#71,#72,#73,#74,#75,
#76,#77,#78,#79),#126,.F.);
#4705=ADVANCED_FACE('',(#352),#127,.F.);
#4706=ADVANCED_FACE('',(#353),#128,.F.);
#4707=ADVANCED_FACE('',(#354,#80),#129,.T.);
#4708=ADVANCED_FACE('',(#355,#81),#130,.T.);
#4709=ADVANCED_FACE('',(#356,#82),#131,.T.);
#4710=ADVANCED_FACE('',(#357),#4627,.F.);
#4711=ADVANCED_FACE('',(#358),#132,.F.);
#4712=ADVANCED_FACE('',(#359),#4628,.F.);
#4713=ADVANCED_FACE('',(#360),#133,.F.);
#4714=ADVANCED_FACE('',(#361),#4629,.F.);
#4715=ADVANCED_FACE('',(#362),#134,.F.);
#4716=ADVANCED_FACE('',(#363),#4630,.F.);
#4717=ADVANCED_FACE('',(#364),#135,.F.);
#4718=ADVANCED_FACE('',(#365),#4631,.F.);
#4719=ADVANCED_FACE('',(#366),#136,.F.);
#4720=ADVANCED_FACE('',(#367),#4632,.F.);
#4721=ADVANCED_FACE('',(#368),#137,.F.);
#4722=ADVANCED_FACE('',(#369),#4633,.F.);
#4723=ADVANCED_FACE('',(#370),#138,.F.);
#4724=ADVANCED_FACE('',(#371),#4634,.F.);
#4725=ADVANCED_FACE('',(#372),#139,.F.);
#4726=ADVANCED_FACE('',(#373),#4635,.F.);
#4727=ADVANCED_FACE('',(#374),#4636,.F.);
#4728=ADVANCED_FACE('',(#375),#140,.F.);
#4729=ADVANCED_FACE('',(#376),#141,.F.);
#4730=ADVANCED_FACE('',(#377),#142,.F.);
#4731=ADVANCED_FACE('',(#378),#143,.F.);
#4732=ADVANCED_FACE('',(#379),#4637,.F.);
#4733=ADVANCED_FACE('',(#380),#4638,.T.);
#4734=ADVANCED_FACE('',(#381),#4639,.F.);
#4735=ADVANCED_FACE('',(#382),#4640,.T.);
#4736=ADVANCED_FACE('',(#383),#4641,.F.);
#4737=ADVANCED_FACE('',(#384),#4642,.T.);
#4738=ADVANCED_FACE('',(#385),#144,.F.);
#4739=ADVANCED_FACE('',(#386),#145,.F.);
#4740=ADVANCED_FACE('',(#387),#146,.F.);
#4741=ADVANCED_FACE('',(#388),#147,.F.);
#4742=ADVANCED_FACE('',(#389),#148,.F.);
#4743=ADVANCED_FACE('',(#390),#149,.F.);
#4744=ADVANCED_FACE('',(#391),#150,.T.);
#4745=ADVANCED_FACE('',(#392),#151,.F.);
#4746=ADVANCED_FACE('',(#393),#152,.F.);
#4747=ADVANCED_FACE('',(#394),#153,.T.);
#4748=ADVANCED_FACE('',(#395),#154,.T.);
#4749=ADVANCED_FACE('',(#396),#155,.T.);
#4750=ADVANCED_FACE('',(#397),#156,.T.);
#4751=ADVANCED_FACE('',(#398),#157,.T.);
#4752=ADVANCED_FACE('',(#399),#158,.T.);
#4753=ADVANCED_FACE('',(#400),#159,.T.);
#4754=ADVANCED_FACE('',(#401),#160,.T.);
#4755=ADVANCED_FACE('',(#402),#161,.T.);
#4756=ADVANCED_FACE('',(#403),#162,.T.);
#4757=ADVANCED_FACE('',(#404),#163,.T.);
#4758=ADVANCED_FACE('',(#405),#164,.T.);
#4759=ADVANCED_FACE('',(#406),#165,.T.);
#4760=ADVANCED_FACE('',(#407),#166,.T.);
#4761=ADVANCED_FACE('',(#408),#167,.T.);
#4762=ADVANCED_FACE('',(#409),#168,.T.);
#4763=ADVANCED_FACE('',(#410),#169,.T.);
#4764=ADVANCED_FACE('',(#411),#170,.T.);
#4765=ADVANCED_FACE('',(#412),#171,.T.);
#4766=ADVANCED_FACE('',(#413),#172,.T.);
#4767=ADVANCED_FACE('',(#414),#173,.T.);
#4768=ADVANCED_FACE('',(#415),#174,.T.);
#4769=ADVANCED_FACE('',(#416),#175,.T.);
#4770=ADVANCED_FACE('',(#417),#176,.T.);
#4771=ADVANCED_FACE('',(#418),#177,.T.);
#4772=ADVANCED_FACE('',(#419),#178,.T.);
#4773=ADVANCED_FACE('',(#420),#179,.T.);
#4774=ADVANCED_FACE('',(#421),#180,.T.);
#4775=ADVANCED_FACE('',(#422),#181,.T.);
#4776=ADVANCED_FACE('',(#423),#182,.T.);
#4777=ADVANCED_FACE('',(#424),#183,.T.);
#4778=ADVANCED_FACE('',(#425),#184,.T.);
#4779=ADVANCED_FACE('',(#426),#185,.T.);
#4780=ADVANCED_FACE('',(#427),#186,.T.);
#4781=ADVANCED_FACE('',(#428),#187,.T.);
#4782=ADVANCED_FACE('',(#429),#4643,.T.);
#4783=ADVANCED_FACE('',(#430),#4644,.T.);
#4784=ADVANCED_FACE('',(#431),#4645,.T.);
#4785=ADVANCED_FACE('',(#432),#188,.T.);
#4786=ADVANCED_FACE('',(#433),#4646,.F.);
#4787=ADVANCED_FACE('',(#434),#189,.T.);
#4788=ADVANCED_FACE('',(#435),#4647,.F.);
#4789=ADVANCED_FACE('',(#436),#190,.T.);
#4790=ADVANCED_FACE('',(#437),#4648,.F.);
#4791=ADVANCED_FACE('',(#438),#191,.F.);
#4792=ADVANCED_FACE('',(#439),#192,.T.);
#4793=ADVANCED_FACE('',(#440),#193,.T.);
#4794=ADVANCED_FACE('',(#441),#194,.T.);
#4795=ADVANCED_FACE('',(#442,#83,#84,#85,#86),#195,.T.);
#4796=ADVANCED_FACE('',(#443),#196,.F.);
#4797=ADVANCED_FACE('',(#444),#197,.T.);
#4798=ADVANCED_FACE('',(#445),#198,.T.);
#4799=ADVANCED_FACE('',(#446),#199,.T.);
#4800=ADVANCED_FACE('',(#447),#200,.T.);
#4801=ADVANCED_FACE('',(#448),#201,.T.);
#4802=ADVANCED_FACE('',(#449),#4649,.F.);
#4803=ADVANCED_FACE('',(#450),#202,.T.);
#4804=ADVANCED_FACE('',(#451),#4650,.T.);
#4805=ADVANCED_FACE('',(#452),#203,.F.);
#4806=ADVANCED_FACE('',(#453),#204,.T.);
#4807=ADVANCED_FACE('',(#454),#4651,.T.);
#4808=ADVANCED_FACE('',(#455),#205,.T.);
#4809=ADVANCED_FACE('',(#456),#206,.T.);
#4810=ADVANCED_FACE('',(#457),#207,.T.);
#4811=ADVANCED_FACE('',(#458),#208,.T.);
#4812=ADVANCED_FACE('',(#459),#209,.T.);
#4813=ADVANCED_FACE('',(#460,#87),#210,.T.);
#4814=ADVANCED_FACE('',(#461),#211,.T.);
#4815=ADVANCED_FACE('',(#462),#4652,.T.);
#4816=ADVANCED_FACE('',(#463),#212,.T.);
#4817=ADVANCED_FACE('',(#464),#213,.T.);
#4818=ADVANCED_FACE('',(#465),#214,.T.);
#4819=ADVANCED_FACE('',(#466),#215,.T.);
#4820=ADVANCED_FACE('',(#467),#216,.T.);
#4821=ADVANCED_FACE('',(#468,#88),#217,.T.);
#4822=ADVANCED_FACE('',(#469),#218,.T.);
#4823=ADVANCED_FACE('',(#470),#4653,.T.);
#4824=ADVANCED_FACE('',(#471),#219,.T.);
#4825=ADVANCED_FACE('',(#472),#220,.T.);
#4826=ADVANCED_FACE('',(#473),#221,.T.);
#4827=ADVANCED_FACE('',(#474),#222,.T.);
#4828=ADVANCED_FACE('',(#475),#223,.T.);
#4829=ADVANCED_FACE('',(#476,#89),#224,.T.);
#4830=ADVANCED_FACE('',(#477),#225,.T.);
#4831=ADVANCED_FACE('',(#478),#226,.T.);
#4832=ADVANCED_FACE('',(#479),#227,.T.);
#4833=ADVANCED_FACE('',(#480),#228,.T.);
#4834=ADVANCED_FACE('',(#481),#229,.T.);
#4835=ADVANCED_FACE('',(#482),#230,.T.);
#4836=ADVANCED_FACE('',(#483),#231,.T.);
#4837=ADVANCED_FACE('',(#484),#232,.T.);
#4838=ADVANCED_FACE('',(#485),#233,.T.);
#4839=ADVANCED_FACE('',(#486),#234,.T.);
#4840=ADVANCED_FACE('',(#487,#90),#235,.T.);
#4841=ADVANCED_FACE('',(#488),#4654,.F.);
#4842=ADVANCED_FACE('',(#489),#236,.T.);
#4843=ADVANCED_FACE('',(#490),#237,.T.);
#4844=ADVANCED_FACE('',(#491),#238,.T.);
#4845=ADVANCED_FACE('',(#492),#4655,.F.);
#4846=ADVANCED_FACE('',(#493),#4656,.F.);
#4847=ADVANCED_FACE('',(#494),#4657,.F.);
#4848=ADVANCED_FACE('',(#495),#239,.T.);
#4849=ADVANCED_FACE('',(#496),#240,.T.);
#4850=ADVANCED_FACE('',(#497),#241,.T.);
#4851=ADVANCED_FACE('',(#498,#91,#92,#93),#242,.T.);
#4852=ADVANCED_FACE('',(#499,#94,#95,#96),#243,.F.);
#4853=ADVANCED_FACE('',(#500),#244,.T.);
#4854=ADVANCED_FACE('',(#501),#245,.T.);
#4855=ADVANCED_FACE('',(#502),#246,.T.);
#4856=ADVANCED_FACE('',(#503),#247,.T.);
#4857=ADVANCED_FACE('',(#504),#248,.T.);
#4858=ADVANCED_FACE('',(#505,#97),#249,.T.);
#4859=ADVANCED_FACE('',(#506),#4658,.T.);
#4860=ADVANCED_FACE('',(#507),#250,.T.);
#4861=ADVANCED_FACE('',(#508),#251,.T.);
#4862=ADVANCED_FACE('',(#509),#252,.T.);
#4863=ADVANCED_FACE('',(#510),#253,.T.);
#4864=ADVANCED_FACE('',(#511),#254,.T.);
#4865=ADVANCED_FACE('',(#512),#255,.T.);
#4866=ADVANCED_FACE('',(#513,#98),#256,.T.);
#4867=ADVANCED_FACE('',(#514),#4659,.T.);
#4868=ADVANCED_FACE('',(#515),#257,.T.);
#4869=ADVANCED_FACE('',(#516),#258,.T.);
#4870=ADVANCED_FACE('',(#517),#259,.T.);
#4871=ADVANCED_FACE('',(#518),#260,.T.);
#4872=ADVANCED_FACE('',(#519),#261,.T.);
#4873=ADVANCED_FACE('',(#520),#262,.T.);
#4874=ADVANCED_FACE('',(#521,#99),#263,.T.);
#4875=ADVANCED_FACE('',(#522),#4660,.T.);
#4876=ADVANCED_FACE('',(#523),#264,.T.);
#4877=ADVANCED_FACE('',(#524),#265,.T.);
#4878=ADVANCED_FACE('',(#525),#266,.T.);
#4879=ADVANCED_FACE('',(#526),#267,.T.);
#4880=ADVANCED_FACE('',(#527),#268,.T.);
#4881=ADVANCED_FACE('',(#528),#269,.T.);
#4882=ADVANCED_FACE('',(#529,#100),#270,.T.);
#4883=ADVANCED_FACE('',(#530),#4661,.T.);
#4884=ADVANCED_FACE('',(#531),#271,.T.);
#4885=ADVANCED_FACE('',(#532),#272,.T.);
#4886=ADVANCED_FACE('',(#533),#273,.T.);
#4887=ADVANCED_FACE('',(#534),#274,.T.);
#4888=ADVANCED_FACE('',(#535),#275,.T.);
#4889=ADVANCED_FACE('',(#536),#276,.T.);
#4890=ADVANCED_FACE('',(#537,#101),#277,.T.);
#4891=ADVANCED_FACE('',(#538),#4662,.T.);
#4892=ADVANCED_FACE('',(#539),#278,.T.);
#4893=ADVANCED_FACE('',(#540),#279,.T.);
#4894=ADVANCED_FACE('',(#541),#4663,.T.);
#4895=ADVANCED_FACE('',(#542),#280,.T.);
#4896=ADVANCED_FACE('',(#543),#281,.T.);
#4897=ADVANCED_FACE('',(#544),#282,.T.);
#4898=ADVANCED_FACE('',(#545),#283,.T.);
#4899=ADVANCED_FACE('',(#546),#284,.T.);
#4900=ADVANCED_FACE('',(#547,#102),#285,.T.);
#4901=ADVANCED_FACE('',(#548),#286,.T.);
#4902=ADVANCED_FACE('',(#549),#287,.T.);
#4903=ADVANCED_FACE('',(#550),#288,.T.);
#4904=ADVANCED_FACE('',(#551),#289,.T.);
#4905=ADVANCED_FACE('',(#552),#290,.T.);
#4906=ADVANCED_FACE('',(#553,#103),#291,.T.);
#4907=ADVANCED_FACE('',(#554),#4664,.T.);
#4908=ADVANCED_FACE('',(#555),#292,.T.);
#4909=ADVANCED_FACE('',(#556),#4665,.T.);
#4910=ADVANCED_FACE('',(#557),#293,.T.);
#4911=ADVANCED_FACE('',(#558),#294,.F.);
#4912=ADVANCED_FACE('',(#559),#295,.T.);
#4913=ADVANCED_FACE('',(#560),#4666,.F.);
#4914=ADVANCED_FACE('',(#561),#296,.F.);
#4915=ADVANCED_FACE('',(#562),#4667,.F.);
#4916=ADVANCED_FACE('',(#563),#297,.T.);
#4917=ADVANCED_FACE('',(#564),#298,.T.);
#4918=ADVANCED_FACE('',(#565),#4668,.F.);
#4919=ADVANCED_FACE('',(#566),#299,.F.);
#4920=ADVANCED_FACE('',(#567),#4669,.F.);
#4921=ADVANCED_FACE('',(#568),#300,.T.);
#4922=ADVANCED_FACE('',(#569),#301,.T.);
#4923=ADVANCED_FACE('',(#570),#302,.T.);
#4924=ADVANCED_FACE('',(#571),#303,.T.);
#4925=ADVANCED_FACE('',(#572),#304,.F.);
#4926=ADVANCED_FACE('',(#573),#4670,.F.);
#4927=ADVANCED_FACE('',(#574),#305,.F.);
#4928=ADVANCED_FACE('',(#575),#4671,.F.);
#4929=ADVANCED_FACE('',(#576),#306,.F.);
#4930=ADVANCED_FACE('',(#577),#307,.F.);
#4931=ADVANCED_FACE('',(#578),#308,.T.);
#4932=ADVANCED_FACE('',(#579),#4672,.T.);
#4933=ADVANCED_FACE('',(#580),#309,.F.);
#4934=ADVANCED_FACE('',(#581),#4673,.F.);
#4935=ADVANCED_FACE('',(#582),#310,.T.);
#4936=ADVANCED_FACE('',(#583),#4674,.F.);
#4937=ADVANCED_FACE('',(#584,#104),#311,.F.);
#4938=ADVANCED_FACE('',(#585,#105,#106),#312,.F.);
#4939=ADVANCED_FACE('',(#586),#313,.F.);
#4940=ADVANCED_FACE('',(#587),#314,.T.);
#4941=ADVANCED_FACE('',(#588),#315,.T.);
#4942=ADVANCED_FACE('',(#589),#316,.T.);
#4943=ADVANCED_FACE('',(#590),#317,.T.);
#4944=ADVANCED_FACE('',(#591),#318,.T.);
#4945=ADVANCED_FACE('',(#592),#4675,.F.);
#4946=ADVANCED_FACE('',(#593),#4676,.F.);
#4947=ADVANCED_FACE('',(#594),#4677,.F.);
#4948=ADVANCED_FACE('',(#595,#107),#319,.T.);
#4949=ADVANCED_FACE('',(#596),#4678,.T.);
#4950=ADVANCED_FACE('',(#597),#320,.T.);
#4951=ADVANCED_FACE('',(#598),#4679,.T.);
#4952=ADVANCED_FACE('',(#599),#4680,.T.);
#4953=ADVANCED_FACE('',(#600,#108,#109),#321,.T.);
#4954=ADVANCED_FACE('',(#601),#13,.T.);
#4955=ADVANCED_FACE('',(#602),#14,.T.);
#4956=ADVANCED_FACE('',(#603,#110,#111),#322,.T.);
#4957=ADVANCED_FACE('',(#604),#323,.T.);
#4958=ADVANCED_FACE('',(#605,#112),#324,.T.);
#4959=ADVANCED_FACE('',(#606,#113),#325,.T.);
#4960=ADVANCED_FACE('',(#607),#4681,.T.);
#4961=ADVANCED_FACE('',(#608,#114),#326,.F.);
#4962=ADVANCED_FACE('',(#609),#4682,.F.);
#4963=ADVANCED_FACE('',(#610,#115),#327,.F.);
#4964=ADVANCED_FACE('',(#611),#4683,.T.);
#4965=ADVANCED_FACE('',(#612),#4684,.F.);
#4966=ADVANCED_FACE('',(#613),#4685,.T.);
#4967=ADVANCED_FACE('',(#614,#116),#328,.T.);
#4968=ADVANCED_FACE('',(#615,#117),#329,.F.);
#4969=ADVANCED_FACE('',(#616),#330,.F.);
#4970=ADVANCED_FACE('',(#617),#4686,.F.);
#4971=ADVANCED_FACE('',(#618),#331,.F.);
#4972=ADVANCED_FACE('',(#619),#4687,.F.);
#4973=ADVANCED_FACE('',(#620),#332,.F.);
#4974=ADVANCED_FACE('',(#621),#4688,.F.);
#4975=ADVANCED_FACE('',(#622),#333,.F.);
#4976=ADVANCED_FACE('',(#623),#4689,.F.);
#4977=ADVANCED_FACE('',(#624),#334,.T.);
#4978=ADVANCED_FACE('',(#625,#118),#335,.T.);
#4979=ADVANCED_FACE('',(#626),#336,.T.);
#4980=ADVANCED_FACE('',(#627),#4690,.T.);
#4981=ADVANCED_FACE('',(#628),#337,.T.);
#4982=ADVANCED_FACE('',(#629),#4691,.T.);
#4983=ADVANCED_FACE('',(#630),#4692,.T.);
#4984=ADVANCED_FACE('',(#631),#338,.T.);
#4985=ADVANCED_FACE('',(#632),#4693,.T.);
#4986=ADVANCED_FACE('',(#633),#339,.T.);
#4987=ADVANCED_FACE('',(#634),#340,.F.);
#4988=CLOSED_SHELL('',(#4694,#4695,#4696,#4697,#4698,#4699,#4700,#4701,
#4702,#4703,#4704,#4705,#4706,#4707,#4708,#4709,#4710,#4711,#4712,#4713,
#4714,#4715,#4716,#4717,#4718,#4719,#4720,#4721,#4722,#4723,#4724,#4725,
#4726,#4727,#4728,#4729,#4730,#4731,#4732,#4733,#4734,#4735,#4736,#4737,
#4738,#4739,#4740,#4741,#4742,#4743,#4744,#4745,#4746,#4747,#4748,#4749,
#4750,#4751,#4752,#4753,#4754,#4755,#4756,#4757,#4758,#4759,#4760,#4761,
#4762,#4763,#4764,#4765,#4766,#4767,#4768,#4769,#4770,#4771,#4772,#4773,
#4774,#4775,#4776,#4777,#4778,#4779,#4780,#4781,#4782,#4783,#4784,#4785,
#4786,#4787,#4788,#4789,#4790,#4791,#4792,#4793,#4794,#4795));
#4989=CLOSED_SHELL('',(#4796,#4797,#4798,#4799,#4800,#4801));
#4990=CLOSED_SHELL('',(#4802,#4803,#4804,#4805));
#4991=CLOSED_SHELL('',(#4806,#4807,#4808,#4809,#4810,#4811,#4812,#4813));
#4992=CLOSED_SHELL('',(#4814,#4815,#4816,#4817,#4818,#4819,#4820,#4821));
#4993=CLOSED_SHELL('',(#4822,#4823,#4824,#4825,#4826,#4827,#4828,#4829));
#4994=CLOSED_SHELL('',(#4830,#4831,#4832,#4833,#4834,#4835,#4836,#4837,
#4838,#4839,#4840));
#4995=CLOSED_SHELL('',(#4841,#4842,#4843,#4844,#4845,#4846,#4847,#4848,
#4849,#4850,#4851,#4852));
#4996=CLOSED_SHELL('',(#4853,#4854,#4855,#4856,#4857,#4858,#4859,#4860));
#4997=CLOSED_SHELL('',(#4861,#4862,#4863,#4864,#4865,#4866,#4867,#4868));
#4998=CLOSED_SHELL('',(#4869,#4870,#4871,#4872,#4873,#4874,#4875,#4876));
#4999=CLOSED_SHELL('',(#4877,#4878,#4879,#4880,#4881,#4882,#4883,#4884));
#5000=CLOSED_SHELL('',(#4885,#4886,#4887,#4888,#4889,#4890,#4891,#4892));
#5001=CLOSED_SHELL('',(#4893,#4894,#4895,#4896,#4897,#4898,#4899,#4900));
#5002=CLOSED_SHELL('',(#4901,#4902,#4903,#4904,#4905,#4906,#4907,#4908));
#5003=CLOSED_SHELL('',(#4909,#4910,#4911));
#5004=CLOSED_SHELL('',(#4912,#4913,#4914,#4915,#4916,#4917,#4918,#4919,
#4920,#4921,#4922,#4923,#4924,#4925));
#5005=CLOSED_SHELL('',(#4926,#4927,#4928,#4929,#4930,#4931,#4932,#4933,
#4934,#4935,#4936,#4937,#4938,#4939,#4940,#4941,#4942,#4943,#4944,#4945,
#4946,#4947,#4948,#4949,#4950,#4951,#4952,#4953,#4954,#4955,#4956,#4957,
#4958));
#5006=CLOSED_SHELL('',(#4959,#4960,#4961,#4962,#4963,#4964));
#5007=CLOSED_SHELL('',(#4965,#4966,#4967,#4968));
#5008=CLOSED_SHELL('',(#4969,#4970,#4971,#4972,#4973,#4974,#4975,#4976,
#4977,#4978,#4979,#4980,#4981,#4982,#4983,#4984,#4985,#4986,#4987));
#5009=DERIVED_UNIT_ELEMENT(#5011,1.);
#5010=DERIVED_UNIT_ELEMENT(#8331,-3.);
#5011=(
MASS_UNIT()
NAMED_UNIT(*)
SI_UNIT(.KILO.,.GRAM.)
);
#5012=DERIVED_UNIT((#5009,#5010));
#5013=MEASURE_REPRESENTATION_ITEM('density measure',
POSITIVE_RATIO_MEASURE(7850.),#5012);
#5014=PROPERTY_DEFINITION_REPRESENTATION(#5019,#5016);
#5015=PROPERTY_DEFINITION_REPRESENTATION(#5020,#5017);
#5016=REPRESENTATION('material name',(#5018),#8328);
#5017=REPRESENTATION('density',(#5013),#8328);
#5018=DESCRIPTIVE_REPRESENTATION_ITEM('Steel','Steel');
#5019=PROPERTY_DEFINITION('material property','material name',#8338);
#5020=PROPERTY_DEFINITION('material property','density of part',#8338);
#5021=AXIS2_PLACEMENT_3D('',#6840,#5453,#5454);
#5022=AXIS2_PLACEMENT_3D('',#6841,#5455,#5456);
#5023=AXIS2_PLACEMENT_3D('',#6844,#5457,#5458);
#5024=AXIS2_PLACEMENT_3D('',#6848,#5460,#5461);
#5025=AXIS2_PLACEMENT_3D('',#6850,#5463,#5464);
#5026=AXIS2_PLACEMENT_3D('',#6856,#5468,#5469);
#5027=AXIS2_PLACEMENT_3D('',#6865,#5474,#5475);
#5028=AXIS2_PLACEMENT_3D('',#6867,#5476,#5477);
#5029=AXIS2_PLACEMENT_3D('',#6869,#5478,#5479);
#5030=AXIS2_PLACEMENT_3D('',#6871,#5481,#5482);
#5031=AXIS2_PLACEMENT_3D('',#6874,#5485,#5486);
#5032=AXIS2_PLACEMENT_3D('',#6893,#5497,#5498);
#5033=AXIS2_PLACEMENT_3D('',#6897,#5500,#5501);
#5034=AXIS2_PLACEMENT_3D('',#6901,#5503,#5504);
#5035=AXIS2_PLACEMENT_3D('',#6903,#5506,#5507);
#5036=AXIS2_PLACEMENT_3D('',#6907,#5509,#5510);
#5037=AXIS2_PLACEMENT_3D('',#6908,#5511,#5512);
#5038=AXIS2_PLACEMENT_3D('',#6913,#5514,#5515);
#5039=AXIS2_PLACEMENT_3D('',#6917,#5517,#5518);
#5040=AXIS2_PLACEMENT_3D('',#6921,#5521,#5522);
#5041=AXIS2_PLACEMENT_3D('',#6922,#5523,#5524);
#5042=AXIS2_PLACEMENT_3D('',#6924,#5526,#5527);
#5043=AXIS2_PLACEMENT_3D('',#7007,#5569,#5570);
#5044=AXIS2_PLACEMENT_3D('',#7009,#5571,#5572);
#5045=AXIS2_PLACEMENT_3D('',#7011,#5573,#5574);
#5046=AXIS2_PLACEMENT_3D('',#7013,#5575,#5576);
#5047=AXIS2_PLACEMENT_3D('',#7015,#5577,#5578);
#5048=AXIS2_PLACEMENT_3D('',#7017,#5579,#5580);
#5049=AXIS2_PLACEMENT_3D('',#7027,#5585,#5586);
#5050=AXIS2_PLACEMENT_3D('',#7029,#5587,#5588);
#5051=AXIS2_PLACEMENT_3D('',#7031,#5589,#5590);
#5052=AXIS2_PLACEMENT_3D('',#7033,#5591,#5592);
#5053=AXIS2_PLACEMENT_3D('',#7035,#5593,#5594);
#5054=AXIS2_PLACEMENT_3D('',#7037,#5595,#5596);
#5055=AXIS2_PLACEMENT_3D('',#7039,#5597,#5598);
#5056=AXIS2_PLACEMENT_3D('',#7041,#5599,#5600);
#5057=AXIS2_PLACEMENT_3D('',#7042,#5601,#5602);
#5058=AXIS2_PLACEMENT_3D('',#7046,#5605,#5606);
#5059=AXIS2_PLACEMENT_3D('',#7050,#5609,#5610);
#5060=AXIS2_PLACEMENT_3D('',#7052,#5611,#5612);
#5061=AXIS2_PLACEMENT_3D('',#7054,#5613,#5614);
#5062=AXIS2_PLACEMENT_3D('',#7055,#5615,#5616);
#5063=AXIS2_PLACEMENT_3D('',#7057,#5617,#5618);
#5064=AXIS2_PLACEMENT_3D('',#7059,#5619,#5620);
#5065=AXIS2_PLACEMENT_3D('',#7060,#5621,#5622);
#5066=AXIS2_PLACEMENT_3D('',#7062,#5623,#5624);
#5067=AXIS2_PLACEMENT_3D('',#7064,#5625,#5626);
#5068=AXIS2_PLACEMENT_3D('',#7065,#5627,#5628);
#5069=AXIS2_PLACEMENT_3D('',#7068,#5630,#5631);
#5070=AXIS2_PLACEMENT_3D('',#7069,#5632,#5633);
#5071=AXIS2_PLACEMENT_3D('',#7070,#5634,#5635);
#5072=AXIS2_PLACEMENT_3D('',#7073,#5637,#5638);
#5073=AXIS2_PLACEMENT_3D('',#7074,#5639,#5640);
#5074=AXIS2_PLACEMENT_3D('',#7075,#5641,#5642);
#5075=AXIS2_PLACEMENT_3D('',#7078,#5644,#5645);
#5076=AXIS2_PLACEMENT_3D('',#7079,#5646,#5647);
#5077=AXIS2_PLACEMENT_3D('',#7080,#5648,#5649);
#5078=AXIS2_PLACEMENT_3D('',#7083,#5651,#5652);
#5079=AXIS2_PLACEMENT_3D('',#7084,#5653,#5654);
#5080=AXIS2_PLACEMENT_3D('',#7085,#5655,#5656);
#5081=AXIS2_PLACEMENT_3D('',#7088,#5658,#5659);
#5082=AXIS2_PLACEMENT_3D('',#7089,#5660,#5661);
#5083=AXIS2_PLACEMENT_3D('',#7090,#5662,#5663);
#5084=AXIS2_PLACEMENT_3D('',#7093,#5665,#5666);
#5085=AXIS2_PLACEMENT_3D('',#7094,#5667,#5668);
#5086=AXIS2_PLACEMENT_3D('',#7095,#5669,#5670);
#5087=AXIS2_PLACEMENT_3D('',#7098,#5672,#5673);
#5088=AXIS2_PLACEMENT_3D('',#7099,#5674,#5675);
#5089=AXIS2_PLACEMENT_3D('',#7100,#5676,#5677);
#5090=AXIS2_PLACEMENT_3D('',#7103,#5679,#5680);
#5091=AXIS2_PLACEMENT_3D('',#7104,#5681,#5682);
#5092=AXIS2_PLACEMENT_3D('',#7105,#5683,#5684);
#5093=AXIS2_PLACEMENT_3D('',#7107,#5685,#5686);
#5094=AXIS2_PLACEMENT_3D('',#7109,#5688,#5689);
#5095=AXIS2_PLACEMENT_3D('',#7111,#5690,#5691);
#5096=AXIS2_PLACEMENT_3D('',#7113,#5693,#5694);
#5097=AXIS2_PLACEMENT_3D('',#7119,#5698,#5699);
#5098=AXIS2_PLACEMENT_3D('',#7123,#5702,#5703);
#5099=AXIS2_PLACEMENT_3D('',#7127,#5706,#5707);
#5100=AXIS2_PLACEMENT_3D('',#7129,#5709,#5710);
#5101=AXIS2_PLACEMENT_3D('',#7131,#5711,#5712);
#5102=AXIS2_PLACEMENT_3D('',#7133,#5714,#5715);
#5103=AXIS2_PLACEMENT_3D('',#7135,#5717,#5718);
#5104=AXIS2_PLACEMENT_3D('',#7138,#5720,#5721);
#5105=AXIS2_PLACEMENT_3D('',#7139,#5722,#5723);
#5106=AXIS2_PLACEMENT_3D('',#7141,#5725,#5726);
#5107=AXIS2_PLACEMENT_3D('',#7144,#5728,#5729);
#5108=AXIS2_PLACEMENT_3D('',#7145,#5730,#5731);
#5109=AXIS2_PLACEMENT_3D('',#7147,#5733,#5734);
#5110=AXIS2_PLACEMENT_3D('',#7151,#5737,#5738);
#5111=AXIS2_PLACEMENT_3D('',#7157,#5742,#5743);
#5112=AXIS2_PLACEMENT_3D('',#7159,#5745,#5746);
#5113=AXIS2_PLACEMENT_3D('',#7163,#5749,#5750);
#5114=AXIS2_PLACEMENT_3D('',#7173,#5755,#5756);
#5115=AXIS2_PLACEMENT_3D('',#7177,#5759,#5760);
#5116=AXIS2_PLACEMENT_3D('',#7189,#5767,#5768);
#5117=AXIS2_PLACEMENT_3D('',#7193,#5771,#5772);
#5118=AXIS2_PLACEMENT_3D('',#7199,#5775,#5776);
#5119=AXIS2_PLACEMENT_3D('',#7205,#5780,#5781);
#5120=AXIS2_PLACEMENT_3D('',#7247,#5807,#5808);
#5121=AXIS2_PLACEMENT_3D('',#7253,#5812,#5813);
#5122=AXIS2_PLACEMENT_3D('',#7255,#5815,#5816);
#5123=AXIS2_PLACEMENT_3D('',#7257,#5818,#5819);
#5124=AXIS2_PLACEMENT_3D('',#7258,#5820,#5821);
#5125=AXIS2_PLACEMENT_3D('',#7264,#5825,#5826);
#5126=AXIS2_PLACEMENT_3D('',#7266,#5828,#5829);
#5127=AXIS2_PLACEMENT_3D('',#7268,#5831,#5832);
#5128=AXIS2_PLACEMENT_3D('',#7269,#5833,#5834);
#5129=AXIS2_PLACEMENT_3D('',#7275,#5838,#5839);
#5130=AXIS2_PLACEMENT_3D('',#7277,#5841,#5842);
#5131=AXIS2_PLACEMENT_3D('',#7279,#5844,#5845);
#5132=AXIS2_PLACEMENT_3D('',#7280,#5846,#5847);
#5133=AXIS2_PLACEMENT_3D('',#7286,#5851,#5852);
#5134=AXIS2_PLACEMENT_3D('',#7288,#5854,#5855);
#5135=AXIS2_PLACEMENT_3D('',#7290,#5857,#5858);
#5136=AXIS2_PLACEMENT_3D('',#7291,#5859,#5860);
#5137=AXIS2_PLACEMENT_3D('',#7297,#5864,#5865);
#5138=AXIS2_PLACEMENT_3D('',#7299,#5867,#5868);
#5139=AXIS2_PLACEMENT_3D('',#7301,#5870,#5871);
#5140=AXIS2_PLACEMENT_3D('',#7302,#5872,#5873);
#5141=AXIS2_PLACEMENT_3D('',#7308,#5877,#5878);
#5142=AXIS2_PLACEMENT_3D('',#7310,#5880,#5881);
#5143=AXIS2_PLACEMENT_3D('',#7312,#5883,#5884);
#5144=AXIS2_PLACEMENT_3D('',#7313,#5885,#5886);
#5145=AXIS2_PLACEMENT_3D('',#7319,#5890,#5891);
#5146=AXIS2_PLACEMENT_3D('',#7321,#5893,#5894);
#5147=AXIS2_PLACEMENT_3D('',#7323,#5896,#5897);
#5148=AXIS2_PLACEMENT_3D('',#7324,#5898,#5899);
#5149=AXIS2_PLACEMENT_3D('',#7330,#5903,#5904);
#5150=AXIS2_PLACEMENT_3D('',#7332,#5906,#5907);
#5151=AXIS2_PLACEMENT_3D('',#7334,#5909,#5910);
#5152=AXIS2_PLACEMENT_3D('',#7335,#5911,#5912);
#5153=AXIS2_PLACEMENT_3D('',#7338,#5915,#5916);
#5154=AXIS2_PLACEMENT_3D('',#7340,#5918,#5919);
#5155=AXIS2_PLACEMENT_3D('',#7342,#5920,#5921);
#5156=AXIS2_PLACEMENT_3D('',#7346,#5923,#5924);
#5157=AXIS2_PLACEMENT_3D('',#7348,#5926,#5927);
#5158=AXIS2_PLACEMENT_3D('',#7350,#5929,#5930);
#5159=AXIS2_PLACEMENT_3D('',#7353,#5933,#5934);
#5160=AXIS2_PLACEMENT_3D('',#7356,#5937,#5938);
#5161=AXIS2_PLACEMENT_3D('',#7358,#5939,#5940);
#5162=AXIS2_PLACEMENT_3D('',#7359,#5941,#5942);
#5163=AXIS2_PLACEMENT_3D('',#7361,#5944,#5945);
#5164=AXIS2_PLACEMENT_3D('',#7363,#5946,#5947);
#5165=AXIS2_PLACEMENT_3D('',#7364,#5948,#5949);
#5166=AXIS2_PLACEMENT_3D('',#7366,#5951,#5952);
#5167=AXIS2_PLACEMENT_3D('',#7368,#5953,#5954);
#5168=AXIS2_PLACEMENT_3D('',#7369,#5955,#5956);
#5169=AXIS2_PLACEMENT_3D('',#7371,#5958,#5959);
#5170=AXIS2_PLACEMENT_3D('',#7374,#5962,#5963);
#5171=AXIS2_PLACEMENT_3D('',#7376,#5965,#5966);
#5172=AXIS2_PLACEMENT_3D('',#7377,#5967,#5968);
#5173=AXIS2_PLACEMENT_3D('',#7378,#5969,#5970);
#5174=AXIS2_PLACEMENT_3D('',#7379,#5971,#5972);
#5175=AXIS2_PLACEMENT_3D('',#7388,#5977,#5978);
#5176=AXIS2_PLACEMENT_3D('',#7394,#5982,#5983);
#5177=AXIS2_PLACEMENT_3D('',#7398,#5986,#5987);
#5178=AXIS2_PLACEMENT_3D('',#7402,#5990,#5991);
#5179=AXIS2_PLACEMENT_3D('',#7404,#5993,#5994);
#5180=AXIS2_PLACEMENT_3D('',#7405,#5995,#5996);
#5181=AXIS2_PLACEMENT_3D('',#7424,#5998,#5999);
#5182=AXIS2_PLACEMENT_3D('',#7426,#6000,#6001);
#5183=AXIS2_PLACEMENT_3D('',#7427,#6002,#6003);
#5184=AXIS2_PLACEMENT_3D('',#7428,#6004,#6005);
#5185=AXIS2_PLACEMENT_3D('',#7430,#6006,#6007);
#5186=AXIS2_PLACEMENT_3D('',#7432,#6009,#6010);
#5187=AXIS2_PLACEMENT_3D('',#7433,#6011,#6012);
#5188=AXIS2_PLACEMENT_3D('',#7435,#6013,#6014);
#5189=AXIS2_PLACEMENT_3D('',#7436,#6015,#6016);
#5190=AXIS2_PLACEMENT_3D('',#7439,#6018,#6019);
#5191=AXIS2_PLACEMENT_3D('',#7440,#6020,#6021);
#5192=AXIS2_PLACEMENT_3D('',#7449,#6026,#6027);
#5193=AXIS2_PLACEMENT_3D('',#7455,#6031,#6032);
#5194=AXIS2_PLACEMENT_3D('',#7461,#6036,#6037);
#5195=AXIS2_PLACEMENT_3D('',#7464,#6040,#6041);
#5196=AXIS2_PLACEMENT_3D('',#7465,#6042,#6043);
#5197=AXIS2_PLACEMENT_3D('',#7466,#6044,#6045);
#5198=AXIS2_PLACEMENT_3D('',#7468,#6046,#6047);
#5199=AXIS2_PLACEMENT_3D('',#7469,#6048,#6049);
#5200=AXIS2_PLACEMENT_3D('',#7472,#6051,#6052);
#5201=AXIS2_PLACEMENT_3D('',#7473,#6053,#6054);
#5202=AXIS2_PLACEMENT_3D('',#7482,#6059,#6060);
#5203=AXIS2_PLACEMENT_3D('',#7488,#6064,#6065);
#5204=AXIS2_PLACEMENT_3D('',#7494,#6069,#6070);
#5205=AXIS2_PLACEMENT_3D('',#7497,#6073,#6074);
#5206=AXIS2_PLACEMENT_3D('',#7498,#6075,#6076);
#5207=AXIS2_PLACEMENT_3D('',#7499,#6077,#6078);
#5208=AXIS2_PLACEMENT_3D('',#7501,#6079,#6080);
#5209=AXIS2_PLACEMENT_3D('',#7502,#6081,#6082);
#5210=AXIS2_PLACEMENT_3D('',#7505,#6084,#6085);
#5211=AXIS2_PLACEMENT_3D('',#7506,#6086,#6087);
#5212=AXIS2_PLACEMENT_3D('',#7515,#6092,#6093);
#5213=AXIS2_PLACEMENT_3D('',#7521,#6097,#6098);
#5214=AXIS2_PLACEMENT_3D('',#7527,#6102,#6103);
#5215=AXIS2_PLACEMENT_3D('',#7530,#6106,#6107);
#5216=AXIS2_PLACEMENT_3D('',#7531,#6108,#6109);
#5217=AXIS2_PLACEMENT_3D('',#7532,#6110,#6111);
#5218=AXIS2_PLACEMENT_3D('',#7541,#6116,#6117);
#5219=AXIS2_PLACEMENT_3D('',#7547,#6121,#6122);
#5220=AXIS2_PLACEMENT_3D('',#7553,#6126,#6127);
#5221=AXIS2_PLACEMENT_3D('',#7556,#6130,#6131);
#5222=AXIS2_PLACEMENT_3D('',#7557,#6132,#6133);
#5223=AXIS2_PLACEMENT_3D('',#7566,#6138,#6139);
#5224=AXIS2_PLACEMENT_3D('',#7572,#6143,#6144);
#5225=AXIS2_PLACEMENT_3D('',#7578,#6148,#6149);
#5226=AXIS2_PLACEMENT_3D('',#7581,#6152,#6153);
#5227=AXIS2_PLACEMENT_3D('',#7582,#6154,#6155);
#5228=AXIS2_PLACEMENT_3D('',#7583,#6156,#6157);
#5229=AXIS2_PLACEMENT_3D('',#7588,#6159,#6160);
#5230=AXIS2_PLACEMENT_3D('',#7591,#6162,#6163);
#5231=AXIS2_PLACEMENT_3D('',#7592,#6164,#6165);
#5232=AXIS2_PLACEMENT_3D('',#7600,#6170,#6171);
#5233=AXIS2_PLACEMENT_3D('',#7604,#6174,#6175);
#5234=AXIS2_PLACEMENT_3D('',#7610,#6179,#6180);
#5235=AXIS2_PLACEMENT_3D('',#7612,#6181,#6182);
#5236=AXIS2_PLACEMENT_3D('',#7615,#6184,#6185);
#5237=AXIS2_PLACEMENT_3D('',#7616,#6186,#6187);
#5238=AXIS2_PLACEMENT_3D('',#7618,#6188,#6189);
#5239=AXIS2_PLACEMENT_3D('',#7621,#6191,#6192);
#5240=AXIS2_PLACEMENT_3D('',#7622,#6193,#6194);
#5241=AXIS2_PLACEMENT_3D('',#7624,#6195,#6196);
#5242=AXIS2_PLACEMENT_3D('',#7627,#6198,#6199);
#5243=AXIS2_PLACEMENT_3D('',#7628,#6200,#6201);
#5244=AXIS2_PLACEMENT_3D('',#7634,#6205,#6206);
#5245=AXIS2_PLACEMENT_3D('',#7640,#6210,#6211);
#5246=AXIS2_PLACEMENT_3D('',#7643,#6214,#6215);
#5247=AXIS2_PLACEMENT_3D('',#7644,#6216,#6217);
#5248=AXIS2_PLACEMENT_3D('',#7645,#6218,#6219);
#5249=AXIS2_PLACEMENT_3D('',#7654,#6224,#6225);
#5250=AXIS2_PLACEMENT_3D('',#7660,#6229,#6230);
#5251=AXIS2_PLACEMENT_3D('',#7666,#6234,#6235);
#5252=AXIS2_PLACEMENT_3D('',#7669,#6238,#6239);
#5253=AXIS2_PLACEMENT_3D('',#7670,#6240,#6241);
#5254=AXIS2_PLACEMENT_3D('',#7672,#6242,#6243);
#5255=AXIS2_PLACEMENT_3D('',#7673,#6244,#6245);
#5256=AXIS2_PLACEMENT_3D('',#7675,#6246,#6247);
#5257=AXIS2_PLACEMENT_3D('',#7677,#6249,#6250);
#5258=AXIS2_PLACEMENT_3D('',#7678,#6251,#6252);
#5259=AXIS2_PLACEMENT_3D('',#7687,#6257,#6258);
#5260=AXIS2_PLACEMENT_3D('',#7693,#6262,#6263);
#5261=AXIS2_PLACEMENT_3D('',#7699,#6267,#6268);
#5262=AXIS2_PLACEMENT_3D('',#7702,#6271,#6272);
#5263=AXIS2_PLACEMENT_3D('',#7703,#6273,#6274);
#5264=AXIS2_PLACEMENT_3D('',#7705,#6275,#6276);
#5265=AXIS2_PLACEMENT_3D('',#7706,#6277,#6278);
#5266=AXIS2_PLACEMENT_3D('',#7708,#6279,#6280);
#5267=AXIS2_PLACEMENT_3D('',#7710,#6282,#6283);
#5268=AXIS2_PLACEMENT_3D('',#7711,#6284,#6285);
#5269=AXIS2_PLACEMENT_3D('',#7720,#6290,#6291);
#5270=AXIS2_PLACEMENT_3D('',#7726,#6295,#6296);
#5271=AXIS2_PLACEMENT_3D('',#7732,#6300,#6301);
#5272=AXIS2_PLACEMENT_3D('',#7735,#6304,#6305);
#5273=AXIS2_PLACEMENT_3D('',#7736,#6306,#6307);
#5274=AXIS2_PLACEMENT_3D('',#7738,#6308,#6309);
#5275=AXIS2_PLACEMENT_3D('',#7739,#6310,#6311);
#5276=AXIS2_PLACEMENT_3D('',#7741,#6312,#6313);
#5277=AXIS2_PLACEMENT_3D('',#7743,#6315,#6316);
#5278=AXIS2_PLACEMENT_3D('',#7744,#6317,#6318);
#5279=AXIS2_PLACEMENT_3D('',#7753,#6323,#6324);
#5280=AXIS2_PLACEMENT_3D('',#7759,#6328,#6329);
#5281=AXIS2_PLACEMENT_3D('',#7765,#6333,#6334);
#5282=AXIS2_PLACEMENT_3D('',#7768,#6337,#6338);
#5283=AXIS2_PLACEMENT_3D('',#7769,#6339,#6340);
#5284=AXIS2_PLACEMENT_3D('',#7771,#6341,#6342);
#5285=AXIS2_PLACEMENT_3D('',#7772,#6343,#6344);
#5286=AXIS2_PLACEMENT_3D('',#7774,#6345,#6346);
#5287=AXIS2_PLACEMENT_3D('',#7776,#6348,#6349);
#5288=AXIS2_PLACEMENT_3D('',#7777,#6350,#6351);
#5289=AXIS2_PLACEMENT_3D('',#7786,#6356,#6357);
#5290=AXIS2_PLACEMENT_3D('',#7792,#6361,#6362);
#5291=AXIS2_PLACEMENT_3D('',#7798,#6366,#6367);
#5292=AXIS2_PLACEMENT_3D('',#7801,#6370,#6371);
#5293=AXIS2_PLACEMENT_3D('',#7802,#6372,#6373);
#5294=AXIS2_PLACEMENT_3D('',#7804,#6374,#6375);
#5295=AXIS2_PLACEMENT_3D('',#7805,#6376,#6377);
#5296=AXIS2_PLACEMENT_3D('',#7807,#6378,#6379);
#5297=AXIS2_PLACEMENT_3D('',#7809,#6381,#6382);
#5298=AXIS2_PLACEMENT_3D('',#7810,#6383,#6384);
#5299=AXIS2_PLACEMENT_3D('',#7812,#6385,#6386);
#5300=AXIS2_PLACEMENT_3D('',#7813,#6387,#6388);
#5301=AXIS2_PLACEMENT_3D('',#7816,#6390,#6391);
#5302=AXIS2_PLACEMENT_3D('',#7817,#6392,#6393);
#5303=AXIS2_PLACEMENT_3D('',#7826,#6398,#6399);
#5304=AXIS2_PLACEMENT_3D('',#7832,#6403,#6404);
#5305=AXIS2_PLACEMENT_3D('',#7838,#6408,#6409);
#5306=AXIS2_PLACEMENT_3D('',#7841,#6412,#6413);
#5307=AXIS2_PLACEMENT_3D('',#7842,#6414,#6415);
#5308=AXIS2_PLACEMENT_3D('',#7843,#6416,#6417);
#5309=AXIS2_PLACEMENT_3D('',#7852,#6422,#6423);
#5310=AXIS2_PLACEMENT_3D('',#7858,#6427,#6428);
#5311=AXIS2_PLACEMENT_3D('',#7864,#6432,#6433);
#5312=AXIS2_PLACEMENT_3D('',#7867,#6436,#6437);
#5313=AXIS2_PLACEMENT_3D('',#7868,#6438,#6439);
#5314=AXIS2_PLACEMENT_3D('',#7870,#6440,#6441);
#5315=AXIS2_PLACEMENT_3D('',#7871,#6442,#6443);
#5316=AXIS2_PLACEMENT_3D('',#7873,#6444,#6445);
#5317=AXIS2_PLACEMENT_3D('',#7875,#6447,#6448);
#5318=AXIS2_PLACEMENT_3D('',#7876,#6449,#6450);
#5319=AXIS2_PLACEMENT_3D('',#7878,#6451,#6452);
#5320=AXIS2_PLACEMENT_3D('',#7881,#6454,#6455);
#5321=AXIS2_PLACEMENT_3D('',#7882,#6456,#6457);
#5322=AXIS2_PLACEMENT_3D('',#7883,#6458,#6459);
#5323=AXIS2_PLACEMENT_3D('',#7884,#6460,#6461);
#5324=AXIS2_PLACEMENT_3D('',#7889,#6463,#6464);
#5325=AXIS2_PLACEMENT_3D('',#7892,#6466,#6467);
#5326=AXIS2_PLACEMENT_3D('',#7893,#6468,#6469);
#5327=AXIS2_PLACEMENT_3D('',#7898,#6472,#6473);
#5328=AXIS2_PLACEMENT_3D('',#7899,#6474,#6475);
#5329=AXIS2_PLACEMENT_3D('',#7903,#6478,#6479);
#5330=AXIS2_PLACEMENT_3D('',#7906,#6481,#6482);
#5331=AXIS2_PLACEMENT_3D('',#7907,#6483,#6484);
#5332=AXIS2_PLACEMENT_3D('',#7925,#6494,#6495);
#5333=AXIS2_PLACEMENT_3D('',#7927,#6496,#6497);
#5334=AXIS2_PLACEMENT_3D('',#7930,#6499,#6500);
#5335=AXIS2_PLACEMENT_3D('',#7931,#6501,#6502);
#5336=AXIS2_PLACEMENT_3D('',#7934,#6504,#6505);
#5337=AXIS2_PLACEMENT_3D('',#7935,#6506,#6507);
#5338=AXIS2_PLACEMENT_3D('',#7939,#6510,#6511);
#5339=AXIS2_PLACEMENT_3D('',#7940,#6512,#6513);
#5340=AXIS2_PLACEMENT_3D('',#7941,#6514,#6515);
#5341=AXIS2_PLACEMENT_3D('',#7947,#6519,#6520);
#5342=AXIS2_PLACEMENT_3D('',#7951,#6523,#6524);
#5343=AXIS2_PLACEMENT_3D('',#7955,#6527,#6528);
#5344=AXIS2_PLACEMENT_3D('',#7957,#6530,#6531);
#5345=AXIS2_PLACEMENT_3D('',#7958,#6532,#6533);
#5346=AXIS2_PLACEMENT_3D('',#7961,#6534,#6535);
#5347=AXIS2_PLACEMENT_3D('',#7965,#6537,#6538);
#5348=AXIS2_PLACEMENT_3D('',#7967,#6540,#6541);
#5349=AXIS2_PLACEMENT_3D('',#7973,#6545,#6546);
#5350=AXIS2_PLACEMENT_3D('',#7975,#6547,#6548);
#5351=AXIS2_PLACEMENT_3D('',#7977,#6549,#6550);
#5352=AXIS2_PLACEMENT_3D('',#7979,#6552,#6553);
#5353=AXIS2_PLACEMENT_3D('',#7985,#6557,#6558);
#5354=AXIS2_PLACEMENT_3D('',#7991,#6562,#6563);
#5355=AXIS2_PLACEMENT_3D('',#7999,#6567,#6568);
#5356=AXIS2_PLACEMENT_3D('',#8005,#6572,#6573);
#5357=AXIS2_PLACEMENT_3D('',#8009,#6575,#6576);
#5358=AXIS2_PLACEMENT_3D('',#8011,#6578,#6579);
#5359=AXIS2_PLACEMENT_3D('',#8015,#6581,#6582);
#5360=AXIS2_PLACEMENT_3D('',#8016,#6583,#6584);
#5361=AXIS2_PLACEMENT_3D('',#8020,#6586,#6587);
#5362=AXIS2_PLACEMENT_3D('',#8022,#6589,#6590);
#5363=AXIS2_PLACEMENT_3D('',#8024,#6592,#6593);
#5364=AXIS2_PLACEMENT_3D('',#8026,#6594,#6595);
#5365=AXIS2_PLACEMENT_3D('',#8029,#6597,#6598);
#5366=AXIS2_PLACEMENT_3D('',#8030,#6599,#6600);
#5367=AXIS2_PLACEMENT_3D('',#8032,#6601,#6602);
#5368=AXIS2_PLACEMENT_3D('',#8034,#6603,#6604);
#5369=AXIS2_PLACEMENT_3D('',#8035,#6605,#6606);
#5370=AXIS2_PLACEMENT_3D('',#8040,#6609,#6610);
#5371=AXIS2_PLACEMENT_3D('',#8041,#6611,#6612);
#5372=AXIS2_PLACEMENT_3D('',#8056,#6621,#6622);
#5373=AXIS2_PLACEMENT_3D('',#8062,#6626,#6627);
#5374=AXIS2_PLACEMENT_3D('',#8066,#6629,#6630);
#5375=AXIS2_PLACEMENT_3D('',#8084,#6633,#6634);
#5376=AXIS2_PLACEMENT_3D('',#8085,#6635,#6636);
#5377=AXIS2_PLACEMENT_3D('',#8090,#6640,#6641);
#5378=AXIS2_PLACEMENT_3D('',#8092,#6643,#6644);
#5379=AXIS2_PLACEMENT_3D('',#8096,#6647,#6648);
#5380=AXIS2_PLACEMENT_3D('',#8098,#6649,#6650);
#5381=AXIS2_PLACEMENT_3D('',#8100,#6652,#6653);
#5382=AXIS2_PLACEMENT_3D('',#8102,#6654,#6655);
#5383=AXIS2_PLACEMENT_3D('',#8104,#6657,#6658);
#5384=AXIS2_PLACEMENT_3D('',#8106,#6659,#6660);
#5385=AXIS2_PLACEMENT_3D('',#8109,#6662,#6663);
#5386=AXIS2_PLACEMENT_3D('',#8110,#6664,#6665);
#5387=AXIS2_PLACEMENT_3D('',#8111,#6666,#6667);
#5388=AXIS2_PLACEMENT_3D('',#8114,#6669,#6670);
#5389=AXIS2_PLACEMENT_3D('',#8115,#6671,#6672);
#5390=AXIS2_PLACEMENT_3D('',#8117,#6673,#6674);
#5391=AXIS2_PLACEMENT_3D('',#8135,#6677,#6678);
#5392=AXIS2_PLACEMENT_3D('',#8136,#6679,#6680);
#5393=AXIS2_PLACEMENT_3D('',#8138,#6682,#6683);
#5394=AXIS2_PLACEMENT_3D('',#8140,#6685,#6686);
#5395=AXIS2_PLACEMENT_3D('',#8189,#6687,#6688);
#5396=AXIS2_PLACEMENT_3D('',#8190,#6689,#6690);
#5397=AXIS2_PLACEMENT_3D('',#8191,#6691,#6692);
#5398=AXIS2_PLACEMENT_3D('',#8192,#6693,#6694);
#5399=AXIS2_PLACEMENT_3D('',#8194,#6695,#6696);
#5400=AXIS2_PLACEMENT_3D('',#8196,#6697,#6698);
#5401=AXIS2_PLACEMENT_3D('',#8197,#6699,#6700);
#5402=AXIS2_PLACEMENT_3D('',#8199,#6701,#6702);
#5403=AXIS2_PLACEMENT_3D('',#8202,#6704,#6705);
#5404=AXIS2_PLACEMENT_3D('',#8203,#6706,#6707);
#5405=AXIS2_PLACEMENT_3D('',#8205,#6708,#6709);
#5406=AXIS2_PLACEMENT_3D('',#8206,#6710,#6711);
#5407=AXIS2_PLACEMENT_3D('',#8208,#6713,#6714);
#5408=AXIS2_PLACEMENT_3D('',#8210,#6715,#6716);
#5409=AXIS2_PLACEMENT_3D('',#8211,#6717,#6718);
#5410=AXIS2_PLACEMENT_3D('',#8213,#6720,#6721);
#5411=AXIS2_PLACEMENT_3D('',#8215,#6722,#6723);
#5412=AXIS2_PLACEMENT_3D('',#8218,#6725,#6726);
#5413=AXIS2_PLACEMENT_3D('',#8219,#6727,#6728);
#5414=AXIS2_PLACEMENT_3D('',#8221,#6729,#6730);
#5415=AXIS2_PLACEMENT_3D('',#8224,#6732,#6733);
#5416=AXIS2_PLACEMENT_3D('',#8225,#6734,#6735);
#5417=AXIS2_PLACEMENT_3D('',#8226,#6736,#6737);
#5418=AXIS2_PLACEMENT_3D('',#8227,#6738,#6739);
#5419=AXIS2_PLACEMENT_3D('',#8236,#6744,#6745);
#5420=AXIS2_PLACEMENT_3D('',#8238,#6746,#6747);
#5421=AXIS2_PLACEMENT_3D('',#8240,#6748,#6749);
#5422=AXIS2_PLACEMENT_3D('',#8242,#6751,#6752);
#5423=AXIS2_PLACEMENT_3D('',#8248,#6756,#6757);
#5424=AXIS2_PLACEMENT_3D('',#8250,#6758,#6759);
#5425=AXIS2_PLACEMENT_3D('',#8252,#6760,#6761);
#5426=AXIS2_PLACEMENT_3D('',#8254,#6763,#6764);
#5427=AXIS2_PLACEMENT_3D('',#8260,#6768,#6769);
#5428=AXIS2_PLACEMENT_3D('',#8262,#6770,#6771);
#5429=AXIS2_PLACEMENT_3D('',#8265,#6773,#6774);
#5430=AXIS2_PLACEMENT_3D('',#8266,#6775,#6776);
#5431=AXIS2_PLACEMENT_3D('',#8272,#6780,#6781);
#5432=AXIS2_PLACEMENT_3D('',#8273,#6782,#6783);
#5433=AXIS2_PLACEMENT_3D('',#8274,#6784,#6785);
#5434=AXIS2_PLACEMENT_3D('',#8275,#6786,#6787);
#5435=AXIS2_PLACEMENT_3D('',#8276,#6788,#6789);
#5436=AXIS2_PLACEMENT_3D('',#8279,#6790,#6791);
#5437=AXIS2_PLACEMENT_3D('',#8283,#6793,#6794);
#5438=AXIS2_PLACEMENT_3D('',#8287,#6796,#6797);
#5439=AXIS2_PLACEMENT_3D('',#8291,#6799,#6800);
#5440=AXIS2_PLACEMENT_3D('',#8293,#6802,#6803);
#5441=AXIS2_PLACEMENT_3D('',#8299,#6807,#6808);
#5442=AXIS2_PLACEMENT_3D('',#8302,#6810,#6811);
#5443=AXIS2_PLACEMENT_3D('',#8303,#6812,#6813);
#5444=AXIS2_PLACEMENT_3D('',#8307,#6816,#6817);
#5445=AXIS2_PLACEMENT_3D('',#8310,#6819,#6820);
#5446=AXIS2_PLACEMENT_3D('',#8311,#6821,#6822);
#5447=AXIS2_PLACEMENT_3D('',#8313,#6823,#6824);
#5448=AXIS2_PLACEMENT_3D('',#8315,#6826,#6827);
#5449=AXIS2_PLACEMENT_3D('',#8319,#6830,#6831);
#5450=AXIS2_PLACEMENT_3D('',#8321,#6832,#6833);
#5451=AXIS2_PLACEMENT_3D('',#8323,#6835,#6836);
#5452=AXIS2_PLACEMENT_3D('',#8325,#6838,#6839);
#5453=DIRECTION('axis',(0.,0.,1.));
#5454=DIRECTION('refdir',(1.,0.,0.));
#5455=DIRECTION('center_axis',(1.,0.,0.));
#5456=DIRECTION('ref_axis',(0.,2.59037236111098E-11,1.));
#5457=DIRECTION('center_axis',(-1.,0.,0.));
#5458=DIRECTION('ref_axis',(0.,2.59037236111098E-11,1.));
#5459=DIRECTION('',(1.,0.,0.));
#5460=DIRECTION('center_axis',(1.,0.,0.));
#5461=DIRECTION('ref_axis',(0.,2.59037236111098E-11,1.));
#5462=DIRECTION('',(1.,0.,0.));
#5463=DIRECTION('center_axis',(0.,1.,-7.61295788310683E-15));
#5464=DIRECTION('ref_axis',(0.,7.61295788310683E-15,1.));
#5465=DIRECTION('',(0.,-7.61295788310683E-15,-1.));
#5466=DIRECTION('',(0.,7.61295788310683E-15,1.));
#5467=DIRECTION('',(-1.,0.,0.));
#5468=DIRECTION('center_axis',(0.,-1.,2.59081645026317E-11));
#5469=DIRECTION('ref_axis',(0.,-2.59081645026317E-11,-1.));
#5470=DIRECTION('',(0.,2.59081645026317E-11,1.));
#5471=DIRECTION('',(1.,0.,0.));
#5472=DIRECTION('',(0.,-2.59081645026317E-11,-1.));
#5473=DIRECTION('',(1.,0.,0.));
#5474=DIRECTION('center_axis',(1.,0.,0.));
#5475=DIRECTION('ref_axis',(0.,-1.,2.59092747256503E-11));
#5476=DIRECTION('center_axis',(-1.,0.,0.));
#5477=DIRECTION('ref_axis',(0.,-1.,2.59092747256503E-11));
#5478=DIRECTION('center_axis',(1.,0.,0.));
#5479=DIRECTION('ref_axis',(0.,-1.,2.59092747256503E-11));
#5480=DIRECTION('',(1.,0.,0.));
#5481=DIRECTION('center_axis',(0.,9.68114478097629E-12,1.));
#5482=DIRECTION('ref_axis',(0.,-1.,9.68114478097629E-12));
#5483=DIRECTION('',(0.,1.,-9.68114478097629E-12));
#5484=DIRECTION('',(0.,-1.,9.68114478097629E-12));
#5485=DIRECTION('center_axis',(0.,0.,-1.));
#5486=DIRECTION('ref_axis',(-1.,0.,0.));
#5487=DIRECTION('',(0.,1.,0.));
#5488=DIRECTION('',(1.,0.,0.));
#5489=DIRECTION('',(0.,-1.,0.));
#5490=DIRECTION('',(-1.,0.,0.));
#5491=DIRECTION('',(0.,1.,0.));
#5492=DIRECTION('',(0.,-1.,0.));
#5493=DIRECTION('',(1.,0.,0.));
#5494=DIRECTION('',(0.,1.,0.));
#5495=DIRECTION('',(-1.,0.,0.));
#5496=DIRECTION('',(0.,-1.,0.));
#5497=DIRECTION('center_axis',(-1.,0.,0.));
#5498=DIRECTION('ref_axis',(0.,-1.,0.));
#5499=DIRECTION('',(0.,0.,-1.));
#5500=DIRECTION('center_axis',(1.,0.,0.));
#5501=DIRECTION('ref_axis',(0.,-0.707106781186546,0.707106781186549));
#5502=DIRECTION('',(0.,-1.,0.));
#5503=DIRECTION('center_axis',(1.,0.,0.));
#5504=DIRECTION('ref_axis',(0.,0.707106781186547,0.707106781186547));
#5505=DIRECTION('',(0.,0.,1.));
#5506=DIRECTION('center_axis',(1.,0.,0.));
#5507=DIRECTION('ref_axis',(0.,1.,0.));
#5508=DIRECTION('',(0.,-1.,0.));
#5509=DIRECTION('center_axis',(1.,0.,0.));
#5510=DIRECTION('ref_axis',(0.,1.,0.));
#5511=DIRECTION('center_axis',(1.,0.,0.));
#5512=DIRECTION('ref_axis',(0.,1.,0.));
#5513=DIRECTION('',(-1.,0.,0.));
#5514=DIRECTION('center_axis',(1.,0.,0.));
#5515=DIRECTION('ref_axis',(0.,1.,0.));
#5516=DIRECTION('',(1.,0.,0.));
#5517=DIRECTION('center_axis',(1.,0.,0.));
#5518=DIRECTION('ref_axis',(0.,1.,0.));
#5519=DIRECTION('',(1.,0.,0.));
#5520=DIRECTION('',(-1.,0.,0.));
#5521=DIRECTION('center_axis',(1.,0.,0.));
#5522=DIRECTION('ref_axis',(0.,1.,0.));
#5523=DIRECTION('center_axis',(1.,0.,0.));
#5524=DIRECTION('ref_axis',(0.,1.,0.));
#5525=DIRECTION('',(0.,1.,0.));
#5526=DIRECTION('center_axis',(0.,0.,1.));
#5527=DIRECTION('ref_axis',(1.,0.,0.));
#5528=DIRECTION('',(0.,1.,0.));
#5529=DIRECTION('',(1.,0.,0.));
#5530=DIRECTION('',(0.,-1.,0.));
#5531=DIRECTION('',(1.,0.,0.));
#5532=DIRECTION('',(0.,1.,0.));
#5533=DIRECTION('',(1.,0.,0.));
#5534=DIRECTION('',(0.,-1.,0.));
#5535=DIRECTION('',(1.,0.,0.));
#5536=DIRECTION('',(0.,1.,0.));
#5537=DIRECTION('',(1.,0.,0.));
#5538=DIRECTION('',(0.,-1.,0.));
#5539=DIRECTION('',(1.,0.,0.));
#5540=DIRECTION('',(0.,1.,0.));
#5541=DIRECTION('',(1.,0.,0.));
#5542=DIRECTION('',(0.,-1.,0.));
#5543=DIRECTION('',(1.,0.,0.));
#5544=DIRECTION('',(0.,1.,0.));
#5545=DIRECTION('',(1.,0.,0.));
#5546=DIRECTION('',(0.,-1.,0.));
#5547=DIRECTION('',(1.,0.,0.));
#5548=DIRECTION('',(0.,1.,0.));
#5549=DIRECTION('',(1.,0.,0.));
#5550=DIRECTION('',(0.,-1.,0.));
#5551=DIRECTION('',(1.,0.,0.));
#5552=DIRECTION('',(0.,1.,0.));
#5553=DIRECTION('',(1.,0.,0.));
#5554=DIRECTION('',(0.,-1.,0.));
#5555=DIRECTION('',(1.,0.,0.));
#5556=DIRECTION('',(0.,1.,0.));
#5557=DIRECTION('',(1.,0.,0.));
#5558=DIRECTION('',(0.,-1.,0.));
#5559=DIRECTION('',(1.,0.,0.));
#5560=DIRECTION('',(0.,1.,0.));
#5561=DIRECTION('',(1.,0.,0.));
#5562=DIRECTION('',(0.,-1.,0.));
#5563=DIRECTION('',(1.,0.,0.));
#5564=DIRECTION('',(0.,1.,0.));
#5565=DIRECTION('',(1.,0.,0.));
#5566=DIRECTION('',(-1.93082265152201E-16,-1.,0.));
#5567=DIRECTION('',(-1.,0.,0.));
#5568=DIRECTION('',(0.,1.,0.));
#5569=DIRECTION('center_axis',(0.,0.,1.));
#5570=DIRECTION('ref_axis',(-1.,0.,0.));
#5571=DIRECTION('center_axis',(0.,0.,1.));
#5572=DIRECTION('ref_axis',(-1.,0.,0.));
#5573=DIRECTION('center_axis',(0.,0.,1.));
#5574=DIRECTION('ref_axis',(-1.,0.,0.));
#5575=DIRECTION('center_axis',(0.,0.,1.));
#5576=DIRECTION('ref_axis',(-1.,0.,0.));
#5577=DIRECTION('center_axis',(0.,0.,1.));
#5578=DIRECTION('ref_axis',(-1.,0.,0.));
#5579=DIRECTION('center_axis',(0.,0.,1.));
#5580=DIRECTION('ref_axis',(-1.,0.,0.));
#5581=DIRECTION('',(0.,1.,0.));
#5582=DIRECTION('',(-1.,0.,0.));
#5583=DIRECTION('',(0.,-1.,0.));
#5584=DIRECTION('',(1.,0.,0.));
#5585=DIRECTION('center_axis',(0.,0.,1.));
#5586=DIRECTION('ref_axis',(1.,0.,0.));
#5587=DIRECTION('center_axis',(0.,0.,1.));
#5588=DIRECTION('ref_axis',(1.,0.,0.));
#5589=DIRECTION('center_axis',(0.,0.,1.));
#5590=DIRECTION('ref_axis',(1.,0.,0.));
#5591=DIRECTION('center_axis',(0.,0.,1.));
#5592=DIRECTION('ref_axis',(-1.,0.,0.));
#5593=DIRECTION('center_axis',(0.,0.,1.));
#5594=DIRECTION('ref_axis',(-1.,0.,0.));
#5595=DIRECTION('center_axis',(0.,0.,1.));
#5596=DIRECTION('ref_axis',(-1.,0.,0.));
#5597=DIRECTION('center_axis',(0.,0.,1.));
#5598=DIRECTION('ref_axis',(-1.,0.,0.));
#5599=DIRECTION('center_axis',(0.,0.,1.));
#5600=DIRECTION('ref_axis',(-1.,0.,0.));
#5601=DIRECTION('center_axis',(1.,0.,0.));
#5602=DIRECTION('ref_axis',(0.,1.,0.));
#5603=DIRECTION('',(0.,1.,0.));
#5604=DIRECTION('',(0.,0.,1.));
#5605=DIRECTION('center_axis',(1.,0.,0.));
#5606=DIRECTION('ref_axis',(0.,1.,0.));
#5607=DIRECTION('',(0.,0.,1.));
#5608=DIRECTION('',(0.,1.,0.));
#5609=DIRECTION('center_axis',(0.,0.,-1.));
#5610=DIRECTION('ref_axis',(1.,0.,0.));
#5611=DIRECTION('center_axis',(0.,0.,-1.));
#5612=DIRECTION('ref_axis',(1.,0.,0.));
#5613=DIRECTION('center_axis',(0.,0.,1.));
#5614=DIRECTION('ref_axis',(1.,0.,0.));
#5615=DIRECTION('center_axis',(0.,0.,-1.));
#5616=DIRECTION('ref_axis',(1.,0.,0.));
#5617=DIRECTION('center_axis',(0.,0.,-1.));
#5618=DIRECTION('ref_axis',(1.,0.,0.));
#5619=DIRECTION('center_axis',(0.,0.,1.));
#5620=DIRECTION('ref_axis',(1.,0.,0.));
#5621=DIRECTION('center_axis',(0.,0.,-1.));
#5622=DIRECTION('ref_axis',(1.,0.,0.));
#5623=DIRECTION('center_axis',(0.,0.,-1.));
#5624=DIRECTION('ref_axis',(1.,0.,0.));
#5625=DIRECTION('center_axis',(0.,0.,1.));
#5626=DIRECTION('ref_axis',(1.,0.,0.));
#5627=DIRECTION('center_axis',(0.,0.,1.));
#5628=DIRECTION('ref_axis',(-1.,0.,0.));
#5629=DIRECTION('',(0.,0.,1.));
#5630=DIRECTION('center_axis',(0.,0.,1.));
#5631=DIRECTION('ref_axis',(-1.,0.,0.));
#5632=DIRECTION('center_axis',(0.,0.,1.));
#5633=DIRECTION('ref_axis',(-1.,0.,0.));
#5634=DIRECTION('center_axis',(0.,0.,1.));
#5635=DIRECTION('ref_axis',(-1.,0.,0.));
#5636=DIRECTION('',(0.,0.,1.));
#5637=DIRECTION('center_axis',(0.,0.,1.));
#5638=DIRECTION('ref_axis',(-1.,0.,0.));
#5639=DIRECTION('center_axis',(0.,0.,1.));
#5640=DIRECTION('ref_axis',(-1.,0.,0.));
#5641=DIRECTION('center_axis',(0.,0.,1.));
#5642=DIRECTION('ref_axis',(-1.,0.,0.));
#5643=DIRECTION('',(0.,0.,1.));
#5644=DIRECTION('center_axis',(0.,0.,1.));
#5645=DIRECTION('ref_axis',(-1.,0.,0.));
#5646=DIRECTION('center_axis',(0.,0.,1.));
#5647=DIRECTION('ref_axis',(-1.,0.,0.));
#5648=DIRECTION('center_axis',(0.,0.,1.));
#5649=DIRECTION('ref_axis',(-1.,0.,0.));
#5650=DIRECTION('',(0.,0.,1.));
#5651=DIRECTION('center_axis',(0.,0.,1.));
#5652=DIRECTION('ref_axis',(-1.,0.,0.));
#5653=DIRECTION('center_axis',(0.,0.,1.));
#5654=DIRECTION('ref_axis',(-1.,0.,0.));
#5655=DIRECTION('center_axis',(0.,0.,1.));
#5656=DIRECTION('ref_axis',(-1.,0.,0.));
#5657=DIRECTION('',(0.,0.,1.));
#5658=DIRECTION('center_axis',(0.,0.,1.));
#5659=DIRECTION('ref_axis',(-1.,0.,0.));
#5660=DIRECTION('center_axis',(0.,0.,1.));
#5661=DIRECTION('ref_axis',(-1.,0.,0.));
#5662=DIRECTION('center_axis',(0.,0.,1.));
#5663=DIRECTION('ref_axis',(-1.,0.,0.));
#5664=DIRECTION('',(0.,0.,1.));
#5665=DIRECTION('center_axis',(0.,0.,1.));
#5666=DIRECTION('ref_axis',(-1.,0.,0.));
#5667=DIRECTION('center_axis',(0.,0.,1.));
#5668=DIRECTION('ref_axis',(-1.,0.,0.));
#5669=DIRECTION('center_axis',(0.,0.,1.));
#5670=DIRECTION('ref_axis',(-1.,0.,0.));
#5671=DIRECTION('',(0.,0.,1.));
#5672=DIRECTION('center_axis',(0.,0.,1.));
#5673=DIRECTION('ref_axis',(-1.,0.,0.));
#5674=DIRECTION('center_axis',(0.,0.,1.));
#5675=DIRECTION('ref_axis',(-1.,0.,0.));
#5676=DIRECTION('center_axis',(0.,0.,1.));
#5677=DIRECTION('ref_axis',(-1.,0.,0.));
#5678=DIRECTION('',(0.,0.,1.));
#5679=DIRECTION('center_axis',(0.,0.,1.));
#5680=DIRECTION('ref_axis',(-1.,0.,0.));
#5681=DIRECTION('center_axis',(0.,0.,1.));
#5682=DIRECTION('ref_axis',(-1.,0.,0.));
#5683=DIRECTION('center_axis',(0.,0.,-1.));
#5684=DIRECTION('ref_axis',(-1.,0.,0.));
#5685=DIRECTION('center_axis',(0.,0.,-1.));
#5686=DIRECTION('ref_axis',(-1.,0.,0.));
#5687=DIRECTION('',(0.,0.,-1.));
#5688=DIRECTION('center_axis',(0.,0.,-1.));
#5689=DIRECTION('ref_axis',(-1.,0.,0.));
#5690=DIRECTION('center_axis',(0.,0.,-1.));
#5691=DIRECTION('ref_axis',(-1.,0.,0.));
#5692=DIRECTION('',(0.,0.,-1.));
#5693=DIRECTION('center_axis',(-1.,0.,0.));
#5694=DIRECTION('ref_axis',(0.,1.,0.));
#5695=DIRECTION('',(0.,0.,-1.));
#5696=DIRECTION('',(0.,1.,0.));
#5697=DIRECTION('',(0.,0.,-1.));
#5698=DIRECTION('center_axis',(0.,-1.,0.));
#5699=DIRECTION('ref_axis',(-1.,0.,0.));
#5700=DIRECTION('',(-1.,0.,0.));
#5701=DIRECTION('',(0.,0.,-1.));
#5702=DIRECTION('center_axis',(1.,0.,0.));
#5703=DIRECTION('ref_axis',(0.,-1.,0.));
#5704=DIRECTION('',(0.,-1.,0.));
#5705=DIRECTION('',(0.,0.,-1.));
#5706=DIRECTION('center_axis',(0.,1.,0.));
#5707=DIRECTION('ref_axis',(1.,0.,0.));
#5708=DIRECTION('',(1.,0.,0.));
#5709=DIRECTION('center_axis',(0.,0.,-1.));
#5710=DIRECTION('ref_axis',(-1.,0.,0.));
#5711=DIRECTION('center_axis',(0.,0.,-1.));
#5712=DIRECTION('ref_axis',(-1.,0.,0.));
#5713=DIRECTION('',(0.,0.,-1.));
#5714=DIRECTION('center_axis',(0.,0.,-1.));
#5715=DIRECTION('ref_axis',(1.,0.,0.));
#5716=DIRECTION('',(0.,0.,1.));
#5717=DIRECTION('center_axis',(0.,0.,-1.));
#5718=DIRECTION('ref_axis',(1.,0.,0.));
#5719=DIRECTION('',(0.,0.,1.));
#5720=DIRECTION('center_axis',(0.,0.,-1.));
#5721=DIRECTION('ref_axis',(1.,0.,0.));
#5722=DIRECTION('center_axis',(0.,0.,-1.));
#5723=DIRECTION('ref_axis',(1.,0.,0.));
#5724=DIRECTION('',(0.,0.,1.));
#5725=DIRECTION('center_axis',(0.,0.,-1.));
#5726=DIRECTION('ref_axis',(1.,0.,0.));
#5727=DIRECTION('',(0.,0.,1.));
#5728=DIRECTION('center_axis',(0.,0.,-1.));
#5729=DIRECTION('ref_axis',(1.,0.,0.));
#5730=DIRECTION('center_axis',(0.,0.,-1.));
#5731=DIRECTION('ref_axis',(1.,0.,0.));
#5732=DIRECTION('',(0.,0.,1.));
#5733=DIRECTION('center_axis',(0.,-1.,0.));
#5734=DIRECTION('ref_axis',(1.,0.,0.));
#5735=DIRECTION('',(1.,0.,0.));
#5736=DIRECTION('',(0.,0.,-1.));
#5737=DIRECTION('center_axis',(-1.,1.93082265152201E-16,0.));
#5738=DIRECTION('ref_axis',(-1.93082265152201E-16,-1.,0.));
#5739=DIRECTION('',(-1.93082265152201E-16,-1.,0.));
#5740=DIRECTION('',(0.,0.,1.));
#5741=DIRECTION('',(0.,0.,1.));
#5742=DIRECTION('center_axis',(0.,1.,0.));
#5743=DIRECTION('ref_axis',(-1.,0.,0.));
#5744=DIRECTION('',(-1.,0.,0.));
#5745=DIRECTION('center_axis',(0.,-1.,0.));
#5746=DIRECTION('ref_axis',(1.,0.,0.));
#5747=DIRECTION('',(0.,0.,1.));
#5748=DIRECTION('',(1.,0.,0.));
#5749=DIRECTION('center_axis',(1.,0.,0.));
#5750=DIRECTION('ref_axis',(0.,-1.,0.));
#5751=DIRECTION('',(0.,1.,0.));
#5752=DIRECTION('',(0.,0.,1.));
#5753=DIRECTION('',(0.,-1.,0.));
#5754=DIRECTION('',(0.,0.,-1.));
#5755=DIRECTION('center_axis',(1.,0.,0.));
#5756=DIRECTION('ref_axis',(0.,-0.707106781186546,0.707106781186549));
#5757=DIRECTION('',(0.,-1.,0.));
#5758=DIRECTION('',(0.,0.,-1.));
#5759=DIRECTION('center_axis',(0.,0.,1.));
#5760=DIRECTION('ref_axis',(-1.,0.,0.));
#5761=DIRECTION('',(0.,-1.,0.));
#5762=DIRECTION('',(1.,0.,0.));
#5763=DIRECTION('',(0.,-1.,0.));
#5764=DIRECTION('',(-1.,0.,0.));
#5765=DIRECTION('',(0.,1.,0.));
#5766=DIRECTION('',(1.,0.,0.));
#5767=DIRECTION('center_axis',(0.,1.,0.));
#5768=DIRECTION('ref_axis',(-1.,0.,0.));
#5769=DIRECTION('',(-1.,0.,0.));
#5770=DIRECTION('',(0.,0.,1.));
#5771=DIRECTION('center_axis',(-1.,0.,0.));
#5772=DIRECTION('ref_axis',(0.,1.,0.));
#5773=DIRECTION('',(0.,0.,-1.));
#5774=DIRECTION('',(0.,1.,0.));
#5775=DIRECTION('center_axis',(-1.,0.,0.));
#5776=DIRECTION('ref_axis',(0.,-0.707106781186546,0.707106781186549));
#5777=DIRECTION('',(0.,0.,1.));
#5778=DIRECTION('',(0.,1.,0.));
#5779=DIRECTION('',(0.,0.,-1.));
#5780=DIRECTION('center_axis',(0.,1.,0.));
#5781=DIRECTION('ref_axis',(1.,0.,0.));
#5782=DIRECTION('',(0.,0.,1.));
#5783=DIRECTION('',(1.,0.,0.));
#5784=DIRECTION('',(0.,0.,-1.));
#5785=DIRECTION('',(0.,0.,1.));
#5786=DIRECTION('',(1.,0.,0.));
#5787=DIRECTION('',(0.,0.,-1.));
#5788=DIRECTION('',(0.,0.,1.));
#5789=DIRECTION('',(1.,0.,0.));
#5790=DIRECTION('',(0.,0.,-1.));
#5791=DIRECTION('',(0.,0.,1.));
#5792=DIRECTION('',(1.,0.,0.));
#5793=DIRECTION('',(0.,0.,-1.));
#5794=DIRECTION('',(0.,0.,1.));
#5795=DIRECTION('',(1.,0.,0.));
#5796=DIRECTION('',(0.,0.,-1.));
#5797=DIRECTION('',(0.,0.,1.));
#5798=DIRECTION('',(1.,0.,0.));
#5799=DIRECTION('',(0.,0.,-1.));
#5800=DIRECTION('',(1.,0.,0.));
#5801=DIRECTION('',(0.,0.,1.));
#5802=DIRECTION('',(1.,0.,0.));
#5803=DIRECTION('',(0.,0.,-1.));
#5804=DIRECTION('',(0.,0.,1.));
#5805=DIRECTION('',(1.,0.,0.));
#5806=DIRECTION('',(0.,0.,-1.));
#5807=DIRECTION('center_axis',(0.,0.,1.));
#5808=DIRECTION('ref_axis',(1.,0.,0.));
#5809=DIRECTION('',(1.,0.,0.));
#5810=DIRECTION('',(0.,1.,0.));
#5811=DIRECTION('',(0.,-1.,0.));
#5812=DIRECTION('center_axis',(1.,0.,0.));
#5813=DIRECTION('ref_axis',(0.,1.,0.));
#5814=DIRECTION('',(0.,0.,1.));
#5815=DIRECTION('center_axis',(0.,-1.,0.));
#5816=DIRECTION('ref_axis',(1.,0.,0.));
#5817=DIRECTION('',(0.,0.,1.));
#5818=DIRECTION('center_axis',(-1.,0.,0.));
#5819=DIRECTION('ref_axis',(0.,-1.,0.));
#5820=DIRECTION('center_axis',(0.,0.,1.));
#5821=DIRECTION('ref_axis',(1.,0.,0.));
#5822=DIRECTION('',(1.,0.,0.));
#5823=DIRECTION('',(0.,1.,0.));
#5824=DIRECTION('',(0.,-1.,0.));
#5825=DIRECTION('center_axis',(1.,0.,0.));
#5826=DIRECTION('ref_axis',(0.,1.,0.));
#5827=DIRECTION('',(0.,0.,1.));
#5828=DIRECTION('center_axis',(0.,-1.,0.));
#5829=DIRECTION('ref_axis',(1.,0.,0.));
#5830=DIRECTION('',(0.,0.,1.));
#5831=DIRECTION('center_axis',(-1.,0.,0.));
#5832=DIRECTION('ref_axis',(0.,-1.,0.));
#5833=DIRECTION('center_axis',(0.,0.,1.));
#5834=DIRECTION('ref_axis',(1.,0.,0.));
#5835=DIRECTION('',(1.,0.,0.));
#5836=DIRECTION('',(0.,1.,0.));
#5837=DIRECTION('',(0.,-1.,0.));
#5838=DIRECTION('center_axis',(1.,0.,0.));
#5839=DIRECTION('ref_axis',(0.,1.,0.));
#5840=DIRECTION('',(0.,0.,1.));
#5841=DIRECTION('center_axis',(0.,-1.,0.));
#5842=DIRECTION('ref_axis',(1.,0.,0.));
#5843=DIRECTION('',(0.,0.,1.));
#5844=DIRECTION('center_axis',(-1.,0.,0.));
#5845=DIRECTION('ref_axis',(0.,-1.,0.));
#5846=DIRECTION('center_axis',(0.,0.,1.));
#5847=DIRECTION('ref_axis',(1.,0.,0.));
#5848=DIRECTION('',(1.,0.,0.));
#5849=DIRECTION('',(0.,1.,0.));
#5850=DIRECTION('',(0.,-1.,0.));
#5851=DIRECTION('center_axis',(1.,0.,0.));
#5852=DIRECTION('ref_axis',(0.,1.,0.));
#5853=DIRECTION('',(0.,0.,1.));
#5854=DIRECTION('center_axis',(0.,-1.,0.));
#5855=DIRECTION('ref_axis',(1.,0.,0.));
#5856=DIRECTION('',(0.,0.,1.));
#5857=DIRECTION('center_axis',(-1.,0.,0.));
#5858=DIRECTION('ref_axis',(0.,-1.,0.));
#5859=DIRECTION('center_axis',(0.,0.,1.));
#5860=DIRECTION('ref_axis',(1.,0.,0.));
#5861=DIRECTION('',(1.,0.,0.));
#5862=DIRECTION('',(0.,1.,0.));
#5863=DIRECTION('',(0.,-1.,0.));
#5864=DIRECTION('center_axis',(1.,0.,0.));
#5865=DIRECTION('ref_axis',(0.,1.,0.));
#5866=DIRECTION('',(0.,0.,1.));
#5867=DIRECTION('center_axis',(0.,-1.,0.));
#5868=DIRECTION('ref_axis',(1.,0.,0.));
#5869=DIRECTION('',(0.,0.,1.));
#5870=DIRECTION('center_axis',(-1.,0.,0.));
#5871=DIRECTION('ref_axis',(0.,-1.,0.));
#5872=DIRECTION('center_axis',(0.,0.,1.));
#5873=DIRECTION('ref_axis',(1.,0.,0.));
#5874=DIRECTION('',(1.,0.,0.));
#5875=DIRECTION('',(0.,1.,0.));
#5876=DIRECTION('',(0.,-1.,0.));
#5877=DIRECTION('center_axis',(1.,0.,0.));
#5878=DIRECTION('ref_axis',(0.,1.,0.));
#5879=DIRECTION('',(0.,0.,1.));
#5880=DIRECTION('center_axis',(0.,-1.,0.));
#5881=DIRECTION('ref_axis',(1.,0.,0.));
#5882=DIRECTION('',(0.,0.,1.));
#5883=DIRECTION('center_axis',(-1.,0.,0.));
#5884=DIRECTION('ref_axis',(0.,-1.,0.));
#5885=DIRECTION('center_axis',(0.,0.,1.));
#5886=DIRECTION('ref_axis',(1.,0.,0.));
#5887=DIRECTION('',(1.,0.,0.));
#5888=DIRECTION('',(0.,1.,0.));
#5889=DIRECTION('',(0.,-1.,0.));
#5890=DIRECTION('center_axis',(1.,0.,0.));
#5891=DIRECTION('ref_axis',(0.,1.,0.));
#5892=DIRECTION('',(0.,0.,1.));
#5893=DIRECTION('center_axis',(0.,-1.,0.));
#5894=DIRECTION('ref_axis',(1.,0.,0.));
#5895=DIRECTION('',(0.,0.,1.));
#5896=DIRECTION('center_axis',(-1.,0.,0.));
#5897=DIRECTION('ref_axis',(0.,-1.,0.));
#5898=DIRECTION('center_axis',(0.,0.,1.));
#5899=DIRECTION('ref_axis',(1.,0.,0.));
#5900=DIRECTION('',(1.,0.,0.));
#5901=DIRECTION('',(0.,1.,0.));
#5902=DIRECTION('',(0.,-1.,0.));
#5903=DIRECTION('center_axis',(1.,0.,0.));
#5904=DIRECTION('ref_axis',(0.,1.,0.));
#5905=DIRECTION('',(0.,0.,1.));
#5906=DIRECTION('center_axis',(0.,-1.,0.));
#5907=DIRECTION('ref_axis',(1.,0.,0.));
#5908=DIRECTION('',(0.,0.,1.));
#5909=DIRECTION('center_axis',(-1.,0.,0.));
#5910=DIRECTION('ref_axis',(0.,-1.,0.));
#5911=DIRECTION('center_axis',(-1.,0.,0.));
#5912=DIRECTION('ref_axis',(0.,-1.,0.));
#5913=DIRECTION('',(0.,0.,-1.));
#5914=DIRECTION('',(0.,0.,1.));
#5915=DIRECTION('center_axis',(0.,-1.,0.));
#5916=DIRECTION('ref_axis',(1.,0.,0.));
#5917=DIRECTION('',(0.,0.,1.));
#5918=DIRECTION('center_axis',(1.,0.,0.));
#5919=DIRECTION('ref_axis',(0.,1.,0.));
#5920=DIRECTION('center_axis',(-1.,0.,0.));
#5921=DIRECTION('ref_axis',(0.,0.707106781186547,0.707106781186547));
#5922=DIRECTION('',(0.,1.,0.));
#5923=DIRECTION('center_axis',(-1.,0.,0.));
#5924=DIRECTION('ref_axis',(0.,-0.707106781186546,0.707106781186549));
#5925=DIRECTION('',(0.,0.,1.));
#5926=DIRECTION('center_axis',(-1.,0.,0.));
#5927=DIRECTION('ref_axis',(0.,0.707106781186547,0.707106781186547));
#5928=DIRECTION('',(1.,0.,0.));
#5929=DIRECTION('center_axis',(1.,0.,0.));
#5930=DIRECTION('ref_axis',(0.,-0.707106781186546,0.707106781186549));
#5931=DIRECTION('',(1.,0.,0.));
#5932=DIRECTION('',(-1.,0.,0.));
#5933=DIRECTION('center_axis',(1.,0.,0.));
#5934=DIRECTION('ref_axis',(0.,-0.707106781186546,0.707106781186549));
#5935=DIRECTION('',(-1.,0.,0.));
#5936=DIRECTION('',(1.,0.,0.));
#5937=DIRECTION('center_axis',(0.,0.,-1.));
#5938=DIRECTION('ref_axis',(1.,0.,0.));
#5939=DIRECTION('center_axis',(0.,0.,1.));
#5940=DIRECTION('ref_axis',(1.,0.,0.));
#5941=DIRECTION('center_axis',(0.,0.,1.));
#5942=DIRECTION('ref_axis',(1.,0.,0.));
#5943=DIRECTION('',(0.,0.,1.));
#5944=DIRECTION('center_axis',(0.,0.,-1.));
#5945=DIRECTION('ref_axis',(1.,0.,0.));
#5946=DIRECTION('center_axis',(0.,0.,1.));
#5947=DIRECTION('ref_axis',(1.,0.,0.));
#5948=DIRECTION('center_axis',(0.,0.,1.));
#5949=DIRECTION('ref_axis',(1.,0.,0.));
#5950=DIRECTION('',(0.,0.,1.));
#5951=DIRECTION('center_axis',(0.,0.,-1.));
#5952=DIRECTION('ref_axis',(1.,0.,0.));
#5953=DIRECTION('center_axis',(0.,0.,1.));
#5954=DIRECTION('ref_axis',(1.,0.,0.));
#5955=DIRECTION('center_axis',(0.,0.,1.));
#5956=DIRECTION('ref_axis',(1.,0.,0.));
#5957=DIRECTION('',(0.,0.,1.));
#5958=DIRECTION('center_axis',(0.,0.,-1.));
#5959=DIRECTION('ref_axis',(-1.,0.,0.));
#5960=DIRECTION('',(1.,0.,0.));
#5961=DIRECTION('',(-1.,0.,0.));
#5962=DIRECTION('center_axis',(1.,0.,0.));
#5963=DIRECTION('ref_axis',(0.,1.,0.));
#5964=DIRECTION('',(0.,0.,1.));
#5965=DIRECTION('center_axis',(0.,1.,0.));
#5966=DIRECTION('ref_axis',(-1.,0.,0.));
#5967=DIRECTION('center_axis',(0.,-1.,0.));
#5968=DIRECTION('ref_axis',(1.,0.,0.));
#5969=DIRECTION('center_axis',(0.,0.,1.));
#5970=DIRECTION('ref_axis',(-1.,0.,0.));
#5971=DIRECTION('center_axis',(0.,0.,-1.));
#5972=DIRECTION('ref_axis',(-1.,0.,0.));
#5973=DIRECTION('',(0.,-1.,0.));
#5974=DIRECTION('',(1.,0.,0.));
#5975=DIRECTION('',(0.,1.,0.));
#5976=DIRECTION('',(-1.,0.,0.));
#5977=DIRECTION('center_axis',(0.,1.,0.));
#5978=DIRECTION('ref_axis',(-1.,0.,0.));
#5979=DIRECTION('',(0.,0.,1.));
#5980=DIRECTION('',(1.,0.,0.));
#5981=DIRECTION('',(0.,0.,1.));
#5982=DIRECTION('center_axis',(1.,0.,0.));
#5983=DIRECTION('ref_axis',(0.,1.,0.));
#5984=DIRECTION('',(0.,0.,1.));
#5985=DIRECTION('',(0.,1.,0.));
#5986=DIRECTION('center_axis',(0.,-1.,0.));
#5987=DIRECTION('ref_axis',(1.,0.,0.));
#5988=DIRECTION('',(0.,0.,1.));
#5989=DIRECTION('',(-1.,0.,0.));
#5990=DIRECTION('center_axis',(-1.,0.,0.));
#5991=DIRECTION('ref_axis',(0.,-1.,0.));
#5992=DIRECTION('',(0.,1.,0.));
#5993=DIRECTION('center_axis',(0.,0.,-1.));
#5994=DIRECTION('ref_axis',(1.,0.,0.));
#5995=DIRECTION('center_axis',(1.,0.,0.));
#5996=DIRECTION('ref_axis',(0.,1.,0.));
#5997=DIRECTION('',(1.,0.,0.));
#5998=DIRECTION('center_axis',(0.,0.,-1.));
#5999=DIRECTION('ref_axis',(1.,0.,0.));
#6000=DIRECTION('center_axis',(0.,0.,-1.));
#6001=DIRECTION('ref_axis',(1.,0.,0.));
#6002=DIRECTION('center_axis',(0.,0.,-1.));
#6003=DIRECTION('ref_axis',(1.,0.,0.));
#6004=DIRECTION('center_axis',(0.,0.,1.));
#6005=DIRECTION('ref_axis',(1.,0.,0.));
#6006=DIRECTION('center_axis',(0.,0.,1.));
#6007=DIRECTION('ref_axis',(1.,0.,0.));
#6008=DIRECTION('',(0.,0.,-1.));
#6009=DIRECTION('center_axis',(0.,0.,-1.));
#6010=DIRECTION('ref_axis',(1.,0.,0.));
#6011=DIRECTION('center_axis',(0.,0.,1.));
#6012=DIRECTION('ref_axis',(-1.,0.,0.));
#6013=DIRECTION('center_axis',(0.,0.,1.));
#6014=DIRECTION('ref_axis',(-1.,0.,0.));
#6015=DIRECTION('center_axis',(0.,0.,1.));
#6016=DIRECTION('ref_axis',(-1.,0.,0.));
#6017=DIRECTION('',(0.,0.,-1.));
#6018=DIRECTION('center_axis',(0.,0.,-1.));
#6019=DIRECTION('ref_axis',(-1.,0.,0.));
#6020=DIRECTION('center_axis',(0.,1.,0.));
#6021=DIRECTION('ref_axis',(-1.,0.,0.));
#6022=DIRECTION('',(1.,0.,0.));
#6023=DIRECTION('',(0.,0.,1.));
#6024=DIRECTION('',(-1.,0.,0.));
#6025=DIRECTION('',(0.,0.,1.));
#6026=DIRECTION('center_axis',(1.,0.,0.));
#6027=DIRECTION('ref_axis',(0.,1.,0.));
#6028=DIRECTION('',(0.,-1.,0.));
#6029=DIRECTION('',(0.,1.,0.));
#6030=DIRECTION('',(0.,0.,1.));
#6031=DIRECTION('center_axis',(0.,-1.,0.));
#6032=DIRECTION('ref_axis',(1.,0.,0.));
#6033=DIRECTION('',(-1.,0.,0.));
#6034=DIRECTION('',(1.,0.,0.));
#6035=DIRECTION('',(0.,0.,1.));
#6036=DIRECTION('center_axis',(-1.,0.,0.));
#6037=DIRECTION('ref_axis',(0.,-1.,0.));
#6038=DIRECTION('',(0.,1.,0.));
#6039=DIRECTION('',(0.,-1.,0.));
#6040=DIRECTION('center_axis',(0.,0.,-1.));
#6041=DIRECTION('ref_axis',(1.,0.,0.));
#6042=DIRECTION('center_axis',(0.,0.,1.));
#6043=DIRECTION('ref_axis',(1.,0.,0.));
#6044=DIRECTION('center_axis',(0.,0.,1.));
#6045=DIRECTION('ref_axis',(-1.,0.,0.));
#6046=DIRECTION('center_axis',(0.,0.,1.));
#6047=DIRECTION('ref_axis',(-1.,0.,0.));
#6048=DIRECTION('center_axis',(0.,0.,1.));
#6049=DIRECTION('ref_axis',(-1.,0.,0.));
#6050=DIRECTION('',(0.,0.,-1.));
#6051=DIRECTION('center_axis',(0.,0.,-1.));
#6052=DIRECTION('ref_axis',(-1.,0.,0.));
#6053=DIRECTION('center_axis',(0.,1.,0.));
#6054=DIRECTION('ref_axis',(-1.,0.,0.));
#6055=DIRECTION('',(1.,0.,0.));
#6056=DIRECTION('',(0.,0.,1.));
#6057=DIRECTION('',(-1.,0.,0.));
#6058=DIRECTION('',(0.,0.,1.));
#6059=DIRECTION('center_axis',(1.,0.,0.));
#6060=DIRECTION('ref_axis',(0.,1.,0.));
#6061=DIRECTION('',(0.,-1.,0.));
#6062=DIRECTION('',(0.,1.,0.));
#6063=DIRECTION('',(0.,0.,1.));
#6064=DIRECTION('center_axis',(0.,-1.,0.));
#6065=DIRECTION('ref_axis',(1.,0.,0.));
#6066=DIRECTION('',(-1.,0.,0.));
#6067=DIRECTION('',(1.,0.,0.));
#6068=DIRECTION('',(0.,0.,1.));
#6069=DIRECTION('center_axis',(-1.,0.,0.));
#6070=DIRECTION('ref_axis',(0.,-1.,0.));
#6071=DIRECTION('',(0.,1.,0.));
#6072=DIRECTION('',(0.,-1.,0.));
#6073=DIRECTION('center_axis',(0.,0.,-1.));
#6074=DIRECTION('ref_axis',(1.,0.,0.));
#6075=DIRECTION('center_axis',(0.,0.,1.));
#6076=DIRECTION('ref_axis',(1.,0.,0.));
#6077=DIRECTION('center_axis',(0.,0.,1.));
#6078=DIRECTION('ref_axis',(-1.,0.,0.));
#6079=DIRECTION('center_axis',(0.,0.,1.));
#6080=DIRECTION('ref_axis',(-1.,0.,0.));
#6081=DIRECTION('center_axis',(0.,0.,1.));
#6082=DIRECTION('ref_axis',(-1.,0.,0.));
#6083=DIRECTION('',(0.,0.,-1.));
#6084=DIRECTION('center_axis',(0.,0.,-1.));
#6085=DIRECTION('ref_axis',(-1.,0.,0.));
#6086=DIRECTION('center_axis',(0.,1.,0.));
#6087=DIRECTION('ref_axis',(-1.,0.,0.));
#6088=DIRECTION('',(1.,0.,0.));
#6089=DIRECTION('',(0.,0.,1.));
#6090=DIRECTION('',(-1.,0.,0.));
#6091=DIRECTION('',(0.,0.,1.));
#6092=DIRECTION('center_axis',(1.,0.,0.));
#6093=DIRECTION('ref_axis',(0.,1.,0.));
#6094=DIRECTION('',(0.,-1.,0.));
#6095=DIRECTION('',(0.,1.,0.));
#6096=DIRECTION('',(0.,0.,1.));
#6097=DIRECTION('center_axis',(0.,-1.,0.));
#6098=DIRECTION('ref_axis',(1.,0.,0.));
#6099=DIRECTION('',(-1.,0.,0.));
#6100=DIRECTION('',(1.,0.,0.));
#6101=DIRECTION('',(0.,0.,1.));
#6102=DIRECTION('center_axis',(-1.,0.,0.));
#6103=DIRECTION('ref_axis',(0.,-1.,0.));
#6104=DIRECTION('',(0.,1.,0.));
#6105=DIRECTION('',(0.,-1.,0.));
#6106=DIRECTION('center_axis',(0.,0.,-1.));
#6107=DIRECTION('ref_axis',(1.,0.,0.));
#6108=DIRECTION('center_axis',(0.,0.,1.));
#6109=DIRECTION('ref_axis',(1.,0.,0.));
#6110=DIRECTION('center_axis',(-1.,0.,0.));
#6111=DIRECTION('ref_axis',(0.,-1.,0.));
#6112=DIRECTION('',(0.,1.,0.));
#6113=DIRECTION('',(0.,0.,1.));
#6114=DIRECTION('',(0.,-1.,0.));
#6115=DIRECTION('',(0.,0.,1.));
#6116=DIRECTION('center_axis',(0.,1.,0.));
#6117=DIRECTION('ref_axis',(-1.,0.,0.));
#6118=DIRECTION('',(1.,0.,0.));
#6119=DIRECTION('',(-1.,0.,0.));
#6120=DIRECTION('',(0.,0.,1.));
#6121=DIRECTION('center_axis',(1.,0.,0.));
#6122=DIRECTION('ref_axis',(0.,1.,0.));
#6123=DIRECTION('',(0.,-1.,0.));
#6124=DIRECTION('',(0.,1.,0.));
#6125=DIRECTION('',(0.,0.,1.));
#6126=DIRECTION('center_axis',(0.,-1.,0.));
#6127=DIRECTION('ref_axis',(1.,0.,0.));
#6128=DIRECTION('',(-1.,0.,0.));
#6129=DIRECTION('',(1.,0.,0.));
#6130=DIRECTION('center_axis',(0.,0.,1.));
#6131=DIRECTION('ref_axis',(1.,0.,0.));
#6132=DIRECTION('center_axis',(0.,1.,0.));
#6133=DIRECTION('ref_axis',(-1.,0.,0.));
#6134=DIRECTION('',(1.,0.,0.));
#6135=DIRECTION('',(0.,0.,1.));
#6136=DIRECTION('',(-1.,0.,0.));
#6137=DIRECTION('',(0.,0.,1.));
#6138=DIRECTION('center_axis',(1.,0.,0.));
#6139=DIRECTION('ref_axis',(0.,1.,0.));
#6140=DIRECTION('',(0.,-1.,0.));
#6141=DIRECTION('',(0.,1.,0.));
#6142=DIRECTION('',(0.,0.,1.));
#6143=DIRECTION('center_axis',(0.,-1.,0.));
#6144=DIRECTION('ref_axis',(1.,0.,0.));
#6145=DIRECTION('',(-1.,0.,0.));
#6146=DIRECTION('',(1.,0.,0.));
#6147=DIRECTION('',(0.,0.,1.));
#6148=DIRECTION('center_axis',(-1.,0.,0.));
#6149=DIRECTION('ref_axis',(0.,-1.,0.));
#6150=DIRECTION('',(0.,1.,0.));
#6151=DIRECTION('',(0.,-1.,0.));
#6152=DIRECTION('center_axis',(0.,0.,-1.));
#6153=DIRECTION('ref_axis',(1.,0.,0.));
#6154=DIRECTION('center_axis',(0.,0.,1.));
#6155=DIRECTION('ref_axis',(1.,0.,0.));
#6156=DIRECTION('center_axis',(1.,0.,0.));
#6157=DIRECTION('ref_axis',(0.,1.,0.));
#6158=DIRECTION('',(1.,0.,0.));
#6159=DIRECTION('center_axis',(1.,0.,0.));
#6160=DIRECTION('ref_axis',(0.,1.,0.));
#6161=DIRECTION('',(-1.,0.,0.));
#6162=DIRECTION('center_axis',(-1.,0.,0.));
#6163=DIRECTION('ref_axis',(0.,1.,0.));
#6164=DIRECTION('center_axis',(1.,0.,0.));
#6165=DIRECTION('ref_axis',(0.,-1.,0.));
#6166=DIRECTION('',(0.,0.,-1.));
#6167=DIRECTION('',(0.,1.,0.));
#6168=DIRECTION('',(0.,0.,-1.));
#6169=DIRECTION('',(0.,-1.,0.));
#6170=DIRECTION('center_axis',(0.,1.,0.));
#6171=DIRECTION('ref_axis',(1.,0.,0.));
#6172=DIRECTION('',(0.,0.,-1.));
#6173=DIRECTION('',(1.,0.,0.));
#6174=DIRECTION('center_axis',(1.,0.,0.));
#6175=DIRECTION('ref_axis',(0.,-1.,0.));
#6176=DIRECTION('',(0.,-1.,0.));
#6177=DIRECTION('',(0.,-1.,0.));
#6178=DIRECTION('',(0.,0.,-1.));
#6179=DIRECTION('center_axis',(0.,0.,-1.));
#6180=DIRECTION('ref_axis',(1.,0.,0.));
#6181=DIRECTION('center_axis',(0.,0.,1.));
#6182=DIRECTION('ref_axis',(1.,0.,0.));
#6183=DIRECTION('',(0.,0.,1.));
#6184=DIRECTION('center_axis',(0.,0.,1.));
#6185=DIRECTION('ref_axis',(1.,0.,0.));
#6186=DIRECTION('center_axis',(0.,0.,-1.));
#6187=DIRECTION('ref_axis',(1.,0.,0.));
#6188=DIRECTION('center_axis',(0.,0.,1.));
#6189=DIRECTION('ref_axis',(1.,0.,0.));
#6190=DIRECTION('',(0.,0.,1.));
#6191=DIRECTION('center_axis',(0.,0.,1.));
#6192=DIRECTION('ref_axis',(1.,0.,0.));
#6193=DIRECTION('center_axis',(0.,0.,-1.));
#6194=DIRECTION('ref_axis',(1.,0.,0.));
#6195=DIRECTION('center_axis',(0.,0.,1.));
#6196=DIRECTION('ref_axis',(1.,0.,0.));
#6197=DIRECTION('',(0.,0.,1.));
#6198=DIRECTION('center_axis',(0.,0.,1.));
#6199=DIRECTION('ref_axis',(1.,0.,0.));
#6200=DIRECTION('center_axis',(0.,-1.,0.));
#6201=DIRECTION('ref_axis',(-1.,0.,0.));
#6202=DIRECTION('',(1.,0.,0.));
#6203=DIRECTION('',(0.,0.,-1.));
#6204=DIRECTION('',(-1.,0.,0.));
#6205=DIRECTION('center_axis',(0.,1.,0.));
#6206=DIRECTION('ref_axis',(1.,0.,0.));
#6207=DIRECTION('',(1.,0.,0.));
#6208=DIRECTION('',(1.,0.,0.));
#6209=DIRECTION('',(0.,0.,-1.));
#6210=DIRECTION('center_axis',(-1.,0.,0.));
#6211=DIRECTION('ref_axis',(0.,1.,0.));
#6212=DIRECTION('',(0.,1.,0.));
#6213=DIRECTION('',(0.,1.,0.));
#6214=DIRECTION('center_axis',(0.,0.,-1.));
#6215=DIRECTION('ref_axis',(1.,0.,0.));
#6216=DIRECTION('center_axis',(0.,0.,-1.));
#6217=DIRECTION('ref_axis',(1.,0.,0.));
#6218=DIRECTION('center_axis',(0.,1.,0.));
#6219=DIRECTION('ref_axis',(-1.,0.,0.));
#6220=DIRECTION('',(1.,0.,0.));
#6221=DIRECTION('',(0.,0.,1.));
#6222=DIRECTION('',(-1.,0.,0.));
#6223=DIRECTION('',(0.,0.,1.));
#6224=DIRECTION('center_axis',(1.,0.,0.));
#6225=DIRECTION('ref_axis',(0.,1.,0.));
#6226=DIRECTION('',(0.,-1.,0.));
#6227=DIRECTION('',(0.,1.,0.));
#6228=DIRECTION('',(0.,0.,1.));
#6229=DIRECTION('center_axis',(0.,-1.,0.));
#6230=DIRECTION('ref_axis',(1.,0.,0.));
#6231=DIRECTION('',(-1.,0.,0.));
#6232=DIRECTION('',(1.,0.,0.));
#6233=DIRECTION('',(0.,0.,1.));
#6234=DIRECTION('center_axis',(-1.,0.,0.));
#6235=DIRECTION('ref_axis',(0.,-1.,0.));
#6236=DIRECTION('',(0.,1.,0.));
#6237=DIRECTION('',(0.,-1.,0.));
#6238=DIRECTION('center_axis',(0.,0.,-1.));
#6239=DIRECTION('ref_axis',(1.,0.,0.));
#6240=DIRECTION('center_axis',(0.,0.,1.));
#6241=DIRECTION('ref_axis',(1.,0.,0.));
#6242=DIRECTION('center_axis',(0.,0.,-1.));
#6243=DIRECTION('ref_axis',(-1.,0.,0.));
#6244=DIRECTION('center_axis',(0.,0.,1.));
#6245=DIRECTION('ref_axis',(-1.,0.,0.));
#6246=DIRECTION('center_axis',(0.,0.,1.));
#6247=DIRECTION('ref_axis',(-1.,0.,0.));
#6248=DIRECTION('',(0.,0.,-1.));
#6249=DIRECTION('center_axis',(0.,0.,1.));
#6250=DIRECTION('ref_axis',(-1.,0.,0.));
#6251=DIRECTION('center_axis',(0.,1.,0.));
#6252=DIRECTION('ref_axis',(-1.,0.,0.));
#6253=DIRECTION('',(1.,0.,0.));
#6254=DIRECTION('',(0.,0.,1.));
#6255=DIRECTION('',(-1.,0.,0.));
#6256=DIRECTION('',(0.,0.,1.));
#6257=DIRECTION('center_axis',(1.,0.,0.));
#6258=DIRECTION('ref_axis',(0.,1.,0.));
#6259=DIRECTION('',(0.,-1.,0.));
#6260=DIRECTION('',(0.,1.,0.));
#6261=DIRECTION('',(0.,0.,1.));
#6262=DIRECTION('center_axis',(0.,-1.,0.));
#6263=DIRECTION('ref_axis',(1.,0.,0.));
#6264=DIRECTION('',(-1.,0.,0.));
#6265=DIRECTION('',(1.,0.,0.));
#6266=DIRECTION('',(0.,0.,1.));
#6267=DIRECTION('center_axis',(-1.,0.,0.));
#6268=DIRECTION('ref_axis',(0.,-1.,0.));
#6269=DIRECTION('',(0.,1.,0.));
#6270=DIRECTION('',(0.,-1.,0.));
#6271=DIRECTION('center_axis',(0.,0.,-1.));
#6272=DIRECTION('ref_axis',(1.,0.,0.));
#6273=DIRECTION('center_axis',(0.,0.,1.));
#6274=DIRECTION('ref_axis',(1.,0.,0.));
#6275=DIRECTION('center_axis',(0.,0.,-1.));
#6276=DIRECTION('ref_axis',(-1.,0.,0.));
#6277=DIRECTION('center_axis',(0.,0.,1.));
#6278=DIRECTION('ref_axis',(-1.,0.,0.));
#6279=DIRECTION('center_axis',(0.,0.,1.));
#6280=DIRECTION('ref_axis',(-1.,0.,0.));
#6281=DIRECTION('',(0.,0.,-1.));
#6282=DIRECTION('center_axis',(0.,0.,1.));
#6283=DIRECTION('ref_axis',(-1.,0.,0.));
#6284=DIRECTION('center_axis',(0.,1.,0.));
#6285=DIRECTION('ref_axis',(-1.,0.,0.));
#6286=DIRECTION('',(1.,0.,0.));
#6287=DIRECTION('',(0.,0.,1.));
#6288=DIRECTION('',(-1.,0.,0.));
#6289=DIRECTION('',(0.,0.,1.));
#6290=DIRECTION('center_axis',(1.,0.,0.));
#6291=DIRECTION('ref_axis',(0.,1.,0.));
#6292=DIRECTION('',(0.,-1.,0.));
#6293=DIRECTION('',(0.,1.,0.));
#6294=DIRECTION('',(0.,0.,1.));
#6295=DIRECTION('center_axis',(0.,-1.,0.));
#6296=DIRECTION('ref_axis',(1.,0.,0.));
#6297=DIRECTION('',(-1.,0.,0.));
#6298=DIRECTION('',(1.,0.,0.));
#6299=DIRECTION('',(0.,0.,1.));
#6300=DIRECTION('center_axis',(-1.,0.,0.));
#6301=DIRECTION('ref_axis',(0.,-1.,0.));
#6302=DIRECTION('',(0.,1.,0.));
#6303=DIRECTION('',(0.,-1.,0.));
#6304=DIRECTION('center_axis',(0.,0.,-1.));
#6305=DIRECTION('ref_axis',(1.,0.,0.));
#6306=DIRECTION('center_axis',(0.,0.,1.));
#6307=DIRECTION('ref_axis',(1.,0.,0.));
#6308=DIRECTION('center_axis',(0.,0.,-1.));
#6309=DIRECTION('ref_axis',(-1.,0.,0.));
#6310=DIRECTION('center_axis',(0.,0.,1.));
#6311=DIRECTION('ref_axis',(-1.,0.,0.));
#6312=DIRECTION('center_axis',(0.,0.,1.));
#6313=DIRECTION('ref_axis',(-1.,0.,0.));
#6314=DIRECTION('',(0.,0.,-1.));
#6315=DIRECTION('center_axis',(0.,0.,1.));
#6316=DIRECTION('ref_axis',(-1.,0.,0.));
#6317=DIRECTION('center_axis',(0.,1.,0.));
#6318=DIRECTION('ref_axis',(-1.,0.,0.));
#6319=DIRECTION('',(1.,0.,0.));
#6320=DIRECTION('',(0.,0.,1.));
#6321=DIRECTION('',(-1.,0.,0.));
#6322=DIRECTION('',(0.,0.,1.));
#6323=DIRECTION('center_axis',(1.,0.,0.));
#6324=DIRECTION('ref_axis',(0.,1.,0.));
#6325=DIRECTION('',(0.,-1.,0.));
#6326=DIRECTION('',(0.,1.,0.));
#6327=DIRECTION('',(0.,0.,1.));
#6328=DIRECTION('center_axis',(0.,-1.,0.));
#6329=DIRECTION('ref_axis',(1.,0.,0.));
#6330=DIRECTION('',(-1.,0.,0.));
#6331=DIRECTION('',(1.,0.,0.));
#6332=DIRECTION('',(0.,0.,1.));
#6333=DIRECTION('center_axis',(-1.,0.,0.));
#6334=DIRECTION('ref_axis',(0.,-1.,0.));
#6335=DIRECTION('',(0.,1.,0.));
#6336=DIRECTION('',(0.,-1.,0.));
#6337=DIRECTION('center_axis',(0.,0.,-1.));
#6338=DIRECTION('ref_axis',(1.,0.,0.));
#6339=DIRECTION('center_axis',(0.,0.,1.));
#6340=DIRECTION('ref_axis',(1.,0.,0.));
#6341=DIRECTION('center_axis',(0.,0.,-1.));
#6342=DIRECTION('ref_axis',(-1.,0.,0.));
#6343=DIRECTION('center_axis',(0.,0.,1.));
#6344=DIRECTION('ref_axis',(-1.,0.,0.));
#6345=DIRECTION('center_axis',(0.,0.,1.));
#6346=DIRECTION('ref_axis',(-1.,0.,0.));
#6347=DIRECTION('',(0.,0.,-1.));
#6348=DIRECTION('center_axis',(0.,0.,1.));
#6349=DIRECTION('ref_axis',(-1.,0.,0.));
#6350=DIRECTION('center_axis',(0.,1.,0.));
#6351=DIRECTION('ref_axis',(-1.,0.,0.));
#6352=DIRECTION('',(1.,0.,0.));
#6353=DIRECTION('',(0.,0.,1.));
#6354=DIRECTION('',(-1.,0.,0.));
#6355=DIRECTION('',(0.,0.,1.));
#6356=DIRECTION('center_axis',(1.,0.,0.));
#6357=DIRECTION('ref_axis',(0.,1.,0.));
#6358=DIRECTION('',(0.,-1.,0.));
#6359=DIRECTION('',(0.,1.,0.));
#6360=DIRECTION('',(0.,0.,1.));
#6361=DIRECTION('center_axis',(0.,-1.,0.));
#6362=DIRECTION('ref_axis',(1.,0.,0.));
#6363=DIRECTION('',(-1.,0.,0.));
#6364=DIRECTION('',(1.,0.,0.));
#6365=DIRECTION('',(0.,0.,1.));
#6366=DIRECTION('center_axis',(-1.,0.,0.));
#6367=DIRECTION('ref_axis',(0.,-1.,0.));
#6368=DIRECTION('',(0.,1.,0.));
#6369=DIRECTION('',(0.,-1.,0.));
#6370=DIRECTION('center_axis',(0.,0.,-1.));
#6371=DIRECTION('ref_axis',(1.,0.,0.));
#6372=DIRECTION('center_axis',(0.,0.,1.));
#6373=DIRECTION('ref_axis',(1.,0.,0.));
#6374=DIRECTION('center_axis',(0.,0.,-1.));
#6375=DIRECTION('ref_axis',(-1.,0.,0.));
#6376=DIRECTION('center_axis',(0.,0.,1.));
#6377=DIRECTION('ref_axis',(-1.,0.,0.));
#6378=DIRECTION('center_axis',(0.,0.,1.));
#6379=DIRECTION('ref_axis',(-1.,0.,0.));
#6380=DIRECTION('',(0.,0.,-1.));
#6381=DIRECTION('center_axis',(0.,0.,1.));
#6382=DIRECTION('ref_axis',(-1.,0.,0.));
#6383=DIRECTION('center_axis',(0.,0.,1.));
#6384=DIRECTION('ref_axis',(-1.,0.,0.));
#6385=DIRECTION('center_axis',(0.,0.,1.));
#6386=DIRECTION('ref_axis',(-1.,0.,0.));
#6387=DIRECTION('center_axis',(0.,0.,1.));
#6388=DIRECTION('ref_axis',(-1.,0.,0.));
#6389=DIRECTION('',(0.,0.,-1.));
#6390=DIRECTION('center_axis',(0.,0.,-1.));
#6391=DIRECTION('ref_axis',(-1.,0.,0.));
#6392=DIRECTION('center_axis',(0.,1.,0.));
#6393=DIRECTION('ref_axis',(-1.,0.,0.));
#6394=DIRECTION('',(1.,0.,0.));
#6395=DIRECTION('',(0.,0.,1.));
#6396=DIRECTION('',(-1.,0.,0.));
#6397=DIRECTION('',(0.,0.,1.));
#6398=DIRECTION('center_axis',(1.,0.,0.));
#6399=DIRECTION('ref_axis',(0.,1.,0.));
#6400=DIRECTION('',(0.,-1.,0.));
#6401=DIRECTION('',(0.,1.,0.));
#6402=DIRECTION('',(0.,0.,1.));
#6403=DIRECTION('center_axis',(0.,-1.,0.));
#6404=DIRECTION('ref_axis',(1.,0.,0.));
#6405=DIRECTION('',(-1.,0.,0.));
#6406=DIRECTION('',(1.,0.,0.));
#6407=DIRECTION('',(0.,0.,1.));
#6408=DIRECTION('center_axis',(-1.,0.,0.));
#6409=DIRECTION('ref_axis',(0.,-1.,0.));
#6410=DIRECTION('',(0.,1.,0.));
#6411=DIRECTION('',(0.,-1.,0.));
#6412=DIRECTION('center_axis',(0.,0.,-1.));
#6413=DIRECTION('ref_axis',(1.,0.,0.));
#6414=DIRECTION('center_axis',(0.,0.,1.));
#6415=DIRECTION('ref_axis',(1.,0.,0.));
#6416=DIRECTION('center_axis',(0.,1.,0.));
#6417=DIRECTION('ref_axis',(-1.,0.,0.));
#6418=DIRECTION('',(1.,0.,0.));
#6419=DIRECTION('',(0.,0.,1.));
#6420=DIRECTION('',(-1.,0.,0.));
#6421=DIRECTION('',(0.,0.,1.));
#6422=DIRECTION('center_axis',(1.,0.,0.));
#6423=DIRECTION('ref_axis',(0.,1.,0.));
#6424=DIRECTION('',(0.,-1.,0.));
#6425=DIRECTION('',(0.,1.,0.));
#6426=DIRECTION('',(0.,0.,1.));
#6427=DIRECTION('center_axis',(0.,-1.,0.));
#6428=DIRECTION('ref_axis',(1.,0.,0.));
#6429=DIRECTION('',(-1.,0.,0.));
#6430=DIRECTION('',(1.,0.,0.));
#6431=DIRECTION('',(0.,0.,1.));
#6432=DIRECTION('center_axis',(-1.,0.,0.));
#6433=DIRECTION('ref_axis',(0.,-1.,0.));
#6434=DIRECTION('',(0.,1.,0.));
#6435=DIRECTION('',(0.,-1.,0.));
#6436=DIRECTION('center_axis',(0.,0.,-1.));
#6437=DIRECTION('ref_axis',(1.,0.,0.));
#6438=DIRECTION('center_axis',(0.,0.,1.));
#6439=DIRECTION('ref_axis',(1.,0.,0.));
#6440=DIRECTION('center_axis',(0.,0.,-1.));
#6441=DIRECTION('ref_axis',(-1.,0.,0.));
#6442=DIRECTION('center_axis',(0.,0.,1.));
#6443=DIRECTION('ref_axis',(-1.,0.,0.));
#6444=DIRECTION('center_axis',(0.,0.,1.));
#6445=DIRECTION('ref_axis',(-1.,0.,0.));
#6446=DIRECTION('',(0.,0.,-1.));
#6447=DIRECTION('center_axis',(0.,0.,1.));
#6448=DIRECTION('ref_axis',(-1.,0.,0.));
#6449=DIRECTION('center_axis',(1.,0.,0.));
#6450=DIRECTION('ref_axis',(0.,1.,0.));
#6451=DIRECTION('center_axis',(1.,0.,0.));
#6452=DIRECTION('ref_axis',(0.,1.,0.));
#6453=DIRECTION('',(-1.,0.,0.));
#6454=DIRECTION('center_axis',(1.,0.,0.));
#6455=DIRECTION('ref_axis',(0.,1.,0.));
#6456=DIRECTION('center_axis',(1.,0.,0.));
#6457=DIRECTION('ref_axis',(0.,1.,0.));
#6458=DIRECTION('center_axis',(1.,0.,0.));
#6459=DIRECTION('ref_axis',(0.,1.,0.));
#6460=DIRECTION('center_axis',(-1.,0.,0.));
#6461=DIRECTION('ref_axis',(0.,-1.,0.));
#6462=DIRECTION('',(0.,0.,-1.));
#6463=DIRECTION('center_axis',(1.,0.,0.));
#6464=DIRECTION('ref_axis',(0.,0.,1.));
#6465=DIRECTION('',(0.,0.,1.));
#6466=DIRECTION('center_axis',(1.,0.,0.));
#6467=DIRECTION('ref_axis',(0.,1.,-6.10622663543833E-15));
#6468=DIRECTION('center_axis',(1.,0.,0.));
#6469=DIRECTION('ref_axis',(0.,1.,-6.10622663543833E-15));
#6470=DIRECTION('',(-1.,0.,0.));
#6471=DIRECTION('',(1.,0.,0.));
#6472=DIRECTION('center_axis',(1.,0.,0.));
#6473=DIRECTION('ref_axis',(0.,1.,-6.10622663543833E-15));
#6474=DIRECTION('center_axis',(0.,1.,0.));
#6475=DIRECTION('ref_axis',(0.,0.,1.));
#6476=DIRECTION('',(0.,0.,1.));
#6477=DIRECTION('',(1.,0.,0.));
#6478=DIRECTION('center_axis',(1.,0.,0.));
#6479=DIRECTION('ref_axis',(0.,0.,1.));
#6480=DIRECTION('',(1.,0.,0.));
#6481=DIRECTION('center_axis',(1.,0.,0.));
#6482=DIRECTION('ref_axis',(0.,0.,1.));
#6483=DIRECTION('center_axis',(0.,-1.,0.));
#6484=DIRECTION('ref_axis',(0.,0.,-1.));
#6485=DIRECTION('',(0.,0.,-1.));
#6486=DIRECTION('',(-1.,0.,0.));
#6487=DIRECTION('',(0.,0.,-1.));
#6488=DIRECTION('',(1.,0.,0.));
#6489=DIRECTION('',(0.,0.,1.));
#6490=DIRECTION('',(-1.,0.,0.));
#6491=DIRECTION('',(0.,0.,-1.));
#6492=DIRECTION('',(1.,0.,0.));
#6493=DIRECTION('',(0.,0.,-1.));
#6494=DIRECTION('center_axis',(-1.,0.,0.));
#6495=DIRECTION('ref_axis',(0.,-1.,0.));
#6496=DIRECTION('center_axis',(1.,0.,0.));
#6497=DIRECTION('ref_axis',(0.,2.59037236111098E-11,1.));
#6498=DIRECTION('',(0.,7.61295788310683E-15,1.));
#6499=DIRECTION('center_axis',(1.,0.,0.));
#6500=DIRECTION('ref_axis',(0.,1.,-8.69859739795552E-13));
#6501=DIRECTION('center_axis',(1.,0.,0.));
#6502=DIRECTION('ref_axis',(0.,1.,-8.69859739795552E-13));
#6503=DIRECTION('',(1.,0.,0.));
#6504=DIRECTION('center_axis',(1.,0.,0.));
#6505=DIRECTION('ref_axis',(0.,1.,-8.69859739795552E-13));
#6506=DIRECTION('center_axis',(0.,1.,-7.61295788310683E-15));
#6507=DIRECTION('ref_axis',(0.,7.61295788310683E-15,1.));
#6508=DIRECTION('',(0.,7.61295788310683E-15,1.));
#6509=DIRECTION('',(1.,0.,0.));
#6510=DIRECTION('center_axis',(1.,0.,0.));
#6511=DIRECTION('ref_axis',(0.,2.59037236111098E-11,1.));
#6512=DIRECTION('center_axis',(1.,0.,0.));
#6513=DIRECTION('ref_axis',(0.,2.59037236111098E-11,1.));
#6514=DIRECTION('center_axis',(-1.,0.,0.));
#6515=DIRECTION('ref_axis',(0.,0.,-1.));
#6516=DIRECTION('',(0.,-1.,0.));
#6517=DIRECTION('',(0.,0.,1.));
#6518=DIRECTION('',(0.,-1.,0.));
#6519=DIRECTION('center_axis',(0.,0.,1.));
#6520=DIRECTION('ref_axis',(-1.,0.,0.));
#6521=DIRECTION('',(1.,0.,0.));
#6522=DIRECTION('',(0.,-1.,0.));
#6523=DIRECTION('center_axis',(1.,0.,0.));
#6524=DIRECTION('ref_axis',(0.,0.,1.));
#6525=DIRECTION('',(0.,0.,-1.));
#6526=DIRECTION('',(0.,-1.,0.));
#6527=DIRECTION('center_axis',(0.,0.,-1.));
#6528=DIRECTION('ref_axis',(1.,0.,0.));
#6529=DIRECTION('',(-1.,0.,0.));
#6530=DIRECTION('center_axis',(0.,-1.,0.));
#6531=DIRECTION('ref_axis',(1.,0.,0.));
#6532=DIRECTION('center_axis',(1.,0.,0.));
#6533=DIRECTION('ref_axis',(0.,1.,-8.69859739795552E-13));
#6534=DIRECTION('center_axis',(-1.,0.,0.));
#6535=DIRECTION('ref_axis',(0.,1.,-8.69859739795552E-13));
#6536=DIRECTION('',(1.,0.,0.));
#6537=DIRECTION('center_axis',(1.,0.,0.));
#6538=DIRECTION('ref_axis',(0.,1.,-8.69859739795552E-13));
#6539=DIRECTION('',(1.,0.,0.));
#6540=DIRECTION('center_axis',(0.,-1.60242189904571E-12,-1.));
#6541=DIRECTION('ref_axis',(0.,1.,-1.60242189904571E-12));
#6542=DIRECTION('',(0.,-1.,1.60242189904571E-12));
#6543=DIRECTION('',(0.,1.,-1.60242189904571E-12));
#6544=DIRECTION('',(1.,0.,0.));
#6545=DIRECTION('center_axis',(1.,0.,0.));
#6546=DIRECTION('ref_axis',(0.,4.44089209845723E-15,-1.));
#6547=DIRECTION('center_axis',(-1.,0.,0.));
#6548=DIRECTION('ref_axis',(0.,4.44089209845723E-15,-1.));
#6549=DIRECTION('center_axis',(1.,0.,0.));
#6550=DIRECTION('ref_axis',(0.,4.44089209845723E-15,-1.));
#6551=DIRECTION('',(1.,0.,0.));
#6552=DIRECTION('center_axis',(0.,-1.,2.59081645026317E-11));
#6553=DIRECTION('ref_axis',(0.,-2.59081645026317E-11,-1.));
#6554=DIRECTION('',(0.,2.59081645026317E-11,1.));
#6555=DIRECTION('',(0.,-2.59081645026317E-11,-1.));
#6556=DIRECTION('',(-1.,0.,0.));
#6557=DIRECTION('center_axis',(0.,1.,-7.61295788310683E-15));
#6558=DIRECTION('ref_axis',(0.,7.61295788310683E-15,1.));
#6559=DIRECTION('',(0.,-7.61295788310683E-15,-1.));
#6560=DIRECTION('',(1.,0.,0.));
#6561=DIRECTION('',(0.,7.61295788310683E-15,1.));
#6562=DIRECTION('center_axis',(1.,0.,0.));
#6563=DIRECTION('ref_axis',(0.,1.,0.));
#6564=DIRECTION('',(0.,-1.,0.));
#6565=DIRECTION('',(0.,0.,1.));
#6566=DIRECTION('',(0.,1.,0.));
#6567=DIRECTION('center_axis',(-1.,0.,0.));
#6568=DIRECTION('ref_axis',(0.,0.737817727487061,0.675000000745058));
#6569=DIRECTION('',(0.,1.,0.));
#6570=DIRECTION('',(0.,0.,1.));
#6571=DIRECTION('',(0.,-1.,0.));
#6572=DIRECTION('center_axis',(1.,0.,0.));
#6573=DIRECTION('ref_axis',(0.,0.737817727487061,0.675000000745058));
#6574=DIRECTION('',(1.,0.,0.));
#6575=DIRECTION('center_axis',(1.,0.,0.));
#6576=DIRECTION('ref_axis',(0.,0.737817727487061,0.675000000745058));
#6577=DIRECTION('',(1.,0.,0.));
#6578=DIRECTION('center_axis',(1.,0.,0.));
#6579=DIRECTION('ref_axis',(0.,1.,0.));
#6580=DIRECTION('',(0.,-1.,0.));
#6581=DIRECTION('center_axis',(1.,0.,0.));
#6582=DIRECTION('ref_axis',(0.,1.,0.));
#6583=DIRECTION('center_axis',(1.,0.,0.));
#6584=DIRECTION('ref_axis',(0.,1.,0.));
#6585=DIRECTION('',(1.,0.,0.));
#6586=DIRECTION('center_axis',(1.,0.,0.));
#6587=DIRECTION('ref_axis',(0.,1.,0.));
#6588=DIRECTION('',(-1.,0.,0.));
#6589=DIRECTION('center_axis',(1.,0.,0.));
#6590=DIRECTION('ref_axis',(0.,1.,0.));
#6591=DIRECTION('',(0.,1.,0.));
#6592=DIRECTION('center_axis',(0.,0.,1.));
#6593=DIRECTION('ref_axis',(1.,0.,0.));
#6594=DIRECTION('center_axis',(0.,0.,1.));
#6595=DIRECTION('ref_axis',(1.,0.,0.));
#6596=DIRECTION('',(0.,0.,1.));
#6597=DIRECTION('center_axis',(0.,0.,-1.));
#6598=DIRECTION('ref_axis',(1.,0.,0.));
#6599=DIRECTION('center_axis',(0.,0.,-1.));
#6600=DIRECTION('ref_axis',(1.,0.,0.));
#6601=DIRECTION('center_axis',(0.,0.,1.));
#6602=DIRECTION('ref_axis',(1.,0.,0.));
#6603=DIRECTION('center_axis',(0.,0.,-1.));
#6604=DIRECTION('ref_axis',(1.,0.,0.));
#6605=DIRECTION('center_axis',(0.,0.,-1.));
#6606=DIRECTION('ref_axis',(1.,0.,0.));
#6607=DIRECTION('',(-1.,0.,0.));
#6608=DIRECTION('',(0.,-1.,0.));
#6609=DIRECTION('center_axis',(0.,0.,-1.));
#6610=DIRECTION('ref_axis',(1.,0.,0.));
#6611=DIRECTION('center_axis',(0.,0.,-1.));
#6612=DIRECTION('ref_axis',(-1.,0.,0.));
#6613=DIRECTION('',(-1.,0.,0.));
#6614=DIRECTION('',(0.,1.,0.));
#6615=DIRECTION('',(1.,0.,0.));
#6616=DIRECTION('',(0.,1.,0.));
#6617=DIRECTION('',(-1.,0.,0.));
#6618=DIRECTION('',(0.,-1.,0.));
#6619=DIRECTION('',(1.,0.,0.));
#6620=DIRECTION('',(0.,1.,0.));
#6621=DIRECTION('center_axis',(0.,1.,0.));
#6622=DIRECTION('ref_axis',(-1.,0.,0.));
#6623=DIRECTION('',(0.,0.,1.));
#6624=DIRECTION('',(1.,0.,0.));
#6625=DIRECTION('',(0.,0.,1.));
#6626=DIRECTION('center_axis',(1.,0.,0.));
#6627=DIRECTION('ref_axis',(0.,1.,0.));
#6628=DIRECTION('',(0.,0.,1.));
#6629=DIRECTION('center_axis',(-1.,0.,0.));
#6630=DIRECTION('ref_axis',(0.,-0.707106781186548,-0.707106781186547));
#6631=DIRECTION('',(0.,-1.,0.));
#6632=DIRECTION('',(0.,-1.,0.));
#6633=DIRECTION('center_axis',(-1.,0.,0.));
#6634=DIRECTION('ref_axis',(0.,0.707106781186547,-0.707106781186548));
#6635=DIRECTION('center_axis',(-1.,0.,0.));
#6636=DIRECTION('ref_axis',(0.,-1.,0.));
#6637=DIRECTION('',(0.,0.,1.));
#6638=DIRECTION('',(0.,-1.,0.));
#6639=DIRECTION('',(0.,0.,-1.));
#6640=DIRECTION('center_axis',(0.,-1.,0.));
#6641=DIRECTION('ref_axis',(1.,0.,0.));
#6642=DIRECTION('',(1.,0.,0.));
#6643=DIRECTION('center_axis',(0.,-1.,0.));
#6644=DIRECTION('ref_axis',(1.,0.,0.));
#6645=DIRECTION('',(0.,0.,-1.));
#6646=DIRECTION('',(-1.,0.,0.));
#6647=DIRECTION('center_axis',(0.,0.,1.));
#6648=DIRECTION('ref_axis',(1.,0.,0.));
#6649=DIRECTION('center_axis',(0.,0.,1.));
#6650=DIRECTION('ref_axis',(1.,0.,0.));
#6651=DIRECTION('',(0.,0.,1.));
#6652=DIRECTION('center_axis',(0.,0.,1.));
#6653=DIRECTION('ref_axis',(1.,0.,0.));
#6654=DIRECTION('center_axis',(0.,0.,1.));
#6655=DIRECTION('ref_axis',(1.,0.,0.));
#6656=DIRECTION('',(0.,0.,1.));
#6657=DIRECTION('center_axis',(0.,0.,1.));
#6658=DIRECTION('ref_axis',(1.,0.,0.));
#6659=DIRECTION('center_axis',(0.,0.,1.));
#6660=DIRECTION('ref_axis',(1.,0.,0.));
#6661=DIRECTION('',(0.,0.,1.));
#6662=DIRECTION('center_axis',(0.,0.,1.));
#6663=DIRECTION('ref_axis',(1.,0.,0.));
#6664=DIRECTION('center_axis',(0.,0.,-1.));
#6665=DIRECTION('ref_axis',(1.,0.,0.));
#6666=DIRECTION('center_axis',(0.,0.,1.));
#6667=DIRECTION('ref_axis',(1.,0.,0.));
#6668=DIRECTION('',(0.,0.,-1.));
#6669=DIRECTION('center_axis',(0.,0.,-1.));
#6670=DIRECTION('ref_axis',(1.,0.,0.));
#6671=DIRECTION('center_axis',(-1.,0.,0.));
#6672=DIRECTION('ref_axis',(0.,-1.,0.));
#6673=DIRECTION('center_axis',(1.,0.,0.));
#6674=DIRECTION('ref_axis',(0.,0.707106781186547,-0.707106781186548));
#6675=DIRECTION('',(0.,1.,0.));
#6676=DIRECTION('',(0.,1.,0.));
#6677=DIRECTION('center_axis',(1.,0.,0.));
#6678=DIRECTION('ref_axis',(0.,-0.707106781186548,-0.707106781186547));
#6679=DIRECTION('center_axis',(1.,0.,0.));
#6680=DIRECTION('ref_axis',(0.,0.707106781186547,-0.707106781186548));
#6681=DIRECTION('',(-1.,0.,0.));
#6682=DIRECTION('center_axis',(-1.,0.,0.));
#6683=DIRECTION('ref_axis',(0.,-0.707106781186548,-0.707106781186547));
#6684=DIRECTION('',(1.,0.,0.));
#6685=DIRECTION('center_axis',(0.,0.,-1.));
#6686=DIRECTION('ref_axis',(-1.,0.,0.));
#6687=DIRECTION('center_axis',(0.,0.,1.));
#6688=DIRECTION('ref_axis',(1.,0.,0.));
#6689=DIRECTION('center_axis',(0.,1.,0.));
#6690=DIRECTION('ref_axis',(-1.,0.,0.));
#6691=DIRECTION('center_axis',(0.,0.,-1.));
#6692=DIRECTION('ref_axis',(1.,0.,0.));
#6693=DIRECTION('center_axis',(0.,0.,-1.));
#6694=DIRECTION('ref_axis',(1.,0.,0.));
#6695=DIRECTION('center_axis',(0.,0.,-1.));
#6696=DIRECTION('ref_axis',(1.,0.,0.));
#6697=DIRECTION('center_axis',(0.,0.,-1.));
#6698=DIRECTION('ref_axis',(1.,0.,0.));
#6699=DIRECTION('center_axis',(0.,0.,1.));
#6700=DIRECTION('ref_axis',(1.,0.,0.));
#6701=DIRECTION('center_axis',(0.,0.,1.));
#6702=DIRECTION('ref_axis',(1.,0.,0.));
#6703=DIRECTION('',(0.,0.,-1.));
#6704=DIRECTION('center_axis',(0.,0.,1.));
#6705=DIRECTION('ref_axis',(1.,0.,0.));
#6706=DIRECTION('center_axis',(0.,0.,-1.));
#6707=DIRECTION('ref_axis',(1.,0.,0.));
#6708=DIRECTION('center_axis',(0.,0.,-1.));
#6709=DIRECTION('ref_axis',(1.,0.,0.));
#6710=DIRECTION('center_axis',(0.,0.,1.));
#6711=DIRECTION('ref_axis',(1.,0.,0.));
#6712=DIRECTION('',(0.,0.,-1.));
#6713=DIRECTION('center_axis',(0.,0.,-1.));
#6714=DIRECTION('ref_axis',(1.,0.,0.));
#6715=DIRECTION('center_axis',(0.,0.,-1.));
#6716=DIRECTION('ref_axis',(1.,0.,0.));
#6717=DIRECTION('center_axis',(0.,0.,1.));
#6718=DIRECTION('ref_axis',(1.,0.,0.));
#6719=DIRECTION('',(0.,0.,-1.));
#6720=DIRECTION('center_axis',(0.,0.,1.));
#6721=DIRECTION('ref_axis',(1.,0.,0.));
#6722=DIRECTION('center_axis',(0.,0.,-1.));
#6723=DIRECTION('ref_axis',(1.,0.,0.));
#6724=DIRECTION('',(0.,0.,-1.));
#6725=DIRECTION('center_axis',(0.,0.,1.));
#6726=DIRECTION('ref_axis',(1.,0.,0.));
#6727=DIRECTION('center_axis',(0.,0.,1.));
#6728=DIRECTION('ref_axis',(1.,0.,0.));
#6729=DIRECTION('center_axis',(0.,0.,1.));
#6730=DIRECTION('ref_axis',(1.,0.,0.));
#6731=DIRECTION('',(0.,0.,-1.));
#6732=DIRECTION('center_axis',(0.,0.,-1.));
#6733=DIRECTION('ref_axis',(1.,0.,0.));
#6734=DIRECTION('center_axis',(0.,0.,-1.));
#6735=DIRECTION('ref_axis',(1.,0.,0.));
#6736=DIRECTION('center_axis',(0.,0.,-1.));
#6737=DIRECTION('ref_axis',(-1.,0.,0.));
#6738=DIRECTION('center_axis',(0.,-1.,6.4360756906287E-16));
#6739=DIRECTION('ref_axis',(0.,-6.4360756906287E-16,-1.));
#6740=DIRECTION('',(0.,-6.4360756906287E-16,-1.));
#6741=DIRECTION('',(1.,0.,0.));
#6742=DIRECTION('',(0.,-6.4360756906287E-16,-1.));
#6743=DIRECTION('',(1.,0.,0.));
#6744=DIRECTION('center_axis',(1.,0.,0.));
#6745=DIRECTION('ref_axis',(0.,4.44089209850062E-15,-1.));
#6746=DIRECTION('center_axis',(1.,0.,0.));
#6747=DIRECTION('ref_axis',(0.,4.44089209850062E-15,-1.));
#6748=DIRECTION('center_axis',(1.,0.,0.));
#6749=DIRECTION('ref_axis',(0.,4.44089209850062E-15,-1.));
#6750=DIRECTION('',(1.,0.,0.));
#6751=DIRECTION('center_axis',(0.,1.11022329759486E-14,-1.));
#6752=DIRECTION('ref_axis',(0.,1.,1.11022329759486E-14));
#6753=DIRECTION('',(0.,1.,1.11022329759486E-14));
#6754=DIRECTION('',(0.,1.,1.11022329759486E-14));
#6755=DIRECTION('',(1.,0.,0.));
#6756=DIRECTION('center_axis',(1.,0.,0.));
#6757=DIRECTION('ref_axis',(0.,1.,-6.10622663543833E-15));
#6758=DIRECTION('center_axis',(1.,0.,0.));
#6759=DIRECTION('ref_axis',(0.,1.,-6.10622663543833E-15));
#6760=DIRECTION('center_axis',(1.,0.,0.));
#6761=DIRECTION('ref_axis',(0.,1.,-6.10622663543833E-15));
#6762=DIRECTION('',(1.,0.,0.));
#6763=DIRECTION('center_axis',(0.,1.,0.));
#6764=DIRECTION('ref_axis',(0.,0.,1.));
#6765=DIRECTION('',(0.,0.,1.));
#6766=DIRECTION('',(0.,0.,1.));
#6767=DIRECTION('',(1.,0.,0.));
#6768=DIRECTION('center_axis',(1.,0.,0.));
#6769=DIRECTION('ref_axis',(0.,-1.,5.5511151231258E-16));
#6770=DIRECTION('center_axis',(1.,0.,0.));
#6771=DIRECTION('ref_axis',(0.,-1.,5.5511151231258E-16));
#6772=DIRECTION('',(1.,0.,0.));
#6773=DIRECTION('center_axis',(1.,0.,0.));
#6774=DIRECTION('ref_axis',(0.,-1.,5.5511151231258E-16));
#6775=DIRECTION('center_axis',(0.,0.,1.));
#6776=DIRECTION('ref_axis',(0.,-1.,0.));
#6777=DIRECTION('',(0.,-1.,0.));
#6778=DIRECTION('',(1.,0.,0.));
#6779=DIRECTION('',(0.,-1.,0.));
#6780=DIRECTION('center_axis',(1.,0.,0.));
#6781=DIRECTION('ref_axis',(0.,0.,1.));
#6782=DIRECTION('center_axis',(1.,0.,0.));
#6783=DIRECTION('ref_axis',(0.,0.,1.));
#6784=DIRECTION('center_axis',(1.,0.,0.));
#6785=DIRECTION('ref_axis',(0.,0.,1.));
#6786=DIRECTION('center_axis',(-1.,0.,0.));
#6787=DIRECTION('ref_axis',(0.,-1.,0.));
#6788=DIRECTION('center_axis',(-1.,0.,0.));
#6789=DIRECTION('ref_axis',(0.,-1.,0.));
#6790=DIRECTION('center_axis',(1.,0.,0.));
#6791=DIRECTION('ref_axis',(0.,2.59037236111098E-11,1.));
#6792=DIRECTION('',(0.,7.61295788310683E-15,1.));
#6793=DIRECTION('center_axis',(1.,0.,0.));
#6794=DIRECTION('ref_axis',(0.,1.,-8.69859739795552E-13));
#6795=DIRECTION('',(0.,1.,-1.60242189904571E-12));
#6796=DIRECTION('center_axis',(1.,0.,0.));
#6797=DIRECTION('ref_axis',(0.,4.44089209845723E-15,-1.));
#6798=DIRECTION('',(0.,-2.59081645026317E-11,-1.));
#6799=DIRECTION('center_axis',(1.,0.,0.));
#6800=DIRECTION('ref_axis',(0.,-1.,2.59092747256503E-11));
#6801=DIRECTION('',(0.,-1.,9.68114478097629E-12));
#6802=DIRECTION('center_axis',(0.,-1.60242189904571E-12,-1.));
#6803=DIRECTION('ref_axis',(0.,1.,-1.60242189904571E-12));
#6804=DIRECTION('',(1.,0.,0.));
#6805=DIRECTION('',(0.,1.,-1.60242189904571E-12));
#6806=DIRECTION('',(1.,0.,0.));
#6807=DIRECTION('center_axis',(1.,0.,0.));
#6808=DIRECTION('ref_axis',(0.,1.,-8.69859739795552E-13));
#6809=DIRECTION('',(1.,0.,0.));
#6810=DIRECTION('center_axis',(1.,0.,0.));
#6811=DIRECTION('ref_axis',(0.,1.,-8.69859739795552E-13));
#6812=DIRECTION('center_axis',(0.,1.,-7.61295788310683E-15));
#6813=DIRECTION('ref_axis',(0.,7.61295788310683E-15,1.));
#6814=DIRECTION('',(1.,0.,0.));
#6815=DIRECTION('',(0.,7.61295788310683E-15,1.));
#6816=DIRECTION('center_axis',(1.,0.,0.));
#6817=DIRECTION('ref_axis',(0.,2.59037236111098E-11,1.));
#6818=DIRECTION('',(1.,0.,0.));
#6819=DIRECTION('center_axis',(1.,0.,0.));
#6820=DIRECTION('ref_axis',(0.,2.59037236111098E-11,1.));
#6821=DIRECTION('center_axis',(1.,0.,0.));
#6822=DIRECTION('ref_axis',(0.,4.44089209845723E-15,-1.));
#6823=DIRECTION('center_axis',(1.,0.,0.));
#6824=DIRECTION('ref_axis',(0.,4.44089209845723E-15,-1.));
#6825=DIRECTION('',(1.,0.,0.));
#6826=DIRECTION('center_axis',(0.,-1.,2.59081645026317E-11));
#6827=DIRECTION('ref_axis',(0.,-2.59081645026317E-11,-1.));
#6828=DIRECTION('',(0.,-2.59081645026317E-11,-1.));
#6829=DIRECTION('',(1.,0.,0.));
#6830=DIRECTION('center_axis',(1.,0.,0.));
#6831=DIRECTION('ref_axis',(0.,-1.,2.59092747256503E-11));
#6832=DIRECTION('center_axis',(1.,0.,0.));
#6833=DIRECTION('ref_axis',(0.,-1.,2.59092747256503E-11));
#6834=DIRECTION('',(1.,0.,0.));
#6835=DIRECTION('center_axis',(0.,9.68114478097629E-12,1.));
#6836=DIRECTION('ref_axis',(0.,-1.,9.68114478097629E-12));
#6837=DIRECTION('',(0.,-1.,9.68114478097629E-12));
#6838=DIRECTION('center_axis',(-1.,0.,0.));
#6839=DIRECTION('ref_axis',(0.,-1.,0.));
#6840=CARTESIAN_POINT('',(0.,0.,0.));
#6841=CARTESIAN_POINT('Origin',(-52.0000007748604,27.6609103757596,3.49803432664096));
#6842=CARTESIAN_POINT('',(-51.0000007599592,27.6609103757855,4.49803432661951));
#6843=CARTESIAN_POINT('',(-51.0000007599592,28.6609103757381,3.49803432664096));
#6844=CARTESIAN_POINT('Origin',(-51.0000007599592,27.6609103757596,3.49803432664096));
#6845=CARTESIAN_POINT('',(-52.0000007748604,27.6609103757855,4.49803432661951));
#6846=CARTESIAN_POINT('',(-52.0000007748604,27.6609103757855,4.49803432661951));
#6847=CARTESIAN_POINT('',(-52.0000007748604,28.6609103757381,3.49803432664096));
#6848=CARTESIAN_POINT('Origin',(-52.0000007748604,27.6609103757596,3.49803432664096));
#6849=CARTESIAN_POINT('',(-52.0000007748604,28.6609103757381,3.49803432664096));
#6850=CARTESIAN_POINT('Origin',(-52.0000007748604,28.6609103757448,-3.50196567339316));
#6851=CARTESIAN_POINT('',(-51.0000007599592,28.6609103757449,1.49999996647239));
#6852=CARTESIAN_POINT('',(-51.0000007599592,28.6609103757449,-1.75098283669678));
#6853=CARTESIAN_POINT('',(-52.0000007748604,28.6609103757449,1.49999996647239));
#6854=CARTESIAN_POINT('',(-52.0000007748604,28.6609103757449,-1.75098283669657));
#6855=CARTESIAN_POINT('',(-23.7500003539026,28.6609103757449,1.49999996647239));
#6856=CARTESIAN_POINT('Origin',(-52.0000007748604,26.360910375952,3.49803432664918));
#6857=CARTESIAN_POINT('',(-51.0000007599592,26.3609103759003,1.49999996647239));
#6858=CARTESIAN_POINT('',(-51.0000007599592,26.360910375952,3.49803432664918));
#6859=CARTESIAN_POINT('',(-51.0000007599592,26.3609103759067,1.74901716265926));
#6860=CARTESIAN_POINT('',(-52.0000007748604,26.3609103759003,1.49999996647239));
#6861=CARTESIAN_POINT('',(-23.7500003539026,26.3609103759003,1.49999996647239));
#6862=CARTESIAN_POINT('',(-52.0000007748604,26.360910375952,3.49803432664918));
#6863=CARTESIAN_POINT('',(-52.0000007748604,26.3609103759067,1.74901716338469));
#6864=CARTESIAN_POINT('',(-52.0000007748604,26.360910375952,3.49803432664918));
#6865=CARTESIAN_POINT('Origin',(-52.0000007748604,27.3609103759531,3.49803432662327));
#6866=CARTESIAN_POINT('',(-51.0000007599592,27.360910375979,4.49803432662431));
#6867=CARTESIAN_POINT('Origin',(-51.0000007599592,27.3609103759531,3.49803432662327));
#6868=CARTESIAN_POINT('',(-52.0000007748604,27.360910375979,4.49803432662431));
#6869=CARTESIAN_POINT('Origin',(-52.0000007748604,27.3609103759531,3.49803432662327));
#6870=CARTESIAN_POINT('',(-52.0000007748604,27.360910375979,4.49803432662431));
#6871=CARTESIAN_POINT('Origin',(-52.0000007748604,27.6609103757855,4.49803432661951));
#6872=CARTESIAN_POINT('',(-51.0000007599592,1.33045500165,4.49803432687442));
#6873=CARTESIAN_POINT('',(-52.0000007748604,29.3304554188825,4.49803432660335));
#6874=CARTESIAN_POINT('Origin',(4.50000006705523,2.5000000372529,1.49999996647239));
#6875=CARTESIAN_POINT('',(-52.0000007748604,31.000000461936,1.49999996647239));
#6876=CARTESIAN_POINT('',(-52.0000007748604,16.7500002495944,1.49999996647239));
#6877=CARTESIAN_POINT('',(61.0000009089708,31.000000461936,1.49999996647239));
#6878=CARTESIAN_POINT('',(32.750000488013,31.000000461936,1.49999996647239));
#6879=CARTESIAN_POINT('',(61.0000009089708,-26.0000003874302,1.49999996647239));
#6880=CARTESIAN_POINT('',(61.0000009089708,-11.7500001750886,1.49999996647239));
#6881=CARTESIAN_POINT('',(-52.0000007748604,-26.0000003874302,1.49999996647239));
#6882=CARTESIAN_POINT('',(-23.7500003539026,-26.0000003874302,1.49999996647239));
#6883=CARTESIAN_POINT('',(-52.0000007748604,16.7500002495944,1.49999996647239));
#6884=CARTESIAN_POINT('',(-51.0000007599592,-25.000000372529,1.49999996647239));
#6885=CARTESIAN_POINT('',(-51.0000007599592,-11.2500001676381,1.49999996647239));
#6886=CARTESIAN_POINT('',(60.0000008940697,-25.000000372529,1.49999996647239));
#6887=CARTESIAN_POINT('',(32.2500004805624,-25.000000372529,1.49999996647239));
#6888=CARTESIAN_POINT('',(60.0000008940697,30.0000004470348,1.49999996647239));
#6889=CARTESIAN_POINT('',(60.0000008940697,16.2500002421439,1.49999996647239));
#6890=CARTESIAN_POINT('',(-51.0000007599592,30.0000004470348,1.49999996647239));
#6891=CARTESIAN_POINT('',(-23.250000346452,30.0000004470348,1.49999996647239));
#6892=CARTESIAN_POINT('',(-51.0000007599592,-11.2500001676381,1.49999996647239));
#6893=CARTESIAN_POINT('Origin',(-52.0000007748604,31.000000461936,0.));
#6894=CARTESIAN_POINT('',(-52.0000007748604,-26.0000003874302,8.6));
#6895=CARTESIAN_POINT('',(-52.0000007748604,-26.0000003874302,-1.00000001490116));
#6896=CARTESIAN_POINT('',(-52.0000007748604,-24.5000003874302,10.1));
#6897=CARTESIAN_POINT('Origin',(-52.0000007748604,-24.5000003874302,8.6));
#6898=CARTESIAN_POINT('',(-52.0000007748604,28.500000461936,10.1));
#6899=CARTESIAN_POINT('',(-52.0000007748604,-26.0000003874302,10.1));
#6900=CARTESIAN_POINT('',(-52.0000007748604,31.000000461936,7.6));
#6901=CARTESIAN_POINT('Origin',(-52.0000007748604,28.500000461936,7.6));
#6902=CARTESIAN_POINT('',(-52.0000007748604,31.000000461936,0.));
#6903=CARTESIAN_POINT('Origin',(-7.99999925494195,17.9095954028123,0.727556652702521));
#6904=CARTESIAN_POINT('',(-7.99999925494195,20.8023379409766,9.25));
#6905=CARTESIAN_POINT('',(-7.99999925494195,15.0168528646481,9.25));
#6906=CARTESIAN_POINT('',(-7.99999925494195,0.954797638076228,9.25));
#6907=CARTESIAN_POINT('Origin',(-7.99999925494195,17.9095954028123,0.727556652702522));
#6908=CARTESIAN_POINT('Origin',(-7.99999925494195,17.9095954028123,0.727556652702522));
#6909=CARTESIAN_POINT('',(57.0000007450581,21.4545468927137,9.));
#6910=CARTESIAN_POINT('',(50.,21.4545468927137,9.));
#6911=CARTESIAN_POINT('',(-7.99999925494195,21.4545468927137,9.));
#6912=CARTESIAN_POINT('',(57.0000007450581,14.364643912911,9.));
#6913=CARTESIAN_POINT('Origin',(57.0000007450581,17.9095954028123,0.727556652702522));
#6914=CARTESIAN_POINT('',(50.,14.364643912911,9.));
#6915=CARTESIAN_POINT('',(-7.99999925494195,14.364643912911,9.));
#6916=CARTESIAN_POINT('',(50.,15.0168528646481,9.25));
#6917=CARTESIAN_POINT('Origin',(50.,17.9095954028123,0.727556652702522));
#6918=CARTESIAN_POINT('',(-7.99999925494195,15.0168528646481,9.25));
#6919=CARTESIAN_POINT('',(50.,20.8023379409766,9.25));
#6920=CARTESIAN_POINT('',(-7.99999925494195,20.8023379409766,9.25));
#6921=CARTESIAN_POINT('Origin',(50.,17.9095954028123,0.727556652702522));
#6922=CARTESIAN_POINT('Origin',(57.0000007450581,17.9095954028123,0.727556652702521));
#6923=CARTESIAN_POINT('',(57.0000007450581,10.4547977237579,9.));
#6924=CARTESIAN_POINT('Origin',(-16.4999995104969,-16.0000001266599,9.25));
#6925=CARTESIAN_POINT('',(50.,-23.,9.25));
#6926=CARTESIAN_POINT('',(50.,-23.,9.25));
#6927=CARTESIAN_POINT('',(44.0000006556511,-23.,9.25));
#6928=CARTESIAN_POINT('',(-50.,-23.,9.25));
#6929=CARTESIAN_POINT('',(44.0000006556511,-6.00000008940697,9.25));
#6930=CARTESIAN_POINT('',(44.0000006556511,-1.75000002607703,9.24999996647239));
#6931=CARTESIAN_POINT('',(43.8999992601573,-5.99999986588955,9.25));
#6932=CARTESIAN_POINT('',(4.44089209850063E-15,-6.00000008940697,9.25));
#6933=CARTESIAN_POINT('',(43.8999992601573,-25.9999998658895,9.25));
#6934=CARTESIAN_POINT('',(43.8999992601573,-20.9999998658895,9.25));
#6935=CARTESIAN_POINT('',(33.0999992601573,-25.9999998658895,9.25));
#6936=CARTESIAN_POINT('',(35.7999992601573,-25.9999998658895,9.25));
#6937=CARTESIAN_POINT('',(33.0999992601573,-5.99999986588955,9.25));
#6938=CARTESIAN_POINT('',(33.0999992601573,-10.9999998658895,9.25));
#6939=CARTESIAN_POINT('',(32.8999995060265,-5.99999986588955,9.25));
#6940=CARTESIAN_POINT('',(4.44089209850063E-15,-6.00000008940697,9.25));
#6941=CARTESIAN_POINT('',(32.8999995060265,-26.0000003874302,9.25));
#6942=CARTESIAN_POINT('',(32.8999995060265,-21.000000257045,9.25));
#6943=CARTESIAN_POINT('',(22.0999995060265,-26.0000003874302,9.25));
#6944=CARTESIAN_POINT('',(24.7999995060265,-26.0000003874302,9.25));
#6945=CARTESIAN_POINT('',(22.0999995060265,-5.99999986588955,9.25));
#6946=CARTESIAN_POINT('',(22.0999995060265,-10.9999999962747,9.25));
#6947=CARTESIAN_POINT('',(21.8999997518957,-5.99999986588955,9.25));
#6948=CARTESIAN_POINT('',(4.44089209850063E-15,-6.00000008940697,9.25));
#6949=CARTESIAN_POINT('',(21.8999997518957,-26.0000003874302,9.25));
#6950=CARTESIAN_POINT('',(21.8999997518957,-21.000000257045,9.25));
#6951=CARTESIAN_POINT('',(11.0999997518957,-26.0000003874302,9.25));
#6952=CARTESIAN_POINT('',(13.7999997518957,-26.0000003874302,9.25));
#6953=CARTESIAN_POINT('',(11.0999997518957,-5.99999986588955,9.25));
#6954=CARTESIAN_POINT('',(11.0999997518957,-10.9999999962747,9.25));
#6955=CARTESIAN_POINT('',(10.8999999977648,-5.99999986588955,9.25));
#6956=CARTESIAN_POINT('',(4.44089209850063E-15,-6.00000008940697,9.25));
#6957=CARTESIAN_POINT('',(10.8999999977648,-26.0000003874302,9.25));
#6958=CARTESIAN_POINT('',(10.8999999977648,-21.000000257045,9.25));
#6959=CARTESIAN_POINT('',(0.0999999977648258,-26.0000003874302,9.25));
#6960=CARTESIAN_POINT('',(2.79999999776483,-26.0000003874302,9.25));
#6961=CARTESIAN_POINT('',(0.0999999977648258,-5.99999986588955,9.25));
#6962=CARTESIAN_POINT('',(0.0999999977648258,-10.9999999962747,9.25));
#6963=CARTESIAN_POINT('',(-0.0999997563660138,-5.99999986588955,9.25));
#6964=CARTESIAN_POINT('',(4.44089209850063E-15,-6.00000008940697,9.25));
#6965=CARTESIAN_POINT('',(-0.0999997563660138,-25.9999998658895,9.25));
#6966=CARTESIAN_POINT('',(-0.0999997563660138,-20.9999998658895,9.25));
#6967=CARTESIAN_POINT('',(-10.899999756366,-25.9999998658895,9.25));
#6968=CARTESIAN_POINT('',(-8.19999975636602,-25.9999998658895,9.25));
#6969=CARTESIAN_POINT('',(-10.899999756366,-5.99999986588955,9.25));
#6970=CARTESIAN_POINT('',(-10.899999756366,-10.9999998658895,9.25));
#6971=CARTESIAN_POINT('',(-11.0999995104969,-5.99999986588955,9.25));
#6972=CARTESIAN_POINT('',(4.44089209850063E-15,-6.00000008940697,9.25));
#6973=CARTESIAN_POINT('',(-11.0999995104969,-26.0000003874302,9.25));
#6974=CARTESIAN_POINT('',(-11.0999995104969,-21.000000257045,9.25));
#6975=CARTESIAN_POINT('',(-21.8999995104969,-26.0000003874302,9.25));
#6976=CARTESIAN_POINT('',(-19.1999995104969,-26.0000003874302,9.25));
#6977=CARTESIAN_POINT('',(-21.8999995104969,-5.99999986588955,9.25));
#6978=CARTESIAN_POINT('',(-21.8999995104969,-10.9999999962747,9.25));
#6979=CARTESIAN_POINT('',(-22.0999992646277,-5.99999986588955,9.25));
#6980=CARTESIAN_POINT('',(4.44089209850063E-15,-6.00000008940697,9.25));
#6981=CARTESIAN_POINT('',(-22.0999992646277,-26.0000003874302,9.25));
#6982=CARTESIAN_POINT('',(-22.0999992646277,-21.000000257045,9.25));
#6983=CARTESIAN_POINT('',(-32.8999992646277,-26.0000003874302,9.25));
#6984=CARTESIAN_POINT('',(-30.1999992646277,-26.0000003874302,9.25));
#6985=CARTESIAN_POINT('',(-32.8999992646277,-5.99999986588955,9.25));
#6986=CARTESIAN_POINT('',(-32.8999992646277,-10.9999999962747,9.25));
#6987=CARTESIAN_POINT('',(-33.0999990187585,-5.99999986588955,9.25));
#6988=CARTESIAN_POINT('',(4.44089209850063E-15,-6.00000008940697,9.25));
#6989=CARTESIAN_POINT('',(-33.0999990187585,-25.9999998658895,9.25));
#6990=CARTESIAN_POINT('',(-33.0999990187585,-20.9999998658895,9.25));
#6991=CARTESIAN_POINT('',(-43.8999990187585,-25.9999998658895,9.25));
#6992=CARTESIAN_POINT('',(-41.1999990187585,-25.9999998658895,9.25));
#6993=CARTESIAN_POINT('',(-43.8999990187585,-5.99999986588955,9.25));
#6994=CARTESIAN_POINT('',(-43.8999990187585,-10.9999998658895,9.25));
#6995=CARTESIAN_POINT('',(-44.0000006556511,-6.00000008940697,9.25));
#6996=CARTESIAN_POINT('',(4.44089209850063E-15,-6.00000008940697,9.25));
#6997=CARTESIAN_POINT('',(-44.0000006556511,-23.,9.25));
#6998=CARTESIAN_POINT('',(-44.0000006556511,-11.7500001750886,9.24999996647239));
#6999=CARTESIAN_POINT('',(-50.,-23.,9.25));
#7000=CARTESIAN_POINT('',(-50.,-23.,9.25));
#7001=CARTESIAN_POINT('',(-50.,23.,9.25));
#7002=CARTESIAN_POINT('',(-50.,23.,9.25));
#7003=CARTESIAN_POINT('',(50.,23.,9.25));
#7004=CARTESIAN_POINT('',(50.,23.,9.25));
#7005=CARTESIAN_POINT('',(50.,-23.,9.25));
#7006=CARTESIAN_POINT('',(41.7499980644789,-18.2500008668285,9.25));
#7007=CARTESIAN_POINT('Origin',(39.7499980644789,-18.2500008668285,9.25));
#7008=CARTESIAN_POINT('',(18.7499980644789,-18.2500008668285,9.25));
#7009=CARTESIAN_POINT('Origin',(16.7499980644789,-18.2500008668285,9.25));
#7010=CARTESIAN_POINT('',(-4.25000193552113,-18.2500008668285,9.25));
#7011=CARTESIAN_POINT('Origin',(-6.25000193552113,-18.2500008668285,9.25));
#7012=CARTESIAN_POINT('',(-27.2500019355211,-18.2500008668285,9.25));
#7013=CARTESIAN_POINT('Origin',(-29.2500019355211,-18.2500008668285,9.25));
#7014=CARTESIAN_POINT('',(18.8749996256083,2.99999993294477,9.25));
#7015=CARTESIAN_POINT('Origin',(16.7499996256083,2.99999993294477,9.25));
#7016=CARTESIAN_POINT('',(-14.6249996256083,2.99999993294477,9.25));
#7017=CARTESIAN_POINT('Origin',(-16.7499996256083,2.99999993294477,9.25));
#7018=CARTESIAN_POINT('',(-10.3499996647239,13.1499996870756,9.25));
#7019=CARTESIAN_POINT('',(-10.3499996647239,14.8499996870756,9.25));
#7020=CARTESIAN_POINT('',(-10.3499996647239,-0.575000219792128,9.25));
#7021=CARTESIAN_POINT('',(-19.6499996647239,14.8499996870756,9.25));
#7022=CARTESIAN_POINT('',(-18.0749995876104,14.8499996870756,9.25));
#7023=CARTESIAN_POINT('',(-19.6499996647239,13.1499996870756,9.25));
#7024=CARTESIAN_POINT('',(-19.6499996647239,-1.42500021979213,9.25));
#7025=CARTESIAN_POINT('',(-13.4249995876104,13.1499996870756,9.25));
#7026=CARTESIAN_POINT('',(-47.7999989315867,-9.99999977648258,9.25));
#7027=CARTESIAN_POINT('Origin',(-45.9999989718199,-9.99999977648258,9.25));
#7028=CARTESIAN_POINT('',(44.199999012053,-9.99999977648258,9.25));
#7029=CARTESIAN_POINT('Origin',(45.9999989718199,-9.99999977648258,9.25));
#7030=CARTESIAN_POINT('',(-47.7999999746688,18.0000002682209,9.25));
#7031=CARTESIAN_POINT('Origin',(-46.0000006854534,18.0000002682209,9.25));
#7032=CARTESIAN_POINT('',(47.5000007078051,3.00000004470351,9.25));
#7033=CARTESIAN_POINT('Origin',(41.0000006109476,3.0000000447035,9.25));
#7034=CARTESIAN_POINT('',(-38.7500019355211,-18.2500008668285,9.25));
#7035=CARTESIAN_POINT('Origin',(-40.7500019355211,-18.2500008668285,9.25));
#7036=CARTESIAN_POINT('',(-15.7500019355211,-18.2500008668285,9.25));
#7037=CARTESIAN_POINT('Origin',(-17.7500019355211,-18.2500008668285,9.25));
#7038=CARTESIAN_POINT('',(7.24999806447887,-18.2500008668285,9.25));
#7039=CARTESIAN_POINT('Origin',(5.24999806447886,-18.2500008668285,9.25));
#7040=CARTESIAN_POINT('',(30.2499980644789,-18.2500008668285,9.25));
#7041=CARTESIAN_POINT('Origin',(28.2499980644789,-18.2500008668285,9.25));
#7042=CARTESIAN_POINT('Origin',(50.,-23.,2.));
#7043=CARTESIAN_POINT('',(50.,-23.,9.));
#7044=CARTESIAN_POINT('',(50.,-9.99999997764826,9.));
#7045=CARTESIAN_POINT('',(50.,-23.,2.));
#7046=CARTESIAN_POINT('Origin',(50.,-23.,2.));
#7047=CARTESIAN_POINT('',(50.,23.,9.));
#7048=CARTESIAN_POINT('',(50.,23.,2.));
#7049=CARTESIAN_POINT('',(50.,-9.99999997764826,9.));
#7050=CARTESIAN_POINT('Origin',(45.9999989718199,-9.99999977648258,3.05));
#7051=CARTESIAN_POINT('',(44.199999012053,-9.99999977648258,3.05));
#7052=CARTESIAN_POINT('Origin',(45.9999989718199,-9.99999977648258,3.05));
#7053=CARTESIAN_POINT('',(44.4999993219962,-9.99999977648258,3.05));
#7054=CARTESIAN_POINT('Origin',(45.9999989718199,-9.99999977648258,3.05));
#7055=CARTESIAN_POINT('Origin',(-45.9999989718199,-9.99999977648258,3.05));
#7056=CARTESIAN_POINT('',(-47.7999989315867,-9.99999977648258,3.05));
#7057=CARTESIAN_POINT('Origin',(-45.9999989718199,-9.99999977648258,3.05));
#7058=CARTESIAN_POINT('',(-47.4999989382923,-9.99999977648258,3.05));
#7059=CARTESIAN_POINT('Origin',(-45.9999989718199,-9.99999977648258,3.05));
#7060=CARTESIAN_POINT('Origin',(-46.0000006854534,18.0000002682209,3.05));
#7061=CARTESIAN_POINT('',(-47.7999999746688,18.0000002682209,3.05));
#7062=CARTESIAN_POINT('Origin',(-46.0000006854534,18.0000002682209,3.05));
#7063=CARTESIAN_POINT('',(-47.5000007078052,18.0000002682209,3.05));
#7064=CARTESIAN_POINT('Origin',(-46.0000006854534,18.0000002682209,3.05));
#7065=CARTESIAN_POINT('Origin',(39.7499980644789,-18.2500008668285,8.));
#7066=CARTESIAN_POINT('',(41.7499980644789,-18.2500008668285,9.5));
#7067=CARTESIAN_POINT('',(41.7499980644789,-18.2500008668285,8.));
#7068=CARTESIAN_POINT('Origin',(39.7499980644789,-18.2500008668285,9.5));
#7069=CARTESIAN_POINT('Origin',(39.7499980644789,-18.2500008668285,9.5));
#7070=CARTESIAN_POINT('Origin',(28.2499980644789,-18.2500008668285,8.));
#7071=CARTESIAN_POINT('',(30.2499980644789,-18.2500008668285,9.5));
#7072=CARTESIAN_POINT('',(30.2499980644789,-18.2500008668285,8.));
#7073=CARTESIAN_POINT('Origin',(28.2499980644789,-18.2500008668285,9.5));
#7074=CARTESIAN_POINT('Origin',(28.2499980644789,-18.2500008668285,9.5));
#7075=CARTESIAN_POINT('Origin',(16.7499980644789,-18.2500008668285,8.));
#7076=CARTESIAN_POINT('',(18.7499980644789,-18.2500008668285,9.5));
#7077=CARTESIAN_POINT('',(18.7499980644789,-18.2500008668285,8.));
#7078=CARTESIAN_POINT('Origin',(16.7499980644789,-18.2500008668285,9.5));
#7079=CARTESIAN_POINT('Origin',(16.7499980644789,-18.2500008668285,9.5));
#7080=CARTESIAN_POINT('Origin',(5.24999806447886,-18.2500008668285,8.));
#7081=CARTESIAN_POINT('',(7.24999806447887,-18.2500008668285,9.5));
#7082=CARTESIAN_POINT('',(7.24999806447887,-18.2500008668285,8.));
#7083=CARTESIAN_POINT('Origin',(5.24999806447886,-18.2500008668285,9.5));
#7084=CARTESIAN_POINT('Origin',(5.24999806447886,-18.2500008668285,9.5));
#7085=CARTESIAN_POINT('Origin',(-6.25000193552113,-18.2500008668285,8.));
#7086=CARTESIAN_POINT('',(-4.25000193552113,-18.2500008668285,9.5));
#7087=CARTESIAN_POINT('',(-4.25000193552113,-18.2500008668285,8.));
#7088=CARTESIAN_POINT('Origin',(-6.25000193552113,-18.2500008668285,9.5));
#7089=CARTESIAN_POINT('Origin',(-6.25000193552113,-18.2500008668285,9.5));
#7090=CARTESIAN_POINT('Origin',(-17.7500019355211,-18.2500008668285,8.));
#7091=CARTESIAN_POINT('',(-15.7500019355211,-18.2500008668285,9.5));
#7092=CARTESIAN_POINT('',(-15.7500019355211,-18.2500008668285,8.));
#7093=CARTESIAN_POINT('Origin',(-17.7500019355211,-18.2500008668285,9.5));
#7094=CARTESIAN_POINT('Origin',(-17.7500019355211,-18.2500008668285,9.5));
#7095=CARTESIAN_POINT('Origin',(-29.2500019355211,-18.2500008668285,8.));
#7096=CARTESIAN_POINT('',(-27.2500019355211,-18.2500008668285,9.5));
#7097=CARTESIAN_POINT('',(-27.2500019355211,-18.2500008668285,8.));
#7098=CARTESIAN_POINT('Origin',(-29.2500019355211,-18.2500008668285,9.5));
#7099=CARTESIAN_POINT('Origin',(-29.2500019355211,-18.2500008668285,9.5));
#7100=CARTESIAN_POINT('Origin',(-40.7500019355211,-18.2500008668285,8.));
#7101=CARTESIAN_POINT('',(-38.7500019355211,-18.2500008668285,9.5));
#7102=CARTESIAN_POINT('',(-38.7500019355211,-18.2500008668285,8.));
#7103=CARTESIAN_POINT('Origin',(-40.7500019355211,-18.2500008668285,9.5));
#7104=CARTESIAN_POINT('Origin',(-40.7500019355211,-18.2500008668285,9.5));
#7105=CARTESIAN_POINT('Origin',(16.7499996256083,2.99999993294477,10.1));
#7106=CARTESIAN_POINT('',(18.8749996256083,2.99999993294477,10.1));
#7107=CARTESIAN_POINT('Origin',(16.7499996256083,2.99999993294477,10.1));
#7108=CARTESIAN_POINT('',(18.8749996256083,2.99999993294477,10.1));
#7109=CARTESIAN_POINT('Origin',(-16.7499996256083,2.99999993294477,10.1));
#7110=CARTESIAN_POINT('',(-14.6249996256083,2.99999993294477,10.1));
#7111=CARTESIAN_POINT('Origin',(-16.7499996256083,2.99999993294477,10.1));
#7112=CARTESIAN_POINT('',(-14.6249996256083,2.99999993294477,10.1));
#7113=CARTESIAN_POINT('Origin',(-19.6499996647239,13.1499996870756,10.1));
#7114=CARTESIAN_POINT('',(-19.6499996647239,14.8499996870756,10.1));
#7115=CARTESIAN_POINT('',(-19.6499996647239,14.8499996870756,10.1));
#7116=CARTESIAN_POINT('',(-19.6499996647239,13.1499996870756,10.1));
#7117=CARTESIAN_POINT('',(-19.6499996647239,8.07499986588955,10.1));
#7118=CARTESIAN_POINT('',(-19.6499996647239,13.1499996870756,10.1));
#7119=CARTESIAN_POINT('Origin',(-10.3499996647239,13.1499996870756,10.1));
#7120=CARTESIAN_POINT('',(-10.3499996647239,13.1499996870756,10.1));
#7121=CARTESIAN_POINT('',(-13.1749999515712,13.1499996870756,10.1));
#7122=CARTESIAN_POINT('',(-10.3499996647239,13.1499996870756,10.1));
#7123=CARTESIAN_POINT('Origin',(-10.3499996647239,14.8499996870756,10.1));
#7124=CARTESIAN_POINT('',(-10.3499996647239,14.8499996870756,10.1));
#7125=CARTESIAN_POINT('',(-10.3499996647239,8.92499986588955,10.1));
#7126=CARTESIAN_POINT('',(-10.3499996647239,14.8499996870756,10.1));
#7127=CARTESIAN_POINT('Origin',(-19.6499996647239,14.8499996870756,10.1));
#7128=CARTESIAN_POINT('',(-17.8249999515712,14.8499996870756,10.1));
#7129=CARTESIAN_POINT('Origin',(41.0000006109476,3.0000000447035,10.1));
#7130=CARTESIAN_POINT('',(47.5000007078051,3.00000004470351,10.1));
#7131=CARTESIAN_POINT('Origin',(41.0000006109476,3.0000000447035,10.1));
#7132=CARTESIAN_POINT('',(47.5000007078051,3.0000000447035,10.1));
#7133=CARTESIAN_POINT('Origin',(-46.0000006854534,18.0000002682209,9.5));
#7134=CARTESIAN_POINT('',(-47.7999999746688,18.0000002682209,9.5));
#7135=CARTESIAN_POINT('Origin',(-45.9999989718199,-9.99999977648258,9.5));
#7136=CARTESIAN_POINT('',(-47.5000007078052,-10.0000001490116,9.25));
#7137=CARTESIAN_POINT('',(-47.4999989382923,-9.99999977648258,9.5));
#7138=CARTESIAN_POINT('Origin',(-46.0000006854534,-10.0000001490116,9.25));
#7139=CARTESIAN_POINT('Origin',(-45.9999989718199,-9.99999977648258,9.5));
#7140=CARTESIAN_POINT('',(-47.7999989315867,-9.99999977648258,9.5));
#7141=CARTESIAN_POINT('Origin',(45.9999989718199,-9.99999977648258,9.5));
#7142=CARTESIAN_POINT('',(44.4999993219962,-9.99999977648258,9.25));
#7143=CARTESIAN_POINT('',(44.4999993219962,-9.99999977648258,9.5));
#7144=CARTESIAN_POINT('Origin',(46.0000006854534,-10.0000001490116,9.25));
#7145=CARTESIAN_POINT('Origin',(45.9999989718199,-9.99999977648258,9.5));
#7146=CARTESIAN_POINT('',(44.199999012053,-9.99999977648258,9.5));
#7147=CARTESIAN_POINT('Origin',(-50.,-23.,2.));
#7148=CARTESIAN_POINT('',(44.0000006556511,-23.,9.));
#7149=CARTESIAN_POINT('',(-33.0000001192093,-23.,9.));
#7150=CARTESIAN_POINT('',(44.0000006556511,-23.,6.05));
#7151=CARTESIAN_POINT('Origin',(-50.,23.,2.));
#7152=CARTESIAN_POINT('',(-50.,23.,9.));
#7153=CARTESIAN_POINT('',(-50.,-23.,9.));
#7154=CARTESIAN_POINT('',(-50.,13.0000000223517,9.));
#7155=CARTESIAN_POINT('',(-50.,23.,2.));
#7156=CARTESIAN_POINT('',(-50.,-23.,2.));
#7157=CARTESIAN_POINT('Origin',(50.,23.,2.));
#7158=CARTESIAN_POINT('',(16.9999998807907,23.,9.));
#7159=CARTESIAN_POINT('Origin',(-50.,-23.,2.));
#7160=CARTESIAN_POINT('',(-44.0000006556511,-23.,9.));
#7161=CARTESIAN_POINT('',(-44.0000006556511,-23.,6.05));
#7162=CARTESIAN_POINT('',(-33.0000001192093,-23.,9.));
#7163=CARTESIAN_POINT('Origin',(44.0000006556511,-6.00000008940697,10.1));
#7164=CARTESIAN_POINT('',(44.0000006556511,-25.000000372529,9.));
#7165=CARTESIAN_POINT('',(44.0000006556511,-1.75000002607703,9.));
#7166=CARTESIAN_POINT('',(44.0000006556511,-25.000000372529,7.1));
#7167=CARTESIAN_POINT('',(44.0000006556511,-25.000000372529,5.05));
#7168=CARTESIAN_POINT('',(44.0000006556511,-26.0000003874302,7.1));
#7169=CARTESIAN_POINT('',(44.0000006556511,-11.0000001639128,7.1));
#7170=CARTESIAN_POINT('',(44.0000006556511,-26.0000003874302,8.6));
#7171=CARTESIAN_POINT('',(44.0000006556511,-26.0000003874302,4.05));
#7172=CARTESIAN_POINT('',(44.0000006556511,-24.5000003874302,10.1));
#7173=CARTESIAN_POINT('Origin',(44.0000006556511,-24.5000003874302,8.6));
#7174=CARTESIAN_POINT('',(44.0000006556511,-6.00000008940697,10.1));
#7175=CARTESIAN_POINT('',(44.0000006556511,-1.75000002607703,10.1));
#7176=CARTESIAN_POINT('',(44.0000006556511,-6.00000008940697,10.1));
#7177=CARTESIAN_POINT('Origin',(-16.0000002384186,3.00000004470348,9.));
#7178=CARTESIAN_POINT('',(-44.0000006556511,-25.000000372529,9.));
#7179=CARTESIAN_POINT('',(-44.0000006556511,-11.7500001750886,9.));
#7180=CARTESIAN_POINT('',(-51.0000007599592,-25.000000372529,9.));
#7181=CARTESIAN_POINT('',(32.2500004805624,-25.000000372529,9.));
#7182=CARTESIAN_POINT('',(-51.0000007599592,30.0000004470348,9.));
#7183=CARTESIAN_POINT('',(-51.0000007599592,-11.2500001676381,9.));
#7184=CARTESIAN_POINT('',(60.0000008940697,30.0000004470348,9.));
#7185=CARTESIAN_POINT('',(-23.250000346452,30.0000004470348,9.));
#7186=CARTESIAN_POINT('',(60.0000008940697,-25.000000372529,9.));
#7187=CARTESIAN_POINT('',(60.0000008940697,16.2500002421439,9.));
#7188=CARTESIAN_POINT('',(32.2500004805624,-25.000000372529,9.));
#7189=CARTESIAN_POINT('Origin',(61.0000009089708,31.000000461936,0.));
#7190=CARTESIAN_POINT('',(61.0000009089708,31.000000461936,7.6));
#7191=CARTESIAN_POINT('',(32.750000488013,31.000000461936,7.6));
#7192=CARTESIAN_POINT('',(61.0000009089708,31.000000461936,0.));
#7193=CARTESIAN_POINT('Origin',(-44.0000006556511,-26.0000003874302,10.1));
#7194=CARTESIAN_POINT('',(-44.0000006556511,-6.00000008940697,10.1));
#7195=CARTESIAN_POINT('',(-44.0000006556511,-6.00000008940697,10.1));
#7196=CARTESIAN_POINT('',(-44.0000006556511,-24.5000003874302,10.1));
#7197=CARTESIAN_POINT('',(-44.0000006556511,-11.7500001750886,10.1));
#7198=CARTESIAN_POINT('',(-44.0000006556511,-26.0000003874302,8.6));
#7199=CARTESIAN_POINT('Origin',(-44.0000006556511,-24.5000003874302,8.6));
#7200=CARTESIAN_POINT('',(-44.0000006556511,-26.0000003874302,7.1));
#7201=CARTESIAN_POINT('',(-44.0000006556511,-26.0000003874302,5.05));
#7202=CARTESIAN_POINT('',(-44.0000006556511,-25.000000372529,7.1));
#7203=CARTESIAN_POINT('',(-44.0000006556511,-21.0000003129244,7.1));
#7204=CARTESIAN_POINT('',(-44.0000006556511,-25.000000372529,4.05));
#7205=CARTESIAN_POINT('Origin',(0.,-6.00000008940697,10.1));
#7206=CARTESIAN_POINT('',(-21.8999995104969,-5.99999986588955,10.));
#7207=CARTESIAN_POINT('',(-21.8999995104969,-6.00000008940697,8.05));
#7208=CARTESIAN_POINT('',(-11.0999995104969,-5.99999986588955,10.));
#7209=CARTESIAN_POINT('',(-8.24999975524843,-6.00000008940697,10.));
#7210=CARTESIAN_POINT('',(-11.0999995104969,-6.00000008940697,8.05));
#7211=CARTESIAN_POINT('',(-10.899999756366,-5.99999986588955,10.));
#7212=CARTESIAN_POINT('',(-10.899999756366,-6.00000008940697,8.05));
#7213=CARTESIAN_POINT('',(-0.0999997563660138,-5.99999986588955,10.));
#7214=CARTESIAN_POINT('',(-2.74999987818301,-6.00000008940697,10.));
#7215=CARTESIAN_POINT('',(-0.0999997563660138,-6.00000008940697,8.05));
#7216=CARTESIAN_POINT('',(0.0999999977648258,-5.99999986588955,10.));
#7217=CARTESIAN_POINT('',(0.0999999977648258,-6.00000008940697,8.05));
#7218=CARTESIAN_POINT('',(10.8999999977648,-5.99999986588955,10.));
#7219=CARTESIAN_POINT('',(2.74999999888241,-6.00000008940697,10.));
#7220=CARTESIAN_POINT('',(10.8999999977648,-6.00000008940697,8.05));
#7221=CARTESIAN_POINT('',(11.0999997518957,-5.99999986588955,10.));
#7222=CARTESIAN_POINT('',(11.0999997518957,-6.00000008940697,8.05));
#7223=CARTESIAN_POINT('',(21.8999997518957,-5.99999986588955,10.));
#7224=CARTESIAN_POINT('',(8.24999987594783,-6.00000008940697,10.));
#7225=CARTESIAN_POINT('',(21.8999997518957,-6.00000008940697,8.05));
#7226=CARTESIAN_POINT('',(22.0999995060265,-5.99999986588955,10.));
#7227=CARTESIAN_POINT('',(22.0999995060265,-6.00000008940697,8.05));
#7228=CARTESIAN_POINT('',(32.8999995060265,-5.99999986588955,10.));
#7229=CARTESIAN_POINT('',(13.7499997530133,-6.00000008940697,10.));
#7230=CARTESIAN_POINT('',(32.8999995060265,-6.00000008940697,8.05));
#7231=CARTESIAN_POINT('',(33.0999992601573,-5.99999986588955,10.));
#7232=CARTESIAN_POINT('',(33.0999992601573,-6.00000008940697,8.05));
#7233=CARTESIAN_POINT('',(43.8999992601573,-5.99999986588955,10.));
#7234=CARTESIAN_POINT('',(19.2499996300787,-6.00000008940697,10.));
#7235=CARTESIAN_POINT('',(43.8999992601573,-6.00000008940697,8.05));
#7236=CARTESIAN_POINT('',(2.25000003352761,-6.00000008940697,10.1));
#7237=CARTESIAN_POINT('',(-43.8999990187585,-5.99999986588955,10.));
#7238=CARTESIAN_POINT('',(-43.8999990187585,-6.00000008940697,8.05));
#7239=CARTESIAN_POINT('',(-33.0999990187585,-5.99999986588955,10.));
#7240=CARTESIAN_POINT('',(-19.2499995093793,-6.00000008940697,10.));
#7241=CARTESIAN_POINT('',(-33.0999990187585,-6.00000008940697,8.05));
#7242=CARTESIAN_POINT('',(-32.8999992646277,-5.99999986588955,10.));
#7243=CARTESIAN_POINT('',(-32.8999992646277,-6.00000008940697,8.05));
#7244=CARTESIAN_POINT('',(-22.0999992646277,-5.99999986588955,10.));
#7245=CARTESIAN_POINT('',(-13.7499996323138,-6.00000008940697,10.));
#7246=CARTESIAN_POINT('',(-22.0999992646277,-6.00000008940697,8.05));
#7247=CARTESIAN_POINT('Origin',(-27.4999992646277,-16.0000001266599,10.));
#7248=CARTESIAN_POINT('',(-32.8999992646277,-26.0000003874302,10.));
#7249=CARTESIAN_POINT('',(-22.0999992646277,-26.0000003874302,10.));
#7250=CARTESIAN_POINT('',(-22.0999992646277,-26.0000003874302,10.));
#7251=CARTESIAN_POINT('',(-22.0999992646277,-5.99999986588955,10.));
#7252=CARTESIAN_POINT('',(-32.8999992646277,-26.0000003874302,10.));
#7253=CARTESIAN_POINT('Origin',(-22.0999992646277,-26.0000003874302,6.));
#7254=CARTESIAN_POINT('',(-22.0999992646277,-26.0000003874302,6.));
#7255=CARTESIAN_POINT('Origin',(-32.8999992646277,-26.0000003874302,6.));
#7256=CARTESIAN_POINT('',(-32.8999992646277,-26.0000003874302,6.));
#7257=CARTESIAN_POINT('Origin',(-32.8999992646277,-5.99999986588955,6.));
#7258=CARTESIAN_POINT('Origin',(-5.49999975636601,-15.9999998658895,10.));
#7259=CARTESIAN_POINT('',(-10.899999756366,-25.9999998658895,10.));
#7260=CARTESIAN_POINT('',(-0.0999997563660138,-25.9999998658895,10.));
#7261=CARTESIAN_POINT('',(-0.0999997563660138,-25.9999998658895,10.));
#7262=CARTESIAN_POINT('',(-0.0999997563660138,-5.99999986588955,10.));
#7263=CARTESIAN_POINT('',(-10.899999756366,-25.9999998658895,10.));
#7264=CARTESIAN_POINT('Origin',(-0.0999997563660138,-25.9999998658895,6.));
#7265=CARTESIAN_POINT('',(-0.0999997563660138,-25.9999998658895,6.));
#7266=CARTESIAN_POINT('Origin',(-10.899999756366,-25.9999998658895,6.));
#7267=CARTESIAN_POINT('',(-10.899999756366,-25.9999998658895,6.));
#7268=CARTESIAN_POINT('Origin',(-10.899999756366,-5.99999986588955,6.));
#7269=CARTESIAN_POINT('Origin',(38.4999992601573,-15.9999998658895,10.));
#7270=CARTESIAN_POINT('',(33.0999992601573,-25.9999998658895,10.));
#7271=CARTESIAN_POINT('',(43.8999992601573,-25.9999998658895,10.));
#7272=CARTESIAN_POINT('',(43.8999992601573,-25.9999998658895,10.));
#7273=CARTESIAN_POINT('',(43.8999992601573,-5.99999986588955,10.));
#7274=CARTESIAN_POINT('',(33.0999992601573,-25.9999998658895,10.));
#7275=CARTESIAN_POINT('Origin',(43.8999992601573,-25.9999998658895,6.));
#7276=CARTESIAN_POINT('',(43.8999992601573,-25.9999998658895,6.));
#7277=CARTESIAN_POINT('Origin',(33.0999992601573,-25.9999998658895,6.));
#7278=CARTESIAN_POINT('',(33.0999992601573,-25.9999998658895,6.));
#7279=CARTESIAN_POINT('Origin',(33.0999992601573,-5.99999986588955,6.));
#7280=CARTESIAN_POINT('Origin',(16.4999997518957,-16.0000001266599,10.));
#7281=CARTESIAN_POINT('',(11.0999997518957,-26.0000003874302,10.));
#7282=CARTESIAN_POINT('',(21.8999997518957,-26.0000003874302,10.));
#7283=CARTESIAN_POINT('',(21.8999997518957,-26.0000003874302,10.));
#7284=CARTESIAN_POINT('',(21.8999997518957,-5.99999986588955,10.));
#7285=CARTESIAN_POINT('',(11.0999997518957,-26.0000003874302,10.));
#7286=CARTESIAN_POINT('Origin',(21.8999997518957,-26.0000003874302,6.));
#7287=CARTESIAN_POINT('',(21.8999997518957,-26.0000003874302,6.));
#7288=CARTESIAN_POINT('Origin',(11.0999997518957,-26.0000003874302,6.));
#7289=CARTESIAN_POINT('',(11.0999997518957,-26.0000003874302,6.));
#7290=CARTESIAN_POINT('Origin',(11.0999997518957,-5.99999986588955,6.));
#7291=CARTESIAN_POINT('Origin',(27.4999995060265,-16.0000001266599,10.));
#7292=CARTESIAN_POINT('',(22.0999995060265,-26.0000003874302,10.));
#7293=CARTESIAN_POINT('',(32.8999995060265,-26.0000003874302,10.));
#7294=CARTESIAN_POINT('',(32.8999995060265,-26.0000003874302,10.));
#7295=CARTESIAN_POINT('',(32.8999995060265,-5.99999986588955,10.));
#7296=CARTESIAN_POINT('',(22.0999995060265,-26.0000003874302,10.));
#7297=CARTESIAN_POINT('Origin',(32.8999995060265,-26.0000003874302,6.));
#7298=CARTESIAN_POINT('',(32.8999995060265,-26.0000003874302,6.));
#7299=CARTESIAN_POINT('Origin',(22.0999995060265,-26.0000003874302,6.));
#7300=CARTESIAN_POINT('',(22.0999995060265,-26.0000003874302,6.));
#7301=CARTESIAN_POINT('Origin',(22.0999995060265,-5.99999986588955,6.));
#7302=CARTESIAN_POINT('Origin',(5.49999999776483,-16.0000001266599,10.));
#7303=CARTESIAN_POINT('',(0.0999999977648258,-26.0000003874302,10.));
#7304=CARTESIAN_POINT('',(10.8999999977648,-26.0000003874302,10.));
#7305=CARTESIAN_POINT('',(10.8999999977648,-26.0000003874302,10.));
#7306=CARTESIAN_POINT('',(10.8999999977648,-5.99999986588955,10.));
#7307=CARTESIAN_POINT('',(0.0999999977648258,-26.0000003874302,10.));
#7308=CARTESIAN_POINT('Origin',(10.8999999977648,-26.0000003874302,6.));
#7309=CARTESIAN_POINT('',(10.8999999977648,-26.0000003874302,6.));
#7310=CARTESIAN_POINT('Origin',(0.0999999977648258,-26.0000003874302,6.));
#7311=CARTESIAN_POINT('',(0.0999999977648258,-26.0000003874302,6.));
#7312=CARTESIAN_POINT('Origin',(0.0999999977648258,-5.99999986588955,6.));
#7313=CARTESIAN_POINT('Origin',(-16.4999995104969,-16.0000001266599,10.));
#7314=CARTESIAN_POINT('',(-21.8999995104969,-26.0000003874302,10.));
#7315=CARTESIAN_POINT('',(-11.0999995104969,-26.0000003874302,10.));
#7316=CARTESIAN_POINT('',(-11.0999995104969,-26.0000003874302,10.));
#7317=CARTESIAN_POINT('',(-11.0999995104969,-5.99999986588955,10.));
#7318=CARTESIAN_POINT('',(-21.8999995104969,-26.0000003874302,10.));
#7319=CARTESIAN_POINT('Origin',(-11.0999995104969,-26.0000003874302,6.));
#7320=CARTESIAN_POINT('',(-11.0999995104969,-26.0000003874302,6.));
#7321=CARTESIAN_POINT('Origin',(-21.8999995104969,-26.0000003874302,6.));
#7322=CARTESIAN_POINT('',(-21.8999995104969,-26.0000003874302,6.));
#7323=CARTESIAN_POINT('Origin',(-21.8999995104969,-5.99999986588955,6.));
#7324=CARTESIAN_POINT('Origin',(-38.4999990187585,-15.9999998658895,10.));
#7325=CARTESIAN_POINT('',(-43.8999990187585,-25.9999998658895,10.));
#7326=CARTESIAN_POINT('',(-33.0999990187585,-25.9999998658895,10.));
#7327=CARTESIAN_POINT('',(-33.0999990187585,-25.9999998658895,10.));
#7328=CARTESIAN_POINT('',(-33.0999990187585,-5.99999986588955,10.));
#7329=CARTESIAN_POINT('',(-43.8999990187585,-25.9999998658895,10.));
#7330=CARTESIAN_POINT('Origin',(-33.0999990187585,-25.9999998658895,6.));
#7331=CARTESIAN_POINT('',(-33.0999990187585,-25.9999998658895,6.));
#7332=CARTESIAN_POINT('Origin',(-43.8999990187585,-25.9999998658895,6.));
#7333=CARTESIAN_POINT('',(-43.8999990187585,-25.9999998658895,6.));
#7334=CARTESIAN_POINT('Origin',(-43.8999990187585,-5.99999986588955,6.));
#7335=CARTESIAN_POINT('Origin',(60.0000008940697,30.0000004470348,0.));
#7336=CARTESIAN_POINT('',(60.0000008940697,-25.000000372529,0.));
#7337=CARTESIAN_POINT('',(60.0000008940697,30.0000004470348,0.));
#7338=CARTESIAN_POINT('Origin',(-51.0000007599592,30.0000004470348,0.));
#7339=CARTESIAN_POINT('',(-51.0000007599592,30.0000004470348,0.));
#7340=CARTESIAN_POINT('Origin',(61.0000009089708,-26.0000003874302,0.));
#7341=CARTESIAN_POINT('',(61.0000009089708,28.500000461936,10.1));
#7342=CARTESIAN_POINT('Origin',(61.0000009089708,28.500000461936,7.6));
#7343=CARTESIAN_POINT('',(61.0000009089708,-24.5000003874302,10.1));
#7344=CARTESIAN_POINT('',(61.0000009089708,31.000000461936,10.1));
#7345=CARTESIAN_POINT('',(61.0000009089708,-26.0000003874302,8.6));
#7346=CARTESIAN_POINT('Origin',(61.0000009089708,-24.5000003874302,8.6));
#7347=CARTESIAN_POINT('',(61.0000009089708,-26.0000003874302,0.));
#7348=CARTESIAN_POINT('Origin',(32.750000488013,28.500000461936,7.6));
#7349=CARTESIAN_POINT('',(32.750000488013,28.500000461936,10.1));
#7350=CARTESIAN_POINT('Origin',(-23.7500003539026,-24.5000003874302,8.6));
#7351=CARTESIAN_POINT('',(-23.7500003539026,-26.0000003874302,8.6));
#7352=CARTESIAN_POINT('',(-23.7500003539026,-24.5000003874302,10.1));
#7353=CARTESIAN_POINT('Origin',(-23.7500003539026,-24.5000003874302,8.6));
#7354=CARTESIAN_POINT('',(-23.7500003539026,-24.5000003874302,10.1));
#7355=CARTESIAN_POINT('',(-23.7500003539026,-26.0000003874302,8.6));
#7356=CARTESIAN_POINT('Origin',(-46.0000006854534,-10.0000001490116,9.5));
#7357=CARTESIAN_POINT('',(-47.5000007078052,-10.0000001490116,9.5));
#7358=CARTESIAN_POINT('Origin',(-46.0000006854534,-10.0000001490116,9.5));
#7359=CARTESIAN_POINT('Origin',(-46.0000006854534,-10.0000001490116,-8.5));
#7360=CARTESIAN_POINT('',(-47.5000007078052,-10.0000001490116,-8.5));
#7361=CARTESIAN_POINT('Origin',(-46.0000006854534,18.0000002682209,9.5));
#7362=CARTESIAN_POINT('',(-47.5000007078052,18.0000002682209,9.5));
#7363=CARTESIAN_POINT('Origin',(-46.0000006854534,18.0000002682209,9.5));
#7364=CARTESIAN_POINT('Origin',(-46.0000006854534,18.0000002682209,-8.5));
#7365=CARTESIAN_POINT('',(-47.5000007078052,18.0000002682209,-8.5));
#7366=CARTESIAN_POINT('Origin',(46.0000006854534,-10.0000001490116,9.5));
#7367=CARTESIAN_POINT('',(44.5000006631017,-10.0000001490116,9.5));
#7368=CARTESIAN_POINT('Origin',(46.0000006854534,-10.0000001490116,9.5));
#7369=CARTESIAN_POINT('Origin',(46.0000006854534,-10.0000001490116,-8.5));
#7370=CARTESIAN_POINT('',(44.5000006631017,-10.0000001490116,-8.5));
#7371=CARTESIAN_POINT('Origin',(16.5000002458692,-16.0000002384186,7.1));
#7372=CARTESIAN_POINT('',(38.2500005699694,-25.000000372529,7.1));
#7373=CARTESIAN_POINT('',(-17.7500002644956,-26.0000003874302,7.1));
#7374=CARTESIAN_POINT('Origin',(-51.0000007599592,-25.000000372529,0.));
#7375=CARTESIAN_POINT('',(-51.0000007599592,-25.000000372529,0.));
#7376=CARTESIAN_POINT('Origin',(60.0000008940697,-25.000000372529,0.));
#7377=CARTESIAN_POINT('Origin',(-52.0000007748604,-26.0000003874302,0.));
#7378=CARTESIAN_POINT('Origin',(-16.0000002384186,3.00000004470348,10.1));
#7379=CARTESIAN_POINT('Origin',(-34.0000007450581,8.65000034272671,7.));
#7380=CARTESIAN_POINT('',(-24.7500007450581,20.9000003427267,7.));
#7381=CARTESIAN_POINT('',(-24.7500007450581,-3.59999965727329,7.));
#7382=CARTESIAN_POINT('',(-24.7500007450581,2.52500034272671,7.));
#7383=CARTESIAN_POINT('',(-43.2500007450581,20.9000003427267,7.));
#7384=CARTESIAN_POINT('',(-29.3750007450581,20.9000003427267,7.));
#7385=CARTESIAN_POINT('',(-43.2500007450581,-3.59999965727329,7.));
#7386=CARTESIAN_POINT('',(-43.2500007450581,14.7750003427267,7.));
#7387=CARTESIAN_POINT('',(-38.6250007450581,-3.59999965727329,7.));
#7388=CARTESIAN_POINT('Origin',(-24.7500007450581,20.9000003427267,3.));
#7389=CARTESIAN_POINT('',(-24.7500007450581,20.9000003427267,3.));
#7390=CARTESIAN_POINT('',(-24.7500007450581,20.9000003427267,3.));
#7391=CARTESIAN_POINT('',(-43.2500007450581,20.9000003427267,3.));
#7392=CARTESIAN_POINT('',(-43.2500007450581,20.9000003427267,3.));
#7393=CARTESIAN_POINT('',(-43.2500007450581,20.9000003427267,3.));
#7394=CARTESIAN_POINT('Origin',(-24.7500007450581,-3.59999965727329,3.));
#7395=CARTESIAN_POINT('',(-24.7500007450581,-3.59999965727329,3.));
#7396=CARTESIAN_POINT('',(-24.7500007450581,-3.59999965727329,3.));
#7397=CARTESIAN_POINT('',(-24.7500007450581,15.5000003427267,3.));
#7398=CARTESIAN_POINT('Origin',(-43.2500007450581,-3.59999965727329,3.));
#7399=CARTESIAN_POINT('',(-43.2500007450581,-3.59999965727329,3.));
#7400=CARTESIAN_POINT('',(-43.2500007450581,-3.59999965727329,3.));
#7401=CARTESIAN_POINT('',(-24.7500007450581,-3.59999965727329,3.));
#7402=CARTESIAN_POINT('Origin',(-43.2500007450581,20.9000003427267,3.));
#7403=CARTESIAN_POINT('',(-43.2500007450581,-3.59999965727329,3.));
#7404=CARTESIAN_POINT('Origin',(-34.0000007450581,8.65000034272671,3.));
#7405=CARTESIAN_POINT('Origin',(-7.99999925494195,17.9095954028123,0.727556652702522));
#7406=CARTESIAN_POINT('',(43.073080960151,9.20120856980339,3.));
#7407=CARTESIAN_POINT('',(39.1769205299651,9.20120856980339,3.));
#7408=CARTESIAN_POINT('Ctrl Pts',(43.073080960151,9.20120856980339,3.));
#7409=CARTESIAN_POINT('Ctrl Pts',(43.0101484665084,9.22097851483058,3.07576176944912));
#7410=CARTESIAN_POINT('Ctrl Pts',(42.9444867424242,9.24051969864448,3.14655207222781));
#7411=CARTESIAN_POINT('Ctrl Pts',(42.658691942426,9.32061638228592,3.42562580197488));
#7412=CARTESIAN_POINT('Ctrl Pts',(42.3819622166533,9.38474923647291,3.61635431193678));
#7413=CARTESIAN_POINT('Ctrl Pts',(41.7722486193695,9.47503320324109,3.87021552399234));
#7414=CARTESIAN_POINT('Ctrl Pts',(41.4391946653928,9.50000034272671,3.93359952911319));
#7415=CARTESIAN_POINT('Ctrl Pts',(41.1250007450581,9.50000034272671,3.93359952911319));
#7416=CARTESIAN_POINT('Ctrl Pts',(40.8108068247233,9.50000034272671,3.93359952911319));
#7417=CARTESIAN_POINT('Ctrl Pts',(40.4777528707466,9.47503320324109,3.87021552399234));
#7418=CARTESIAN_POINT('Ctrl Pts',(39.8680392734628,9.38474923647291,3.61635431193678));
#7419=CARTESIAN_POINT('Ctrl Pts',(39.5913095476901,9.32061638228592,3.42562580197488));
#7420=CARTESIAN_POINT('Ctrl Pts',(39.3055147476919,9.24051969864448,3.1465520722278));
#7421=CARTESIAN_POINT('Ctrl Pts',(39.2398530236077,9.22097851483058,3.07576176944912));
#7422=CARTESIAN_POINT('Ctrl Pts',(39.1769205299651,9.20120856980339,2.99999999999999));
#7423=CARTESIAN_POINT('',(-7.99999925494195,9.20120856980339,3.));
#7424=CARTESIAN_POINT('Origin',(41.1250007450581,3.00000034272671,3.));
#7425=CARTESIAN_POINT('',(34.6250007450581,3.0000003427267,2.99999999999999));
#7426=CARTESIAN_POINT('Origin',(41.1250007450581,3.00000034272671,3.));
#7427=CARTESIAN_POINT('Origin',(41.1250007450581,3.00000034272671,3.));
#7428=CARTESIAN_POINT('Origin',(41.1250007450581,3.00000034272671,3.));
#7429=CARTESIAN_POINT('',(34.6250007450581,3.00000034272671,11.));
#7430=CARTESIAN_POINT('Origin',(41.1250007450581,3.00000034272671,11.));
#7431=CARTESIAN_POINT('',(34.6250007450581,3.0000003427267,3.));
#7432=CARTESIAN_POINT('Origin',(41.1250007450581,3.00000034272671,11.));
#7433=CARTESIAN_POINT('Origin',(-16.7499996256083,2.99999993294477,11.));
#7434=CARTESIAN_POINT('',(-14.7499996256083,2.99999993294477,11.));
#7435=CARTESIAN_POINT('Origin',(-16.7499996256083,2.99999993294477,11.));
#7436=CARTESIAN_POINT('Origin',(-16.7499996256083,2.99999993294477,6.5));
#7437=CARTESIAN_POINT('',(-14.7499996256083,2.99999993294477,6.5));
#7438=CARTESIAN_POINT('',(-14.7499996256083,2.99999993294477,6.5));
#7439=CARTESIAN_POINT('Origin',(-16.7499996256083,2.99999993294477,6.5));
#7440=CARTESIAN_POINT('Origin',(-13.7500007450581,6.00000004470348,3.));
#7441=CARTESIAN_POINT('',(-19.7500007450581,6.00000004470348,3.));
#7442=CARTESIAN_POINT('',(-13.7500007450581,6.00000004470348,3.));
#7443=CARTESIAN_POINT('',(-19.7500007450581,6.00000004470348,3.));
#7444=CARTESIAN_POINT('',(-19.7500007450581,6.00000004470348,6.5));
#7445=CARTESIAN_POINT('',(-19.7500007450581,6.00000004470348,3.));
#7446=CARTESIAN_POINT('',(-13.7500007450581,6.00000004470348,6.5));
#7447=CARTESIAN_POINT('',(-19.7500007450581,6.00000004470348,6.5));
#7448=CARTESIAN_POINT('',(-13.7500007450581,6.00000004470348,3.));
#7449=CARTESIAN_POINT('Origin',(-13.7500007450581,4.47034831374538E-8,3.));
#7450=CARTESIAN_POINT('',(-13.7500007450581,4.47034831374538E-8,3.));
#7451=CARTESIAN_POINT('',(-13.7500007450581,6.00000004470348,3.));
#7452=CARTESIAN_POINT('',(-13.7500007450581,4.47034831374538E-8,6.5));
#7453=CARTESIAN_POINT('',(-13.7500007450581,6.00000004470348,6.5));
#7454=CARTESIAN_POINT('',(-13.7500007450581,4.47034831374538E-8,3.));
#7455=CARTESIAN_POINT('Origin',(-19.7500007450581,4.47034831374538E-8,3.));
#7456=CARTESIAN_POINT('',(-19.7500007450581,4.47034831374538E-8,3.));
#7457=CARTESIAN_POINT('',(-13.7500007450581,4.47034831374538E-8,3.));
#7458=CARTESIAN_POINT('',(-19.7500007450581,4.47034831374538E-8,6.5));
#7459=CARTESIAN_POINT('',(-13.7500007450581,4.47034831374538E-8,6.5));
#7460=CARTESIAN_POINT('',(-19.7500007450581,4.47034831374538E-8,3.));
#7461=CARTESIAN_POINT('Origin',(-19.7500007450581,6.00000004470348,3.));
#7462=CARTESIAN_POINT('',(-19.7500007450581,4.47034831374538E-8,3.));
#7463=CARTESIAN_POINT('',(-19.7500007450581,4.47034831374538E-8,6.5));
#7464=CARTESIAN_POINT('Origin',(-16.7500007450581,3.00000004470348,3.));
#7465=CARTESIAN_POINT('Origin',(-16.7500007450581,3.00000004470348,6.5));
#7466=CARTESIAN_POINT('Origin',(-40.7500019355211,-18.2500008668285,9.5));
#7467=CARTESIAN_POINT('',(-38.7500019355211,-18.2500008668285,9.5));
#7468=CARTESIAN_POINT('Origin',(-40.7500019355211,-18.2500008668285,9.5));
#7469=CARTESIAN_POINT('Origin',(-40.7500019355211,-18.2500008668285,6.5));
#7470=CARTESIAN_POINT('',(-38.7500019355211,-18.2500008668285,6.5));
#7471=CARTESIAN_POINT('',(-38.7500019355211,-18.2500008668285,6.5));
#7472=CARTESIAN_POINT('Origin',(-40.7500019355211,-18.2500008668285,6.5));
#7473=CARTESIAN_POINT('Origin',(-37.7500007450581,-15.2499996572733,3.));
#7474=CARTESIAN_POINT('',(-43.7500007450581,-15.2499996572733,3.));
#7475=CARTESIAN_POINT('',(-37.7500007450581,-15.2499996572733,3.));
#7476=CARTESIAN_POINT('',(-43.7500007450581,-15.2499996572733,3.));
#7477=CARTESIAN_POINT('',(-43.7500007450581,-15.2499996572733,6.5));
#7478=CARTESIAN_POINT('',(-43.7500007450581,-15.2499996572733,3.));
#7479=CARTESIAN_POINT('',(-37.7500007450581,-15.2499996572733,6.5));
#7480=CARTESIAN_POINT('',(-43.7500007450581,-15.2499996572733,6.5));
#7481=CARTESIAN_POINT('',(-37.7500007450581,-15.2499996572733,3.));
#7482=CARTESIAN_POINT('Origin',(-37.7500007450581,-21.2499996572733,3.));
#7483=CARTESIAN_POINT('',(-37.7500007450581,-21.2499996572733,3.));
#7484=CARTESIAN_POINT('',(-37.7500007450581,-15.2499996572733,3.));
#7485=CARTESIAN_POINT('',(-37.7500007450581,-21.2499996572733,6.5));
#7486=CARTESIAN_POINT('',(-37.7500007450581,-15.2499996572733,6.5));
#7487=CARTESIAN_POINT('',(-37.7500007450581,-21.2499996572733,3.));
#7488=CARTESIAN_POINT('Origin',(-43.7500007450581,-21.2499996572733,3.));
#7489=CARTESIAN_POINT('',(-43.7500007450581,-21.2499996572733,3.));
#7490=CARTESIAN_POINT('',(-37.7500007450581,-21.2499996572733,3.));
#7491=CARTESIAN_POINT('',(-43.7500007450581,-21.2499996572733,6.5));
#7492=CARTESIAN_POINT('',(-37.7500007450581,-21.2499996572733,6.5));
#7493=CARTESIAN_POINT('',(-43.7500007450581,-21.2499996572733,3.));
#7494=CARTESIAN_POINT('Origin',(-43.7500007450581,-15.2499996572733,3.));
#7495=CARTESIAN_POINT('',(-43.7500007450581,-21.2499996572733,3.));
#7496=CARTESIAN_POINT('',(-43.7500007450581,-21.2499996572733,6.5));
#7497=CARTESIAN_POINT('Origin',(-40.7500007450581,-18.2499996572733,3.));
#7498=CARTESIAN_POINT('Origin',(-40.7500007450581,-18.2499996572733,6.5));
#7499=CARTESIAN_POINT('Origin',(16.7500003743917,2.99999993294477,11.));
#7500=CARTESIAN_POINT('',(18.7500003743917,2.99999993294477,11.));
#7501=CARTESIAN_POINT('Origin',(16.7500003743917,2.99999993294477,11.));
#7502=CARTESIAN_POINT('Origin',(16.7500003743917,2.99999993294477,6.5));
#7503=CARTESIAN_POINT('',(18.7500003743917,2.99999993294477,6.5));
#7504=CARTESIAN_POINT('',(18.7500003743917,2.99999993294477,6.5));
#7505=CARTESIAN_POINT('Origin',(16.7500003743917,2.99999993294477,6.5));
#7506=CARTESIAN_POINT('Origin',(19.7499992549419,6.00000004470348,3.));
#7507=CARTESIAN_POINT('',(13.7499992549419,6.00000004470348,3.));
#7508=CARTESIAN_POINT('',(19.7499992549419,6.00000004470348,3.));
#7509=CARTESIAN_POINT('',(13.7499992549419,6.00000004470348,3.));
#7510=CARTESIAN_POINT('',(13.7499992549419,6.00000004470348,6.5));
#7511=CARTESIAN_POINT('',(13.7499992549419,6.00000004470348,3.));
#7512=CARTESIAN_POINT('',(19.7499992549419,6.00000004470348,6.5));
#7513=CARTESIAN_POINT('',(13.7499992549419,6.00000004470348,6.5));
#7514=CARTESIAN_POINT('',(19.7499992549419,6.00000004470348,3.));
#7515=CARTESIAN_POINT('Origin',(19.7499992549419,4.47034831374538E-8,3.));
#7516=CARTESIAN_POINT('',(19.7499992549419,4.47034831374538E-8,3.));
#7517=CARTESIAN_POINT('',(19.7499992549419,6.00000004470348,3.));
#7518=CARTESIAN_POINT('',(19.7499992549419,4.47034831374538E-8,6.5));
#7519=CARTESIAN_POINT('',(19.7499992549419,6.00000004470348,6.5));
#7520=CARTESIAN_POINT('',(19.7499992549419,4.47034831374538E-8,3.));
#7521=CARTESIAN_POINT('Origin',(13.7499992549419,4.47034831374538E-8,3.));
#7522=CARTESIAN_POINT('',(13.7499992549419,4.47034831374538E-8,3.));
#7523=CARTESIAN_POINT('',(19.7499992549419,4.47034831374538E-8,3.));
#7524=CARTESIAN_POINT('',(13.7499992549419,4.47034831374538E-8,6.5));
#7525=CARTESIAN_POINT('',(19.7499992549419,4.47034831374538E-8,6.5));
#7526=CARTESIAN_POINT('',(13.7499992549419,4.47034831374538E-8,3.));
#7527=CARTESIAN_POINT('Origin',(13.7499992549419,6.00000004470348,3.));
#7528=CARTESIAN_POINT('',(13.7499992549419,4.47034831374538E-8,3.));
#7529=CARTESIAN_POINT('',(13.7499992549419,4.47034831374538E-8,6.5));
#7530=CARTESIAN_POINT('Origin',(16.7499992549419,3.00000004470348,3.));
#7531=CARTESIAN_POINT('Origin',(16.7499992549419,3.00000004470348,6.5));
#7532=CARTESIAN_POINT('Origin',(-19.499999564141,14.7999996691942,6.));
#7533=CARTESIAN_POINT('',(-19.499999564141,13.199999704957,6.));
#7534=CARTESIAN_POINT('',(-19.499999564141,14.7999996691942,6.));
#7535=CARTESIAN_POINT('',(-19.499999564141,14.4000000059605,6.));
#7536=CARTESIAN_POINT('',(-19.499999564141,13.199999704957,12.5));
#7537=CARTESIAN_POINT('',(-19.499999564141,13.199999704957,6.));
#7538=CARTESIAN_POINT('',(-19.499999564141,14.7999996691942,12.5));
#7539=CARTESIAN_POINT('',(-19.499999564141,13.199999704957,12.5));
#7540=CARTESIAN_POINT('',(-19.499999564141,14.7999996691942,6.));
#7541=CARTESIAN_POINT('Origin',(-14.9999996647239,14.7999996691942,6.));
#7542=CARTESIAN_POINT('',(-14.9999996647239,14.7999996691942,6.));
#7543=CARTESIAN_POINT('',(-15.000000204891,14.7999996691942,6.));
#7544=CARTESIAN_POINT('',(-14.9999996647239,14.7999996691942,12.5));
#7545=CARTESIAN_POINT('',(-19.499999564141,14.7999996691942,12.5));
#7546=CARTESIAN_POINT('',(-14.9999996647239,14.7999996691942,6.));
#7547=CARTESIAN_POINT('Origin',(-14.9999996647239,13.199999704957,6.));
#7548=CARTESIAN_POINT('',(-14.9999996647239,13.199999704957,6.));
#7549=CARTESIAN_POINT('',(-14.9999996647239,13.6000000238419,6.));
#7550=CARTESIAN_POINT('',(-14.9999996647239,13.199999704957,12.5));
#7551=CARTESIAN_POINT('',(-14.9999996647239,14.7999996691942,12.5));
#7552=CARTESIAN_POINT('',(-14.9999996647239,13.199999704957,6.));
#7553=CARTESIAN_POINT('Origin',(-19.499999564141,13.199999704957,6.));
#7554=CARTESIAN_POINT('',(-17.2500001545995,13.199999704957,6.));
#7555=CARTESIAN_POINT('',(-14.9999996647239,13.199999704957,12.5));
#7556=CARTESIAN_POINT('Origin',(-17.2499996144325,13.9999996870756,12.5));
#7557=CARTESIAN_POINT('Origin',(-9.75000074505806,15.5000003427267,3.));
#7558=CARTESIAN_POINT('',(-20.2500007450581,15.5000003427267,3.));
#7559=CARTESIAN_POINT('',(-9.75000074505806,15.5000003427267,3.));
#7560=CARTESIAN_POINT('',(-20.2500007450581,15.5000003427267,3.));
#7561=CARTESIAN_POINT('',(-20.2500007450581,15.5000003427267,6.));
#7562=CARTESIAN_POINT('',(-20.2500007450581,15.5000003427267,3.));
#7563=CARTESIAN_POINT('',(-9.75000074505806,15.5000003427267,6.));
#7564=CARTESIAN_POINT('',(-20.2500007450581,15.5000003427267,6.));
#7565=CARTESIAN_POINT('',(-9.75000074505806,15.5000003427267,3.));
#7566=CARTESIAN_POINT('Origin',(-9.75000074505806,12.5000003427267,3.));
#7567=CARTESIAN_POINT('',(-9.75000074505806,12.5000003427267,3.));
#7568=CARTESIAN_POINT('',(-9.75000074505806,15.5000003427267,3.));
#7569=CARTESIAN_POINT('',(-9.75000074505806,12.5000003427267,6.));
#7570=CARTESIAN_POINT('',(-9.75000074505806,15.5000003427267,6.));
#7571=CARTESIAN_POINT('',(-9.75000074505806,12.5000003427267,3.));
#7572=CARTESIAN_POINT('Origin',(-20.2500007450581,12.5000003427267,3.));
#7573=CARTESIAN_POINT('',(-20.2500007450581,12.5000003427267,3.));
#7574=CARTESIAN_POINT('',(-9.75000074505806,12.5000003427267,3.));
#7575=CARTESIAN_POINT('',(-20.2500007450581,12.5000003427267,6.));
#7576=CARTESIAN_POINT('',(-9.75000074505806,12.5000003427267,6.));
#7577=CARTESIAN_POINT('',(-20.2500007450581,12.5000003427267,3.));
#7578=CARTESIAN_POINT('Origin',(-20.2500007450581,15.5000003427267,3.));
#7579=CARTESIAN_POINT('',(-20.2500007450581,12.5000003427267,3.));
#7580=CARTESIAN_POINT('',(-20.2500007450581,12.5000003427267,6.));
#7581=CARTESIAN_POINT('Origin',(-15.0000007450581,14.0000003427267,3.));
#7582=CARTESIAN_POINT('Origin',(-15.0000007450581,14.0000003427267,6.));
#7583=CARTESIAN_POINT('Origin',(-7.99999925494195,17.9095954028123,0.727556652702522));
#7584=CARTESIAN_POINT('',(-7.99999925494195,8.93475167466445,1.4));
#7585=CARTESIAN_POINT('',(50.0000007450581,8.93475167466445,1.4));
#7586=CARTESIAN_POINT('',(-7.99999925494195,8.93475167466445,1.4));
#7587=CARTESIAN_POINT('',(-7.99999925494195,9.00000034272671,2.00000149052375));
#7588=CARTESIAN_POINT('Origin',(-7.99999925494195,17.9095954028123,0.727556652702522));
#7589=CARTESIAN_POINT('',(50.0000007450581,9.00000034272671,2.00000149052375));
#7590=CARTESIAN_POINT('',(-7.99999925494195,9.00000034272671,2.00000149052375));
#7591=CARTESIAN_POINT('Origin',(50.0000007450581,17.9095954028123,0.727556652702522));
#7592=CARTESIAN_POINT('Origin',(50.0000007450581,9.00000034272671,3.));
#7593=CARTESIAN_POINT('',(50.0000007450581,9.00000034272671,3.));
#7594=CARTESIAN_POINT('',(50.0000007450581,9.00000034272671,3.));
#7595=CARTESIAN_POINT('',(50.0000007450581,-23.0000003427267,3.));
#7596=CARTESIAN_POINT('',(50.0000007450581,3.00000034272671,3.));
#7597=CARTESIAN_POINT('',(50.0000007450581,-23.0000003427267,1.4));
#7598=CARTESIAN_POINT('',(50.0000007450581,-23.0000003427267,3.));
#7599=CARTESIAN_POINT('',(50.0000007450581,3.00000034272671,1.4));
#7600=CARTESIAN_POINT('Origin',(-7.99999925494195,9.00000034272671,3.));
#7601=CARTESIAN_POINT('',(-7.99999925494195,9.00000034272671,3.));
#7602=CARTESIAN_POINT('',(-7.99999925494195,9.00000034272671,3.));
#7603=CARTESIAN_POINT('',(-7.99999925494195,9.00000034272671,3.));
#7604=CARTESIAN_POINT('Origin',(-7.99999925494195,23.0000003427267,3.));
#7605=CARTESIAN_POINT('',(-7.99999925494195,23.0000003427267,3.));
#7606=CARTESIAN_POINT('',(-7.99999925494195,23.0000003427267,3.));
#7607=CARTESIAN_POINT('',(-7.99999925494195,23.0000003427267,1.4));
#7608=CARTESIAN_POINT('',(-7.99999925494195,23.0000003427267,1.4));
#7609=CARTESIAN_POINT('',(-7.99999925494195,23.0000003427267,3.));
#7610=CARTESIAN_POINT('Origin',(46.0000006854534,-10.0000001490116,3.));
#7611=CARTESIAN_POINT('',(44.500000346451,-10.0000001490116,1.4));
#7612=CARTESIAN_POINT('Origin',(46.0000006854534,-10.0000001490116,1.4));
#7613=CARTESIAN_POINT('',(44.500000346451,-10.0000001490116,3.));
#7614=CARTESIAN_POINT('',(44.500000346451,-10.0000001490116,3.));
#7615=CARTESIAN_POINT('Origin',(46.0000006854534,-10.0000001490116,3.));
#7616=CARTESIAN_POINT('Origin',(-45.9999989718199,17.9999995976686,3.));
#7617=CARTESIAN_POINT('',(-47.4999989382923,17.9999995976686,1.4));
#7618=CARTESIAN_POINT('Origin',(-45.9999989718199,17.9999995976686,1.4));
#7619=CARTESIAN_POINT('',(-47.4999989382923,17.9999995976686,3.));
#7620=CARTESIAN_POINT('',(-47.4999989382923,17.9999995976686,3.));
#7621=CARTESIAN_POINT('Origin',(-45.9999989718199,17.9999995976686,3.));
#7622=CARTESIAN_POINT('Origin',(-45.9999989718199,-9.99999977648258,3.));
#7623=CARTESIAN_POINT('',(-47.7999989315867,-9.99999977648258,1.4));
#7624=CARTESIAN_POINT('Origin',(-45.9999989718199,-9.99999977648258,1.4));
#7625=CARTESIAN_POINT('',(-47.7999989315867,-9.99999977648258,3.));
#7626=CARTESIAN_POINT('',(-47.7999989315867,-9.99999977648258,3.));
#7627=CARTESIAN_POINT('Origin',(-45.9999989718199,-9.99999977648258,3.));
#7628=CARTESIAN_POINT('Origin',(50.0000007450581,-23.0000003427267,3.));
#7629=CARTESIAN_POINT('',(-50.0000007450581,-23.0000003427267,3.));
#7630=CARTESIAN_POINT('',(-50.0000007450581,-23.0000003427267,3.));
#7631=CARTESIAN_POINT('',(-50.0000007450581,-23.0000003427267,1.4));
#7632=CARTESIAN_POINT('',(-50.0000007450581,-23.0000003427267,3.));
#7633=CARTESIAN_POINT('',(-50.0000007450581,-23.0000003427267,1.4));
#7634=CARTESIAN_POINT('Origin',(-50.0000007450581,23.0000003427267,3.));
#7635=CARTESIAN_POINT('',(-50.0000007450581,23.0000003427267,3.));
#7636=CARTESIAN_POINT('',(-50.0000007450581,23.0000003427267,3.));
#7637=CARTESIAN_POINT('',(-50.0000007450581,23.0000003427267,1.4));
#7638=CARTESIAN_POINT('',(-50.0000007450581,23.0000003427267,1.4));
#7639=CARTESIAN_POINT('',(-50.0000007450581,23.0000003427267,3.));
#7640=CARTESIAN_POINT('Origin',(-50.0000007450581,-23.0000003427267,3.));
#7641=CARTESIAN_POINT('',(-50.0000007450581,20.9000003427267,3.));
#7642=CARTESIAN_POINT('',(-50.0000007450581,20.9000003427267,1.4));
#7643=CARTESIAN_POINT('Origin',(0.,0.,1.4));
#7644=CARTESIAN_POINT('Origin',(0.,0.,3.));
#7645=CARTESIAN_POINT('Origin',(31.249999254942,-15.2499996572733,3.));
#7646=CARTESIAN_POINT('',(25.249999254942,-15.2499996572733,3.));
#7647=CARTESIAN_POINT('',(31.249999254942,-15.2499996572733,3.));
#7648=CARTESIAN_POINT('',(25.249999254942,-15.2499996572733,3.));
#7649=CARTESIAN_POINT('',(25.249999254942,-15.2499996572733,6.5));
#7650=CARTESIAN_POINT('',(25.249999254942,-15.2499996572733,3.));
#7651=CARTESIAN_POINT('',(31.249999254942,-15.2499996572733,6.5));
#7652=CARTESIAN_POINT('',(25.249999254942,-15.2499996572733,6.5));
#7653=CARTESIAN_POINT('',(31.249999254942,-15.2499996572733,3.));
#7654=CARTESIAN_POINT('Origin',(31.249999254942,-21.2499996572733,3.));
#7655=CARTESIAN_POINT('',(31.249999254942,-21.2499996572733,3.));
#7656=CARTESIAN_POINT('',(31.249999254942,-15.2499996572733,3.));
#7657=CARTESIAN_POINT('',(31.249999254942,-21.2499996572733,6.5));
#7658=CARTESIAN_POINT('',(31.249999254942,-15.2499996572733,6.5));
#7659=CARTESIAN_POINT('',(31.249999254942,-21.2499996572733,3.));
#7660=CARTESIAN_POINT('Origin',(25.249999254942,-21.2499996572733,3.));
#7661=CARTESIAN_POINT('',(25.249999254942,-21.2499996572733,3.));
#7662=CARTESIAN_POINT('',(31.249999254942,-21.2499996572733,3.));
#7663=CARTESIAN_POINT('',(25.249999254942,-21.2499996572733,6.5));
#7664=CARTESIAN_POINT('',(31.249999254942,-21.2499996572733,6.5));
#7665=CARTESIAN_POINT('',(25.249999254942,-21.2499996572733,3.));
#7666=CARTESIAN_POINT('Origin',(25.249999254942,-15.2499996572733,3.));
#7667=CARTESIAN_POINT('',(25.249999254942,-21.2499996572733,3.));
#7668=CARTESIAN_POINT('',(25.249999254942,-21.2499996572733,6.5));
#7669=CARTESIAN_POINT('Origin',(28.249999254942,-18.2499996572733,3.));
#7670=CARTESIAN_POINT('Origin',(28.249999254942,-18.2499996572733,6.5));
#7671=CARTESIAN_POINT('',(30.2499980644789,-18.2500008668285,6.5));
#7672=CARTESIAN_POINT('Origin',(28.2499980644789,-18.2500008668285,6.5));
#7673=CARTESIAN_POINT('Origin',(28.2499980644789,-18.2500008668285,8.));
#7674=CARTESIAN_POINT('',(30.2499980644789,-18.2500008668285,9.5));
#7675=CARTESIAN_POINT('Origin',(28.2499980644789,-18.2500008668285,9.5));
#7676=CARTESIAN_POINT('',(30.2499980644789,-18.2500008668285,8.));
#7677=CARTESIAN_POINT('Origin',(28.2499980644789,-18.2500008668285,9.5));
#7678=CARTESIAN_POINT('Origin',(19.749999254942,-15.2499996572733,3.));
#7679=CARTESIAN_POINT('',(13.749999254942,-15.2499996572733,3.));
#7680=CARTESIAN_POINT('',(19.749999254942,-15.2499996572733,3.));
#7681=CARTESIAN_POINT('',(13.749999254942,-15.2499996572733,3.));
#7682=CARTESIAN_POINT('',(13.749999254942,-15.2499996572733,6.5));
#7683=CARTESIAN_POINT('',(13.749999254942,-15.2499996572733,3.));
#7684=CARTESIAN_POINT('',(19.749999254942,-15.2499996572733,6.5));
#7685=CARTESIAN_POINT('',(13.749999254942,-15.2499996572733,6.5));
#7686=CARTESIAN_POINT('',(19.749999254942,-15.2499996572733,3.));
#7687=CARTESIAN_POINT('Origin',(19.749999254942,-21.2499996572733,3.));
#7688=CARTESIAN_POINT('',(19.749999254942,-21.2499996572733,3.));
#7689=CARTESIAN_POINT('',(19.749999254942,-15.2499996572733,3.));
#7690=CARTESIAN_POINT('',(19.749999254942,-21.2499996572733,6.5));
#7691=CARTESIAN_POINT('',(19.749999254942,-15.2499996572733,6.5));
#7692=CARTESIAN_POINT('',(19.749999254942,-21.2499996572733,3.));
#7693=CARTESIAN_POINT('Origin',(13.749999254942,-21.2499996572733,3.));
#7694=CARTESIAN_POINT('',(13.749999254942,-21.2499996572733,3.));
#7695=CARTESIAN_POINT('',(19.749999254942,-21.2499996572733,3.));
#7696=CARTESIAN_POINT('',(13.749999254942,-21.2499996572733,6.5));
#7697=CARTESIAN_POINT('',(19.749999254942,-21.2499996572733,6.5));
#7698=CARTESIAN_POINT('',(13.749999254942,-21.2499996572733,3.));
#7699=CARTESIAN_POINT('Origin',(13.749999254942,-15.2499996572733,3.));
#7700=CARTESIAN_POINT('',(13.749999254942,-21.2499996572733,3.));
#7701=CARTESIAN_POINT('',(13.749999254942,-21.2499996572733,6.5));
#7702=CARTESIAN_POINT('Origin',(16.749999254942,-18.2499996572733,3.));
#7703=CARTESIAN_POINT('Origin',(16.749999254942,-18.2499996572733,6.5));
#7704=CARTESIAN_POINT('',(18.7499980644789,-18.2500008668285,6.5));
#7705=CARTESIAN_POINT('Origin',(16.7499980644789,-18.2500008668285,6.5));
#7706=CARTESIAN_POINT('Origin',(16.7499980644789,-18.2500008668285,8.));
#7707=CARTESIAN_POINT('',(18.7499980644789,-18.2500008668285,9.5));
#7708=CARTESIAN_POINT('Origin',(16.7499980644789,-18.2500008668285,9.5));
#7709=CARTESIAN_POINT('',(18.7499980644789,-18.2500008668285,8.));
#7710=CARTESIAN_POINT('Origin',(16.7499980644789,-18.2500008668285,9.5));
#7711=CARTESIAN_POINT('Origin',(8.24999925494195,-15.2499996572733,3.));
#7712=CARTESIAN_POINT('',(2.24999925494195,-15.2499996572733,3.));
#7713=CARTESIAN_POINT('',(8.24999925494195,-15.2499996572733,3.));
#7714=CARTESIAN_POINT('',(2.24999925494195,-15.2499996572733,3.));
#7715=CARTESIAN_POINT('',(2.24999925494195,-15.2499996572733,6.5));
#7716=CARTESIAN_POINT('',(2.24999925494195,-15.2499996572733,3.));
#7717=CARTESIAN_POINT('',(8.24999925494195,-15.2499996572733,6.5));
#7718=CARTESIAN_POINT('',(2.24999925494195,-15.2499996572733,6.5));
#7719=CARTESIAN_POINT('',(8.24999925494195,-15.2499996572733,3.));
#7720=CARTESIAN_POINT('Origin',(8.24999925494195,-21.2499996572733,3.));
#7721=CARTESIAN_POINT('',(8.24999925494195,-21.2499996572733,3.));
#7722=CARTESIAN_POINT('',(8.24999925494195,-15.2499996572733,3.));
#7723=CARTESIAN_POINT('',(8.24999925494195,-21.2499996572733,6.5));
#7724=CARTESIAN_POINT('',(8.24999925494195,-15.2499996572733,6.5));
#7725=CARTESIAN_POINT('',(8.24999925494195,-21.2499996572733,3.));
#7726=CARTESIAN_POINT('Origin',(2.24999925494195,-21.2499996572733,3.));
#7727=CARTESIAN_POINT('',(2.24999925494195,-21.2499996572733,3.));
#7728=CARTESIAN_POINT('',(8.24999925494195,-21.2499996572733,3.));
#7729=CARTESIAN_POINT('',(2.24999925494195,-21.2499996572733,6.5));
#7730=CARTESIAN_POINT('',(8.24999925494195,-21.2499996572733,6.5));
#7731=CARTESIAN_POINT('',(2.24999925494195,-21.2499996572733,3.));
#7732=CARTESIAN_POINT('Origin',(2.24999925494195,-15.2499996572733,3.));
#7733=CARTESIAN_POINT('',(2.24999925494195,-21.2499996572733,3.));
#7734=CARTESIAN_POINT('',(2.24999925494195,-21.2499996572733,6.5));
#7735=CARTESIAN_POINT('Origin',(5.24999925494195,-18.2499996572733,3.));
#7736=CARTESIAN_POINT('Origin',(5.24999925494195,-18.2499996572733,6.5));
#7737=CARTESIAN_POINT('',(7.24999806447887,-18.2500008668285,6.5));
#7738=CARTESIAN_POINT('Origin',(5.24999806447886,-18.2500008668285,6.5));
#7739=CARTESIAN_POINT('Origin',(5.24999806447886,-18.2500008668285,8.));
#7740=CARTESIAN_POINT('',(7.24999806447887,-18.2500008668285,9.5));
#7741=CARTESIAN_POINT('Origin',(5.24999806447886,-18.2500008668285,9.5));
#7742=CARTESIAN_POINT('',(7.24999806447887,-18.2500008668285,8.));
#7743=CARTESIAN_POINT('Origin',(5.24999806447886,-18.2500008668285,9.5));
#7744=CARTESIAN_POINT('Origin',(-3.25000074505805,-15.2499996572733,3.));
#7745=CARTESIAN_POINT('',(-9.25000074505805,-15.2499996572733,3.));
#7746=CARTESIAN_POINT('',(-3.25000074505805,-15.2499996572733,3.));
#7747=CARTESIAN_POINT('',(-9.25000074505805,-15.2499996572733,3.));
#7748=CARTESIAN_POINT('',(-9.25000074505805,-15.2499996572733,6.5));
#7749=CARTESIAN_POINT('',(-9.25000074505805,-15.2499996572733,3.));
#7750=CARTESIAN_POINT('',(-3.25000074505805,-15.2499996572733,6.5));
#7751=CARTESIAN_POINT('',(-9.25000074505805,-15.2499996572733,6.5));
#7752=CARTESIAN_POINT('',(-3.25000074505805,-15.2499996572733,3.));
#7753=CARTESIAN_POINT('Origin',(-3.25000074505805,-21.2499996572733,3.));
#7754=CARTESIAN_POINT('',(-3.25000074505805,-21.2499996572733,3.));
#7755=CARTESIAN_POINT('',(-3.25000074505805,-15.2499996572733,3.));
#7756=CARTESIAN_POINT('',(-3.25000074505805,-21.2499996572733,6.5));
#7757=CARTESIAN_POINT('',(-3.25000074505805,-15.2499996572733,6.5));
#7758=CARTESIAN_POINT('',(-3.25000074505805,-21.2499996572733,3.));
#7759=CARTESIAN_POINT('Origin',(-9.25000074505805,-21.2499996572733,3.));
#7760=CARTESIAN_POINT('',(-9.25000074505805,-21.2499996572733,3.));
#7761=CARTESIAN_POINT('',(-3.25000074505805,-21.2499996572733,3.));
#7762=CARTESIAN_POINT('',(-9.25000074505805,-21.2499996572733,6.5));
#7763=CARTESIAN_POINT('',(-3.25000074505805,-21.2499996572733,6.5));
#7764=CARTESIAN_POINT('',(-9.25000074505805,-21.2499996572733,3.));
#7765=CARTESIAN_POINT('Origin',(-9.25000074505805,-15.2499996572733,3.));
#7766=CARTESIAN_POINT('',(-9.25000074505805,-21.2499996572733,3.));
#7767=CARTESIAN_POINT('',(-9.25000074505805,-21.2499996572733,6.5));
#7768=CARTESIAN_POINT('Origin',(-6.25000074505805,-18.2499996572733,3.));
#7769=CARTESIAN_POINT('Origin',(-6.25000074505805,-18.2499996572733,6.5));
#7770=CARTESIAN_POINT('',(-4.25000193552113,-18.2500008668285,6.5));
#7771=CARTESIAN_POINT('Origin',(-6.25000193552113,-18.2500008668285,6.5));
#7772=CARTESIAN_POINT('Origin',(-6.25000193552113,-18.2500008668285,8.));
#7773=CARTESIAN_POINT('',(-4.25000193552113,-18.2500008668285,9.5));
#7774=CARTESIAN_POINT('Origin',(-6.25000193552113,-18.2500008668285,9.5));
#7775=CARTESIAN_POINT('',(-4.25000193552113,-18.2500008668285,8.));
#7776=CARTESIAN_POINT('Origin',(-6.25000193552113,-18.2500008668285,9.5));
#7777=CARTESIAN_POINT('Origin',(-14.7500007450581,-15.2499996572733,3.));
#7778=CARTESIAN_POINT('',(-20.750000745058,-15.2499996572733,3.));
#7779=CARTESIAN_POINT('',(-14.7500007450581,-15.2499996572733,3.));
#7780=CARTESIAN_POINT('',(-20.750000745058,-15.2499996572733,3.));
#7781=CARTESIAN_POINT('',(-20.750000745058,-15.2499996572733,6.5));
#7782=CARTESIAN_POINT('',(-20.750000745058,-15.2499996572733,3.));
#7783=CARTESIAN_POINT('',(-14.7500007450581,-15.2499996572733,6.5));
#7784=CARTESIAN_POINT('',(-20.750000745058,-15.2499996572733,6.5));
#7785=CARTESIAN_POINT('',(-14.7500007450581,-15.2499996572733,3.));
#7786=CARTESIAN_POINT('Origin',(-14.7500007450581,-21.2499996572733,3.));
#7787=CARTESIAN_POINT('',(-14.7500007450581,-21.2499996572733,3.));
#7788=CARTESIAN_POINT('',(-14.7500007450581,-15.2499996572733,3.));
#7789=CARTESIAN_POINT('',(-14.7500007450581,-21.2499996572733,6.5));
#7790=CARTESIAN_POINT('',(-14.7500007450581,-15.2499996572733,6.5));
#7791=CARTESIAN_POINT('',(-14.7500007450581,-21.2499996572733,3.));
#7792=CARTESIAN_POINT('Origin',(-20.750000745058,-21.2499996572733,3.));
#7793=CARTESIAN_POINT('',(-20.750000745058,-21.2499996572733,3.));
#7794=CARTESIAN_POINT('',(-14.7500007450581,-21.2499996572733,3.));
#7795=CARTESIAN_POINT('',(-20.750000745058,-21.2499996572733,6.5));
#7796=CARTESIAN_POINT('',(-14.7500007450581,-21.2499996572733,6.5));
#7797=CARTESIAN_POINT('',(-20.750000745058,-21.2499996572733,3.));
#7798=CARTESIAN_POINT('Origin',(-20.750000745058,-15.2499996572733,3.));
#7799=CARTESIAN_POINT('',(-20.750000745058,-21.2499996572733,3.));
#7800=CARTESIAN_POINT('',(-20.750000745058,-21.2499996572733,6.5));
#7801=CARTESIAN_POINT('Origin',(-17.750000745058,-18.2499996572733,3.));
#7802=CARTESIAN_POINT('Origin',(-17.750000745058,-18.2499996572733,6.5));
#7803=CARTESIAN_POINT('',(-15.7500019355211,-18.2500008668285,6.5));
#7804=CARTESIAN_POINT('Origin',(-17.7500019355211,-18.2500008668285,6.5));
#7805=CARTESIAN_POINT('Origin',(-17.7500019355211,-18.2500008668285,8.));
#7806=CARTESIAN_POINT('',(-15.7500019355211,-18.2500008668285,9.5));
#7807=CARTESIAN_POINT('Origin',(-17.7500019355211,-18.2500008668285,9.5));
#7808=CARTESIAN_POINT('',(-15.7500019355211,-18.2500008668285,8.));
#7809=CARTESIAN_POINT('Origin',(-17.7500019355211,-18.2500008668285,9.5));
#7810=CARTESIAN_POINT('Origin',(-29.2500019355211,-18.2500008668285,9.5));
#7811=CARTESIAN_POINT('',(-27.2500019355211,-18.2500008668285,9.5));
#7812=CARTESIAN_POINT('Origin',(-29.2500019355211,-18.2500008668285,9.5));
#7813=CARTESIAN_POINT('Origin',(-29.2500019355211,-18.2500008668285,6.5));
#7814=CARTESIAN_POINT('',(-27.2500019355211,-18.2500008668285,6.5));
#7815=CARTESIAN_POINT('',(-27.2500019355211,-18.2500008668285,6.5));
#7816=CARTESIAN_POINT('Origin',(-29.2500019355211,-18.2500008668285,6.5));
#7817=CARTESIAN_POINT('Origin',(-26.2500007450581,-15.2499996572733,3.));
#7818=CARTESIAN_POINT('',(-32.250000745058,-15.2499996572733,3.));
#7819=CARTESIAN_POINT('',(-26.2500007450581,-15.2499996572733,3.));
#7820=CARTESIAN_POINT('',(-32.250000745058,-15.2499996572733,3.));
#7821=CARTESIAN_POINT('',(-32.250000745058,-15.2499996572733,6.5));
#7822=CARTESIAN_POINT('',(-32.250000745058,-15.2499996572733,3.));
#7823=CARTESIAN_POINT('',(-26.2500007450581,-15.2499996572733,6.5));
#7824=CARTESIAN_POINT('',(-32.250000745058,-15.2499996572733,6.5));
#7825=CARTESIAN_POINT('',(-26.2500007450581,-15.2499996572733,3.));
#7826=CARTESIAN_POINT('Origin',(-26.2500007450581,-21.2499996572733,3.));
#7827=CARTESIAN_POINT('',(-26.2500007450581,-21.2499996572733,3.));
#7828=CARTESIAN_POINT('',(-26.2500007450581,-15.2499996572733,3.));
#7829=CARTESIAN_POINT('',(-26.2500007450581,-21.2499996572733,6.5));
#7830=CARTESIAN_POINT('',(-26.2500007450581,-15.2499996572733,6.5));
#7831=CARTESIAN_POINT('',(-26.2500007450581,-21.2499996572733,3.));
#7832=CARTESIAN_POINT('Origin',(-32.250000745058,-21.2499996572733,3.));
#7833=CARTESIAN_POINT('',(-32.250000745058,-21.2499996572733,3.));
#7834=CARTESIAN_POINT('',(-26.2500007450581,-21.2499996572733,3.));
#7835=CARTESIAN_POINT('',(-32.250000745058,-21.2499996572733,6.5));
#7836=CARTESIAN_POINT('',(-26.2500007450581,-21.2499996572733,6.5));
#7837=CARTESIAN_POINT('',(-32.250000745058,-21.2499996572733,3.));
#7838=CARTESIAN_POINT('Origin',(-32.250000745058,-15.2499996572733,3.));
#7839=CARTESIAN_POINT('',(-32.250000745058,-21.2499996572733,3.));
#7840=CARTESIAN_POINT('',(-32.250000745058,-21.2499996572733,6.5));
#7841=CARTESIAN_POINT('Origin',(-29.250000745058,-18.2499996572733,3.));
#7842=CARTESIAN_POINT('Origin',(-29.250000745058,-18.2499996572733,6.5));
#7843=CARTESIAN_POINT('Origin',(42.749999254942,-15.2499996572733,3.));
#7844=CARTESIAN_POINT('',(36.749999254942,-15.2499996572733,3.));
#7845=CARTESIAN_POINT('',(42.749999254942,-15.2499996572733,3.));
#7846=CARTESIAN_POINT('',(36.749999254942,-15.2499996572733,3.));
#7847=CARTESIAN_POINT('',(36.749999254942,-15.2499996572733,6.5));
#7848=CARTESIAN_POINT('',(36.749999254942,-15.2499996572733,3.));
#7849=CARTESIAN_POINT('',(42.749999254942,-15.2499996572733,6.5));
#7850=CARTESIAN_POINT('',(36.749999254942,-15.2499996572733,6.5));
#7851=CARTESIAN_POINT('',(42.749999254942,-15.2499996572733,3.));
#7852=CARTESIAN_POINT('Origin',(42.749999254942,-21.2499996572733,3.));
#7853=CARTESIAN_POINT('',(42.749999254942,-21.2499996572733,3.));
#7854=CARTESIAN_POINT('',(42.749999254942,-15.2499996572733,3.));
#7855=CARTESIAN_POINT('',(42.749999254942,-21.2499996572733,6.5));
#7856=CARTESIAN_POINT('',(42.749999254942,-15.2499996572733,6.5));
#7857=CARTESIAN_POINT('',(42.749999254942,-21.2499996572733,3.));
#7858=CARTESIAN_POINT('Origin',(36.749999254942,-21.2499996572733,3.));
#7859=CARTESIAN_POINT('',(36.749999254942,-21.2499996572733,3.));
#7860=CARTESIAN_POINT('',(42.749999254942,-21.2499996572733,3.));
#7861=CARTESIAN_POINT('',(36.749999254942,-21.2499996572733,6.5));
#7862=CARTESIAN_POINT('',(42.749999254942,-21.2499996572733,6.5));
#7863=CARTESIAN_POINT('',(36.749999254942,-21.2499996572733,3.));
#7864=CARTESIAN_POINT('Origin',(36.749999254942,-15.2499996572733,3.));
#7865=CARTESIAN_POINT('',(36.749999254942,-21.2499996572733,3.));
#7866=CARTESIAN_POINT('',(36.749999254942,-21.2499996572733,6.5));
#7867=CARTESIAN_POINT('Origin',(39.749999254942,-18.2499996572733,3.));
#7868=CARTESIAN_POINT('Origin',(39.749999254942,-18.2499996572733,6.5));
#7869=CARTESIAN_POINT('',(41.7499980644789,-18.2500008668285,6.5));
#7870=CARTESIAN_POINT('Origin',(39.7499980644789,-18.2500008668285,6.5));
#7871=CARTESIAN_POINT('Origin',(39.7499980644789,-18.2500008668285,8.));
#7872=CARTESIAN_POINT('',(41.7499980644789,-18.2500008668285,9.5));
#7873=CARTESIAN_POINT('Origin',(39.7499980644789,-18.2500008668285,9.5));
#7874=CARTESIAN_POINT('',(41.7499980644789,-18.2500008668285,8.));
#7875=CARTESIAN_POINT('Origin',(39.7499980644789,-18.2500008668285,9.5));
#7876=CARTESIAN_POINT('Origin',(-7.99999925494195,17.9095954028123,0.727556652702522));
#7877=CARTESIAN_POINT('',(57.0000007450581,8.90959540281233,0.727556652702521));
#7878=CARTESIAN_POINT('Origin',(57.0000007450581,17.9095954028123,0.727556652702522));
#7879=CARTESIAN_POINT('',(-7.99999925494195,8.90959540281233,0.727556652702521));
#7880=CARTESIAN_POINT('',(-7.99999925494195,8.90959540281233,0.727556652702521));
#7881=CARTESIAN_POINT('Origin',(-7.99999925494195,17.9095954028123,0.727556652702522));
#7882=CARTESIAN_POINT('Origin',(57.0000007450581,17.9095954028123,0.727556652702521));
#7883=CARTESIAN_POINT('Origin',(-7.99999925494195,17.9095954028123,0.727556652702521));
#7884=CARTESIAN_POINT('Origin',(-46.5000007748604,27.4999993853271,-1.11022302462516E-15));
#7885=CARTESIAN_POINT('',(-46.5000007748604,28.4000004470348,4.04999845213915));
#7886=CARTESIAN_POINT('',(-46.5000007748604,28.4000004470348,-4.04999845213915));
#7887=CARTESIAN_POINT('',(-46.5000007748604,28.4000004470348,0.354537502084231));
#7888=CARTESIAN_POINT('',(-46.5000007748604,28.5999993607402,3.44999990053475));
#7889=CARTESIAN_POINT('Origin',(-46.5000007748604,27.5999993607402,3.44999990053475));
#7890=CARTESIAN_POINT('',(-46.5000007748604,28.5999993607402,-3.44999990053475));
#7891=CARTESIAN_POINT('',(-46.5000007748604,28.5999993607402,-3.44999990053475));
#7892=CARTESIAN_POINT('Origin',(-46.5000007748604,27.5999993607402,-3.44999990053474));
#7893=CARTESIAN_POINT('Origin',(-52.0000007748604,27.5999993607402,-3.44999990053474));
#7894=CARTESIAN_POINT('',(-50.5000007748604,28.4000004470348,-4.04999845213915));
#7895=CARTESIAN_POINT('',(-52.0000007748604,28.4000004470348,-4.04999845213915));
#7896=CARTESIAN_POINT('',(-50.5000007748604,28.5999993607402,-3.44999990053475));
#7897=CARTESIAN_POINT('',(-52.0000007748604,28.5999993607402,-3.44999990053475));
#7898=CARTESIAN_POINT('Origin',(-50.5000007748604,27.5999993607402,-3.44999990053474));
#7899=CARTESIAN_POINT('Origin',(-52.0000007748604,28.5999993607402,-3.44999990053475));
#7900=CARTESIAN_POINT('',(-50.5000007748604,28.5999993607402,3.44999990053475));
#7901=CARTESIAN_POINT('',(-50.5000007748604,28.5999993607402,-1.72598278695946));
#7902=CARTESIAN_POINT('',(-52.0000007748604,28.5999993607402,3.44999990053475));
#7903=CARTESIAN_POINT('Origin',(-52.0000007748604,27.5999993607402,3.44999990053475));
#7904=CARTESIAN_POINT('',(-50.5000007748604,28.4000004470348,4.04999845213915));
#7905=CARTESIAN_POINT('',(-52.0000007748604,28.4000004470348,4.04999845213915));
#7906=CARTESIAN_POINT('Origin',(-50.5000007748604,27.5999993607402,3.44999990053475));
#7907=CARTESIAN_POINT('Origin',(-36.0270635634376,28.4000004470348,0.709075004168462));
#7908=CARTESIAN_POINT('',(-50.5000007748604,28.4000004470348,-4.17557228449368));
#7909=CARTESIAN_POINT('',(-50.5000007748604,28.4000004470348,0.353554665392151));
#7910=CARTESIAN_POINT('',(-51.0270635634376,28.4000004470348,-4.17557228449368));
#7911=CARTESIAN_POINT('',(-52.0000007748604,28.4000004470348,-4.17557228449368));
#7912=CARTESIAN_POINT('',(-51.0270635634376,28.4000004470348,-7.79092499583154));
#7913=CARTESIAN_POINT('',(-51.0270635634376,28.4000004470348,-7.79092499583154));
#7914=CARTESIAN_POINT('',(-21.0270635634376,28.4000004470348,-7.79092499583154));
#7915=CARTESIAN_POINT('',(-21.0270635634376,28.4000004470348,-7.79092499583154));
#7916=CARTESIAN_POINT('',(-21.0270635634376,28.4000004470348,9.20907500416846));
#7917=CARTESIAN_POINT('',(-21.0270635634376,28.4000004470348,9.20907500416846));
#7918=CARTESIAN_POINT('',(-51.0270635634376,28.4000004470348,9.20907500416846));
#7919=CARTESIAN_POINT('',(-51.0270635634376,28.4000004470348,9.20907500416846));
#7920=CARTESIAN_POINT('',(-51.0270635634376,28.4000004470348,4.17164093772746));
#7921=CARTESIAN_POINT('',(-51.0270635634376,28.4000004470348,-7.79092499583154));
#7922=CARTESIAN_POINT('',(-50.5000007748604,28.4000004470348,4.17164093772746));
#7923=CARTESIAN_POINT('',(-52.0000007748604,28.4000004470348,4.17164093772746));
#7924=CARTESIAN_POINT('',(-50.5000007748604,28.4000004470348,0.353554665392151));
#7925=CARTESIAN_POINT('Origin',(-50.5000007748604,27.5109103757568,-0.00196567338416054));
#7926=CARTESIAN_POINT('',(-50.5000007748604,28.6609103757381,3.49803432664096));
#7927=CARTESIAN_POINT('Origin',(-50.5000007748604,27.6609103757596,3.49803432664096));
#7928=CARTESIAN_POINT('',(-50.5000007748604,28.6609103757448,-3.50196567339316));
#7929=CARTESIAN_POINT('',(-50.5000007748604,28.6609103757448,-3.50196567339316));
#7930=CARTESIAN_POINT('Origin',(-50.5000007748604,27.6609103757468,-3.50196567339229));
#7931=CARTESIAN_POINT('Origin',(-52.0000007748604,27.6609103757468,-3.50196567339229));
#7932=CARTESIAN_POINT('',(-51.0270635634376,28.6609103757448,-3.50196567339316));
#7933=CARTESIAN_POINT('',(-52.0000007748604,28.6609103757448,-3.50196567339316));
#7934=CARTESIAN_POINT('Origin',(-51.0270635634376,27.6609103757468,-3.50196567339229));
#7935=CARTESIAN_POINT('Origin',(-52.0000007748604,28.6609103757448,-3.50196567339316));
#7936=CARTESIAN_POINT('',(-51.0270635634376,28.6609103757381,3.49803432664096));
#7937=CARTESIAN_POINT('',(-51.0270635634376,28.6609103757449,2.85355466538766));
#7938=CARTESIAN_POINT('',(-52.0000007748604,28.6609103757381,3.49803432664096));
#7939=CARTESIAN_POINT('Origin',(-52.0000007748604,27.6609103757596,3.49803432664096));
#7940=CARTESIAN_POINT('Origin',(-51.0270635634376,27.6609103757596,3.49803432664096));
#7941=CARTESIAN_POINT('Origin',(-51.0270635634376,30.0000004470348,9.20907500416846));
#7942=CARTESIAN_POINT('',(-51.0270635634376,30.0000004470348,9.20907500416846));
#7943=CARTESIAN_POINT('',(-51.0270635634376,30.0000004470348,9.20907500416846));
#7944=CARTESIAN_POINT('',(-51.0270635634376,30.0000004470348,-7.79092499583154));
#7945=CARTESIAN_POINT('',(-51.0270635634376,30.0000004470348,-7.79092499583154));
#7946=CARTESIAN_POINT('',(-51.0270635634376,30.0000004470348,-7.79092499583154));
#7947=CARTESIAN_POINT('Origin',(-21.0270635634376,30.0000004470348,9.20907500416846));
#7948=CARTESIAN_POINT('',(-21.0270635634376,30.0000004470348,9.20907500416846));
#7949=CARTESIAN_POINT('',(-51.0270635634376,30.0000004470348,9.20907500416846));
#7950=CARTESIAN_POINT('',(-21.0270635634376,30.0000004470348,9.20907500416846));
#7951=CARTESIAN_POINT('Origin',(-21.0270635634376,30.0000004470348,-7.79092499583154));
#7952=CARTESIAN_POINT('',(-21.0270635634376,30.0000004470348,-7.79092499583154));
#7953=CARTESIAN_POINT('',(-21.0270635634376,30.0000004470348,9.20907500416846));
#7954=CARTESIAN_POINT('',(-21.0270635634376,30.0000004470348,-7.79092499583154));
#7955=CARTESIAN_POINT('Origin',(-51.0270635634376,30.0000004470348,-7.79092499583154));
#7956=CARTESIAN_POINT('',(-21.0270635634376,30.0000004470348,-7.79092499583154));
#7957=CARTESIAN_POINT('Origin',(-36.0270635634376,30.0000004470348,0.709075004168462));
#7958=CARTESIAN_POINT('Origin',(-52.0000007748604,27.6609103757468,-3.50196567339229));
#7959=CARTESIAN_POINT('',(-51.0000007599592,28.6609103757448,-3.50196567339316));
#7960=CARTESIAN_POINT('',(-51.0000007599592,27.6609103757467,-4.50196567339029));
#7961=CARTESIAN_POINT('Origin',(-51.0000007599592,27.6609103757468,-3.50196567339229));
#7962=CARTESIAN_POINT('',(-52.0000007748604,28.6609103757448,-3.50196567339316));
#7963=CARTESIAN_POINT('',(-52.0000007748604,28.6609103757448,-3.50196567339316));
#7964=CARTESIAN_POINT('',(-52.0000007748604,27.6609103757467,-4.50196567339029));
#7965=CARTESIAN_POINT('Origin',(-52.0000007748604,27.6609103757468,-3.50196567339229));
#7966=CARTESIAN_POINT('',(-52.0000007748604,27.6609103757467,-4.50196567339029));
#7967=CARTESIAN_POINT('Origin',(-52.0000007748604,27.3609103757786,-4.50196567339215));
#7968=CARTESIAN_POINT('',(-51.0000007599592,27.3609103757786,-4.50196567339215));
#7969=CARTESIAN_POINT('',(-51.0000007599592,1.18045500162116,-4.5019656733502));
#7970=CARTESIAN_POINT('',(-52.0000007748604,27.3609103757786,-4.50196567339215));
#7971=CARTESIAN_POINT('',(-52.0000007748604,29.1804554188537,-4.50196567339507));
#7972=CARTESIAN_POINT('',(-52.0000007748604,27.3609103757786,-4.50196567339215));
#7973=CARTESIAN_POINT('Origin',(-52.0000007748604,27.3609103757786,-3.50196567338238));
#7974=CARTESIAN_POINT('',(-51.0000007599592,26.3609103757688,-3.50196567335647));
#7975=CARTESIAN_POINT('Origin',(-51.0000007599592,27.3609103757786,-3.50196567338238));
#7976=CARTESIAN_POINT('',(-52.0000007748604,26.3609103757688,-3.50196567335647));
#7977=CARTESIAN_POINT('Origin',(-52.0000007748604,27.3609103757786,-3.50196567338238));
#7978=CARTESIAN_POINT('',(-52.0000007748604,26.3609103757688,-3.50196567335647));
#7979=CARTESIAN_POINT('Origin',(-52.0000007748604,26.360910375952,3.49803432664918));
#7980=CARTESIAN_POINT('',(-51.0000007599592,26.3609103759003,1.49999996647239));
#7981=CARTESIAN_POINT('',(-51.0000007599592,26.3609103759067,1.74901716265926));
#7982=CARTESIAN_POINT('',(-52.0000007748604,26.3609103759003,1.49999996647239));
#7983=CARTESIAN_POINT('',(-52.0000007748604,26.3609103759067,1.74901716338469));
#7984=CARTESIAN_POINT('',(-23.7500003539026,26.3609103759003,1.49999996647239));
#7985=CARTESIAN_POINT('Origin',(-52.0000007748604,28.6609103757448,-3.50196567339316));
#7986=CARTESIAN_POINT('',(-51.0000007599592,28.6609103757449,1.49999996647239));
#7987=CARTESIAN_POINT('',(-51.0000007599592,28.6609103757449,-1.75098283669678));
#7988=CARTESIAN_POINT('',(-52.0000007748604,28.6609103757449,1.49999996647239));
#7989=CARTESIAN_POINT('',(-23.7500003539026,28.6609103757449,1.49999996647239));
#7990=CARTESIAN_POINT('',(-52.0000007748604,28.6609103757449,-1.75098283669657));
#7991=CARTESIAN_POINT('Origin',(-51.0000007599592,-25.000000372529,0.));
#7992=CARTESIAN_POINT('',(-51.0000007599592,-25.000000372529,1.49999996647239));
#7993=CARTESIAN_POINT('',(-51.0000007599592,-11.2500001676381,1.49999996647239));
#7994=CARTESIAN_POINT('',(-51.0000007599592,-25.000000372529,-1.00000001490116));
#7995=CARTESIAN_POINT('',(-51.0000007599592,-25.000000372529,0.));
#7996=CARTESIAN_POINT('',(-51.0000007599592,-6.71478901248388,-1.00000001490116));
#7997=CARTESIAN_POINT('',(-51.0000007599592,-25.5000003799796,-1.00000001490116));
#7998=CARTESIAN_POINT('',(-51.0000007599592,8.04156553725734,-7.5));
#7999=CARTESIAN_POINT('Origin',(-51.0000007599592,-6.71478901248388,-21.0000000149012));
#8000=CARTESIAN_POINT('',(-51.0000007599592,30.0000004470348,-7.5));
#8001=CARTESIAN_POINT('',(-51.0000007599592,-11.2500001676381,-7.5));
#8002=CARTESIAN_POINT('',(-51.0000007599592,30.0000004470348,1.49999996647239));
#8003=CARTESIAN_POINT('',(-51.0000007599592,30.0000004470348,0.));
#8004=CARTESIAN_POINT('',(-51.0000007599592,-11.2500001676381,1.49999996647239));
#8005=CARTESIAN_POINT('Origin',(32.750000488013,-6.71478901248388,-21.0000000149012));
#8006=CARTESIAN_POINT('',(60.0000008940697,-6.71478901248388,-1.00000001490116));
#8007=CARTESIAN_POINT('',(32.750000488013,-6.71478901248388,-1.00000001490116));
#8008=CARTESIAN_POINT('',(60.0000008940697,8.04156553725734,-7.5));
#8009=CARTESIAN_POINT('Origin',(60.0000008940697,-6.71478901248388,-21.0000000149012));
#8010=CARTESIAN_POINT('',(32.750000488013,8.04156553725734,-7.5));
#8011=CARTESIAN_POINT('Origin',(57.0000007450581,17.9095954028123,0.727556652702521));
#8012=CARTESIAN_POINT('',(57.0000007450581,21.5575141966687,-7.5));
#8013=CARTESIAN_POINT('',(57.0000007450581,14.261676608956,-7.5));
#8014=CARTESIAN_POINT('',(57.0000007450581,10.2047977200326,-7.5));
#8015=CARTESIAN_POINT('Origin',(57.0000007450581,17.9095954028123,0.727556652702522));
#8016=CARTESIAN_POINT('Origin',(-7.99999925494195,17.9095954028123,0.727556652702522));
#8017=CARTESIAN_POINT('',(-7.99999925494195,21.5575141966687,-7.5));
#8018=CARTESIAN_POINT('',(-7.99999925494195,21.5575141966687,-7.5));
#8019=CARTESIAN_POINT('',(-7.99999925494195,14.261676608956,-7.5));
#8020=CARTESIAN_POINT('Origin',(-7.99999925494195,17.9095954028123,0.727556652702522));
#8021=CARTESIAN_POINT('',(-7.99999925494195,14.261676608956,-7.5));
#8022=CARTESIAN_POINT('Origin',(-7.99999925494195,17.9095954028123,0.727556652702521));
#8023=CARTESIAN_POINT('',(-7.99999925494195,10.2047977200326,-7.5));
#8024=CARTESIAN_POINT('Origin',(-46.0000006854534,-10.0000001490116,-2.00000001490116));
#8025=CARTESIAN_POINT('',(-49.0000007301569,-10.0000001490116,-2.00000001490116));
#8026=CARTESIAN_POINT('Origin',(-46.0000006854534,-10.0000001490116,-2.00000001490116));
#8027=CARTESIAN_POINT('',(-49.0000007301569,-10.0000001490116,-1.00000001490116));
#8028=CARTESIAN_POINT('',(-49.0000007301569,-10.0000001490116,-2.00000001490116));
#8029=CARTESIAN_POINT('Origin',(-46.0000006854534,-10.0000001490116,-1.00000001490116));
#8030=CARTESIAN_POINT('Origin',(-46.0000006854534,18.0000002682209,1.5));
#8031=CARTESIAN_POINT('',(-49.5000007376075,18.0000002682209,1.5));
#8032=CARTESIAN_POINT('Origin',(-46.0000006854534,18.0000002682209,1.5));
#8033=CARTESIAN_POINT('',(-47.5000007078052,18.0000002682209,1.5));
#8034=CARTESIAN_POINT('Origin',(-46.0000006854534,18.0000002682209,1.5));
#8035=CARTESIAN_POINT('Origin',(4.50000006705523,-9.50000014156103,-1.00000001490116));
#8036=CARTESIAN_POINT('',(60.0000008940697,-25.000000372529,-1.00000001490116));
#8037=CARTESIAN_POINT('',(60.5000009015203,-25.000000372529,-1.00000001490116));
#8038=CARTESIAN_POINT('',(60.0000008940697,2.00000002980232,-1.00000001490116));
#8039=CARTESIAN_POINT('',(43.0000006407499,-10.0000001490116,-1.00000001490116));
#8040=CARTESIAN_POINT('Origin',(46.0000006854534,-10.0000001490116,-1.00000001490116));
#8041=CARTESIAN_POINT('Origin',(4.50000006705523,2.5000000372529,1.49999996647239));
#8042=CARTESIAN_POINT('',(60.0000008940697,30.0000004470348,1.49999996647239));
#8043=CARTESIAN_POINT('',(-23.250000346452,30.0000004470348,1.49999996647239));
#8044=CARTESIAN_POINT('',(60.0000008940697,-25.000000372529,1.49999996647239));
#8045=CARTESIAN_POINT('',(60.0000008940697,16.2500002421439,1.49999996647239));
#8046=CARTESIAN_POINT('',(32.2500004805624,-25.000000372529,1.49999996647239));
#8047=CARTESIAN_POINT('',(-52.0000007748604,-26.0000003874302,1.49999996647239));
#8048=CARTESIAN_POINT('',(-52.0000007748604,16.7500002495944,1.49999996647239));
#8049=CARTESIAN_POINT('',(61.0000009089708,-26.0000003874302,1.49999996647239));
#8050=CARTESIAN_POINT('',(-23.7500003539026,-26.0000003874302,1.49999996647239));
#8051=CARTESIAN_POINT('',(61.0000009089708,31.000000461936,1.49999996647239));
#8052=CARTESIAN_POINT('',(61.0000009089708,-11.7500001750886,1.49999996647239));
#8053=CARTESIAN_POINT('',(-52.0000007748604,31.000000461936,1.49999996647239));
#8054=CARTESIAN_POINT('',(32.750000488013,31.000000461936,1.49999996647239));
#8055=CARTESIAN_POINT('',(-52.0000007748604,16.7500002495944,1.49999996647239));
#8056=CARTESIAN_POINT('Origin',(61.0000009089708,31.000000461936,0.));
#8057=CARTESIAN_POINT('',(61.0000009089708,31.000000461936,-5.5));
#8058=CARTESIAN_POINT('',(61.0000009089708,31.000000461936,0.));
#8059=CARTESIAN_POINT('',(-52.0000007748604,31.000000461936,-5.5));
#8060=CARTESIAN_POINT('',(32.750000488013,31.000000461936,-5.5));
#8061=CARTESIAN_POINT('',(-52.0000007748604,31.000000461936,0.));
#8062=CARTESIAN_POINT('Origin',(61.0000009089708,-26.0000003874302,0.));
#8063=CARTESIAN_POINT('',(61.0000009089708,-26.0000003874302,1.24999998509884));
#8064=CARTESIAN_POINT('',(61.0000009089708,-26.0000003874302,0.));
#8065=CARTESIAN_POINT('',(61.0000009089708,-22.7500003874302,-2.00000001490116));
#8066=CARTESIAN_POINT('Origin',(61.0000009089708,-22.7500003874302,1.24999998509884));
#8067=CARTESIAN_POINT('',(61.0000009089708,-4.39188702332183,-2.00000001490116));
#8068=CARTESIAN_POINT('',(61.0000009089708,-26.0000003874302,-2.00000001490116));
#8069=CARTESIAN_POINT('',(61.0000009089708,7.86166976171046,-7.45009747614595));
#8070=CARTESIAN_POINT('Ctrl Pts',(61.0000009089708,7.86166976171046,-7.45009747614595));
#8071=CARTESIAN_POINT('Ctrl Pts',(61.0000009089708,6.09999197496735,-5.49652198341417));
#8072=CARTESIAN_POINT('Ctrl Pts',(61.0000009089708,3.8631584278959,-3.97449753875924));
#8073=CARTESIAN_POINT('Ctrl Pts',(61.0000009089708,1.40101076200259,-3.05020814317509));
#8074=CARTESIAN_POINT('Ctrl Pts',(61.0000009089708,-0.445599987417387,-2.35699109648697));
#8075=CARTESIAN_POINT('Ctrl Pts',(61.0000009089708,-2.41894992867467,-2.00000001490117));
#8076=CARTESIAN_POINT('Ctrl Pts',(61.0000009089708,-4.39188702332183,-2.00000001490117));
#8077=CARTESIAN_POINT('',(61.0000009089708,11.0000001043081,-8.5));
#8078=CARTESIAN_POINT('Ctrl Pts',(61.0000009089708,11.0000001043081,-8.5));
#8079=CARTESIAN_POINT('Ctrl Pts',(61.0000009089708,9.46394863797998,-8.5));
#8080=CARTESIAN_POINT('Ctrl Pts',(61.0000009089708,8.49437584982479,-8.15172357210451));
#8081=CARTESIAN_POINT('Ctrl Pts',(61.0000009089708,7.86166976170547,-7.45009747614041));
#8082=CARTESIAN_POINT('',(61.0000009089708,28.000000461936,-8.5));
#8083=CARTESIAN_POINT('',(61.0000009089708,31.000000461936,-8.5));
#8084=CARTESIAN_POINT('Origin',(61.0000009089708,28.000000461936,-5.5));
#8085=CARTESIAN_POINT('Origin',(60.0000008940697,30.0000004470348,0.));
#8086=CARTESIAN_POINT('',(60.0000008940697,30.0000004470348,-7.5));
#8087=CARTESIAN_POINT('',(60.0000008940697,30.0000004470348,0.));
#8088=CARTESIAN_POINT('',(60.0000008940697,16.2500002421439,-7.5));
#8089=CARTESIAN_POINT('',(60.0000008940697,-25.000000372529,0.));
#8090=CARTESIAN_POINT('Origin',(-51.0000007599592,30.0000004470348,0.));
#8091=CARTESIAN_POINT('',(-23.250000346452,30.0000004470348,-7.5));
#8092=CARTESIAN_POINT('Origin',(-52.0000007748604,-26.0000003874302,0.));
#8093=CARTESIAN_POINT('',(-52.0000007748604,-26.0000003874302,1.24999998509884));
#8094=CARTESIAN_POINT('',(-52.0000007748604,-26.0000003874302,-1.00000001490116));
#8095=CARTESIAN_POINT('',(-23.7500003539026,-26.0000003874302,1.24999998509884));
#8096=CARTESIAN_POINT('Origin',(46.0000006854534,-10.0000001490116,-8.5));
#8097=CARTESIAN_POINT('',(43.0000006407499,-10.0000001490116,-2.00000001490116));
#8098=CARTESIAN_POINT('Origin',(46.0000006854534,-10.0000001490116,-2.00000001490116));
#8099=CARTESIAN_POINT('',(43.0000006407499,-10.0000001490116,-8.5));
#8100=CARTESIAN_POINT('Origin',(-46.0000006854534,18.0000002682209,-8.5));
#8101=CARTESIAN_POINT('',(-47.5000007078052,18.0000002682209,-5.5));
#8102=CARTESIAN_POINT('Origin',(-46.0000006854534,18.0000002682209,-5.5));
#8103=CARTESIAN_POINT('',(-47.5000007078052,18.0000002682209,-8.5));
#8104=CARTESIAN_POINT('Origin',(-46.0000006854534,18.0000002682209,-8.5));
#8105=CARTESIAN_POINT('',(-49.0000007301569,18.0000002682209,-8.5));
#8106=CARTESIAN_POINT('Origin',(-46.0000006854534,18.0000002682209,-8.5));
#8107=CARTESIAN_POINT('',(-49.0000007301569,18.0000002682209,-5.5));
#8108=CARTESIAN_POINT('',(-49.0000007301569,18.0000002682209,-8.5));
#8109=CARTESIAN_POINT('Origin',(-46.0000006854534,18.0000002682209,-5.5));
#8110=CARTESIAN_POINT('Origin',(-46.0000006854534,18.0000002682209,-5.5));
#8111=CARTESIAN_POINT('Origin',(-46.0000006854534,18.0000002682209,-8.5));
#8112=CARTESIAN_POINT('',(-49.5000007376075,18.0000002682209,-7.5));
#8113=CARTESIAN_POINT('',(-49.5000007376075,18.0000002682209,-8.5));
#8114=CARTESIAN_POINT('Origin',(-46.0000006854534,18.0000002682209,-7.5));
#8115=CARTESIAN_POINT('Origin',(-52.0000007748604,31.000000461936,0.));
#8116=CARTESIAN_POINT('',(-52.0000007748604,28.000000461936,-8.5));
#8117=CARTESIAN_POINT('Origin',(-52.0000007748604,28.000000461936,-5.5));
#8118=CARTESIAN_POINT('',(-52.0000007748604,11.0000001043081,-8.5));
#8119=CARTESIAN_POINT('',(-52.0000007748604,-26.0000003874302,-8.5));
#8120=CARTESIAN_POINT('',(-52.0000007748604,7.86166976171046,-7.45009747614595));
#8121=CARTESIAN_POINT('Ctrl Pts',(-52.0000007748604,7.86166976171046,-7.45009747614594));
#8122=CARTESIAN_POINT('Ctrl Pts',(-52.0000007748604,8.49437584982988,-8.15172357210634));
#8123=CARTESIAN_POINT('Ctrl Pts',(-52.0000007748604,9.46394863798402,-8.5));
#8124=CARTESIAN_POINT('Ctrl Pts',(-52.0000007748604,11.0000001043081,-8.5));
#8125=CARTESIAN_POINT('',(-52.0000007748604,-4.39188702332184,-2.00000001490116));
#8126=CARTESIAN_POINT('Ctrl Pts',(-52.0000007748604,-4.39188702332184,-2.00000001490116));
#8127=CARTESIAN_POINT('Ctrl Pts',(-52.0000007748604,-2.41894992867467,-2.00000001490116));
#8128=CARTESIAN_POINT('Ctrl Pts',(-52.0000007748604,-0.445599987417388,
-2.35699109648697));
#8129=CARTESIAN_POINT('Ctrl Pts',(-52.0000007748604,1.40101076200259,-3.05020814317508));
#8130=CARTESIAN_POINT('Ctrl Pts',(-52.0000007748604,3.8631584278959,-3.97449753875924));
#8131=CARTESIAN_POINT('Ctrl Pts',(-52.0000007748604,6.09999197496734,-5.49652198341417));
#8132=CARTESIAN_POINT('Ctrl Pts',(-52.0000007748604,7.86166976171046,-7.45009747614595));
#8133=CARTESIAN_POINT('',(-52.0000007748604,-22.7500003874302,-2.00000001490116));
#8134=CARTESIAN_POINT('',(-52.0000007748604,8.04156553725734,-2.00000001490116));
#8135=CARTESIAN_POINT('Origin',(-52.0000007748604,-22.7500003874302,1.24999998509884));
#8136=CARTESIAN_POINT('Origin',(32.750000488013,28.000000461936,-5.5));
#8137=CARTESIAN_POINT('',(32.750000488013,28.000000461936,-8.5));
#8138=CARTESIAN_POINT('Origin',(-23.7500003539026,-22.7500003874302,1.24999998509884));
#8139=CARTESIAN_POINT('',(-23.7500003539026,-22.7500003874302,-2.00000001490116));
#8140=CARTESIAN_POINT('Origin',(4.50000006705523,-9.50000014156103,-2.00000001490116));
#8141=CARTESIAN_POINT('Ctrl Pts',(61.0000009089708,-4.39188702332183,-2.00000001490117));
#8142=CARTESIAN_POINT('Ctrl Pts',(23.3333336810271,-4.39188702332183,-2.00000001490117));
#8143=CARTESIAN_POINT('Ctrl Pts',(-14.3333335469167,-4.39188702332184,-2.00000001490116));
#8144=CARTESIAN_POINT('Ctrl Pts',(-52.0000007748604,-4.39188702332184,-2.00000001490116));
#8145=CARTESIAN_POINT('Ctrl Pts',(61.0000009089708,7.86166976171046,-7.45009747614595));
#8146=CARTESIAN_POINT('Ctrl Pts',(23.3333336810271,7.86166976171046,-7.45009747614595));
#8147=CARTESIAN_POINT('Ctrl Pts',(-14.3333335469167,7.86166976171046,-7.45009747614595));
#8148=CARTESIAN_POINT('Ctrl Pts',(-52.0000007748604,7.86166976171046,-7.45009747614595));
#8149=CARTESIAN_POINT('Ctrl Pts',(61.0000009089708,6.09999197496735,-5.49652198341417));
#8150=CARTESIAN_POINT('Ctrl Pts',(23.3333336810271,6.09999197496735,-5.49652198341417));
#8151=CARTESIAN_POINT('Ctrl Pts',(-14.3333335469167,6.09999197496734,-5.49652198341417));
#8152=CARTESIAN_POINT('Ctrl Pts',(-52.0000007748604,6.09999197496734,-5.49652198341417));
#8153=CARTESIAN_POINT('Ctrl Pts',(61.0000009089708,2.18553326759232,-2.83297920526805));
#8154=CARTESIAN_POINT('Ctrl Pts',(23.333333681027,2.18553326759232,-2.83297920526805));
#8155=CARTESIAN_POINT('Ctrl Pts',(-14.3333335469166,2.18553326759232,-2.83297920526804));
#8156=CARTESIAN_POINT('Ctrl Pts',(-52.0000007748604,2.18553326759232,-2.83297920526804));
#8157=CARTESIAN_POINT('Ctrl Pts',(61.0000009089708,-2.41894992867467,-2.00000001490117));
#8158=CARTESIAN_POINT('Ctrl Pts',(23.3333336810271,-2.41894992867467,-2.00000001490117));
#8159=CARTESIAN_POINT('Ctrl Pts',(-14.3333335469167,-2.41894992867467,-2.00000001490116));
#8160=CARTESIAN_POINT('Ctrl Pts',(-52.0000007748604,-2.41894992867467,-2.00000001490116));
#8161=CARTESIAN_POINT('Ctrl Pts',(61.0000009089708,-4.39188702332183,-2.00000001490117));
#8162=CARTESIAN_POINT('Ctrl Pts',(23.3333336810271,-4.39188702332183,-2.00000001490117));
#8163=CARTESIAN_POINT('Ctrl Pts',(-14.3333335469167,-4.39188702332184,-2.00000001490116));
#8164=CARTESIAN_POINT('Ctrl Pts',(-52.0000007748604,-4.39188702332184,-2.00000001490116));
#8165=CARTESIAN_POINT('Ctrl Pts',(-52.0000007748604,7.86166976171046,-7.45009747614595));
#8166=CARTESIAN_POINT('Ctrl Pts',(-14.3333335469167,7.86166976171046,-7.45009747614595));
#8167=CARTESIAN_POINT('Ctrl Pts',(23.3333336810271,7.86166976171046,-7.45009747614595));
#8168=CARTESIAN_POINT('Ctrl Pts',(61.0000009089708,7.86166976171046,-7.45009747614595));
#8169=CARTESIAN_POINT('Ctrl Pts',(61.0000009089709,11.0000001043081,-8.5));
#8170=CARTESIAN_POINT('Ctrl Pts',(23.3333336810271,11.0000001043081,-8.5));
#8171=CARTESIAN_POINT('Ctrl Pts',(-14.3333335469166,11.0000001043081,-8.5));
#8172=CARTESIAN_POINT('Ctrl Pts',(-52.0000007748604,11.0000001043081,-8.5));
#8173=CARTESIAN_POINT('Ctrl Pts',(61.0000009089709,9.46394863797998,-8.5));
#8174=CARTESIAN_POINT('Ctrl Pts',(23.3333336810271,9.46394863797998,-8.5));
#8175=CARTESIAN_POINT('Ctrl Pts',(-14.3333335469166,9.46394863797998,-8.5));
#8176=CARTESIAN_POINT('Ctrl Pts',(-52.0000007748604,9.46394863797998,-8.5));
#8177=CARTESIAN_POINT('Ctrl Pts',(61.0000009089709,8.49437584982479,-8.15172357210451));
#8178=CARTESIAN_POINT('Ctrl Pts',(23.3333336810271,8.49437584982479,-8.15172357210451));
#8179=CARTESIAN_POINT('Ctrl Pts',(-14.3333335469166,8.49437584982479,-8.15172357210451));
#8180=CARTESIAN_POINT('Ctrl Pts',(-52.0000007748604,8.49437584982479,-8.15172357210451));
#8181=CARTESIAN_POINT('Ctrl Pts',(61.0000009089709,7.86166976170547,-7.45009747614041));
#8182=CARTESIAN_POINT('Ctrl Pts',(23.3333336810271,7.86166976170547,-7.45009747614041));
#8183=CARTESIAN_POINT('Ctrl Pts',(-14.3333335469166,7.86166976170547,-7.45009747614041));
#8184=CARTESIAN_POINT('Ctrl Pts',(-52.0000007748604,7.86166976170547,-7.45009747614041));
#8185=CARTESIAN_POINT('Ctrl Pts',(-52.0000007748604,11.0000001043081,-8.5));
#8186=CARTESIAN_POINT('Ctrl Pts',(-14.3333335469166,11.0000001043081,-8.5));
#8187=CARTESIAN_POINT('Ctrl Pts',(23.3333336810271,11.0000001043081,-8.5));
#8188=CARTESIAN_POINT('Ctrl Pts',(61.0000009089709,11.0000001043081,-8.5));
#8189=CARTESIAN_POINT('Origin',(4.50000006705523,2.5000000372529,-7.5));
#8190=CARTESIAN_POINT('Origin',(60.0000008940697,-25.000000372529,0.));
#8191=CARTESIAN_POINT('Origin',(46.0000006854534,18.0000002682209,-8.5));
#8192=CARTESIAN_POINT('Origin',(-46.0000006854534,-10.0000001490116,-1.00000001490116));
#8193=CARTESIAN_POINT('',(-49.0000007301569,-10.0000001490116,-1.00000001490116));
#8194=CARTESIAN_POINT('Origin',(-46.0000006854534,-10.0000001490116,-1.00000001490116));
#8195=CARTESIAN_POINT('',(-47.5000010244558,-10.0000001490116,-1.00000001490116));
#8196=CARTESIAN_POINT('Origin',(-46.0000006854534,-10.0000001490116,-1.00000001490116));
#8197=CARTESIAN_POINT('Origin',(-46.0000006854534,-10.0000001490116,-2.00000001490116));
#8198=CARTESIAN_POINT('',(-48.9000006854534,-10.0000001490116,1.49999998509884));
#8199=CARTESIAN_POINT('Origin',(-46.0000006854534,-10.0000001490116,1.49999998509884));
#8200=CARTESIAN_POINT('',(-48.9000006854534,-10.0000001490116,-0.5));
#8201=CARTESIAN_POINT('',(-48.9000006854534,-10.0000001490116,-2.00000001490116));
#8202=CARTESIAN_POINT('Origin',(-46.0000006854534,-10.0000001490116,-0.5));
#8203=CARTESIAN_POINT('Origin',(-46.0000006854534,-10.0000001490116,1.49999998509884));
#8204=CARTESIAN_POINT('',(-47.5000010244558,-10.0000001490116,1.49999998509884));
#8205=CARTESIAN_POINT('Origin',(-46.0000006854534,-10.0000001490116,1.49999998509884));
#8206=CARTESIAN_POINT('Origin',(-46.0000006854534,-10.0000001490116,-2.00000001490116));
#8207=CARTESIAN_POINT('',(-47.5000010244558,-10.0000001490116,-2.00000001490116));
#8208=CARTESIAN_POINT('Origin',(-46.0000006854534,-10.0000001490116,-0.5));
#8209=CARTESIAN_POINT('',(-49.0000007301569,-10.0000001490116,-0.5));
#8210=CARTESIAN_POINT('Origin',(-46.0000006854534,-10.0000001490116,-0.5));
#8211=CARTESIAN_POINT('Origin',(-46.0000006854534,-10.0000001490116,-8.5));
#8212=CARTESIAN_POINT('',(-49.0000007301569,-10.0000001490116,-8.5));
#8213=CARTESIAN_POINT('Origin',(46.0000006854534,-10.0000001490116,0.));
#8214=CARTESIAN_POINT('',(44.5000006854534,-10.0000001490116,1.49999996647239));
#8215=CARTESIAN_POINT('Origin',(46.0000006854534,-10.0000001490116,1.49999996647239));
#8216=CARTESIAN_POINT('',(44.5000006631017,-10.0000001490116,-1.));
#8217=CARTESIAN_POINT('',(44.5000006854534,-10.0000001490116,0.));
#8218=CARTESIAN_POINT('Origin',(46.0000006854534,-10.0000001490116,-1.));
#8219=CARTESIAN_POINT('Origin',(46.0000006854534,-10.0000001490116,-8.5));
#8220=CARTESIAN_POINT('',(43.0000006407499,-10.0000001490116,1.5));
#8221=CARTESIAN_POINT('Origin',(46.0000006854534,-10.0000001490116,1.5));
#8222=CARTESIAN_POINT('',(43.0000006407499,-10.0000001490116,-1.00000001490116));
#8223=CARTESIAN_POINT('',(43.0000006407499,-10.0000001490116,-8.5));
#8224=CARTESIAN_POINT('Origin',(46.0000006854534,-10.0000001490116,-1.00000001490116));
#8225=CARTESIAN_POINT('Origin',(46.0000006854534,-10.0000001490116,-1.));
#8226=CARTESIAN_POINT('Origin',(4.50000006705523,2.5000000372529,1.49999996647239));
#8227=CARTESIAN_POINT('Origin',(-52.0000007748604,26.399999409914,3.44999990053475));
#8228=CARTESIAN_POINT('',(-51.0000007748604,26.399999409914,3.44999990053475));
#8229=CARTESIAN_POINT('',(-51.0000007748604,26.399999409914,-3.44999990053475));
#8230=CARTESIAN_POINT('',(-51.0000007748604,26.399999409914,1.72401711357529));
#8231=CARTESIAN_POINT('',(-46.5000007748604,26.399999409914,3.44999990053475));
#8232=CARTESIAN_POINT('',(-52.0000007748604,26.399999409914,3.44999990053475));
#8233=CARTESIAN_POINT('',(-46.5000007748604,26.399999409914,-3.44999990053475));
#8234=CARTESIAN_POINT('',(-46.5000007748604,26.399999409914,3.44999990053475));
#8235=CARTESIAN_POINT('',(-52.0000007748604,26.399999409914,-3.44999990053475));
#8236=CARTESIAN_POINT('Origin',(-52.0000007748604,27.399999409914,-3.44999990053475));
#8237=CARTESIAN_POINT('',(-51.0000007748604,27.399999409914,-4.44999990053475));
#8238=CARTESIAN_POINT('Origin',(-51.0000007748604,27.399999409914,-3.44999990053475));
#8239=CARTESIAN_POINT('',(-46.5000007748604,27.399999409914,-4.44999990053475));
#8240=CARTESIAN_POINT('Origin',(-46.5000007748604,27.399999409914,-3.44999990053475));
#8241=CARTESIAN_POINT('',(-52.0000007748604,27.399999409914,-4.44999990053475));
#8242=CARTESIAN_POINT('Origin',(-52.0000007748604,27.399999409914,-4.44999990053475));
#8243=CARTESIAN_POINT('',(-51.0000007748604,27.5999993607402,-4.44999990053475));
#8244=CARTESIAN_POINT('',(-51.0000007748604,27.4554548928355,-4.44999990053475));
#8245=CARTESIAN_POINT('',(-46.5000007748604,27.5999993607402,-4.44999990053475));
#8246=CARTESIAN_POINT('',(-46.5000007748604,27.399999409914,-4.44999990053475));
#8247=CARTESIAN_POINT('',(-52.0000007748604,27.5999993607402,-4.44999990053475));
#8248=CARTESIAN_POINT('Origin',(-52.0000007748604,27.5999993607402,-3.44999990053474));
#8249=CARTESIAN_POINT('',(-51.0000007748604,28.5999993607402,-3.44999990053475));
#8250=CARTESIAN_POINT('Origin',(-51.0000007748604,27.5999993607402,-3.44999990053474));
#8251=CARTESIAN_POINT('',(-46.5000007748604,28.5999993607402,-3.44999990053475));
#8252=CARTESIAN_POINT('Origin',(-46.5000007748604,27.5999993607402,-3.44999990053474));
#8253=CARTESIAN_POINT('',(-52.0000007748604,28.5999993607402,-3.44999990053475));
#8254=CARTESIAN_POINT('Origin',(-52.0000007748604,28.5999993607402,-3.44999990053475));
#8255=CARTESIAN_POINT('',(-51.0000007748604,28.5999993607402,3.44999990053475));
#8256=CARTESIAN_POINT('',(-51.0000007748604,28.5999993607402,-1.72598278695946));
#8257=CARTESIAN_POINT('',(-46.5000007748604,28.5999993607402,3.44999990053475));
#8258=CARTESIAN_POINT('',(-46.5000007748604,28.5999993607402,-3.44999990053475));
#8259=CARTESIAN_POINT('',(-52.0000007748604,28.5999993607402,3.44999990053475));
#8260=CARTESIAN_POINT('Origin',(-52.0000007748604,27.399999409914,3.44999990053475));
#8261=CARTESIAN_POINT('',(-51.0000007748604,27.399999409914,4.44999990053475));
#8262=CARTESIAN_POINT('Origin',(-51.0000007748604,27.399999409914,3.44999990053475));
#8263=CARTESIAN_POINT('',(-46.5000007748604,27.399999409914,4.44999990053475));
#8264=CARTESIAN_POINT('',(-52.0000007748604,27.399999409914,4.44999990053475));
#8265=CARTESIAN_POINT('Origin',(-46.5000007748604,27.399999409914,3.44999990053475));
#8266=CARTESIAN_POINT('Origin',(-52.0000007748604,27.5999993607402,4.44999990053475));
#8267=CARTESIAN_POINT('',(-51.0000007748604,27.5999993607402,4.44999990053475));
#8268=CARTESIAN_POINT('',(-51.0000007748604,27.5554548682485,4.44999990053475));
#8269=CARTESIAN_POINT('',(-46.5000007748604,27.5999993607402,4.44999990053475));
#8270=CARTESIAN_POINT('',(-52.0000007748604,27.5999993607402,4.44999990053475));
#8271=CARTESIAN_POINT('',(-46.5000007748604,27.5999993607402,4.44999990053475));
#8272=CARTESIAN_POINT('Origin',(-52.0000007748604,27.5999993607402,3.44999990053475));
#8273=CARTESIAN_POINT('Origin',(-51.0000007748604,27.5999993607402,3.44999990053475));
#8274=CARTESIAN_POINT('Origin',(-46.5000007748604,27.5999993607402,3.44999990053475));
#8275=CARTESIAN_POINT('Origin',(-46.5000007748604,27.4999993853271,-1.11022302462516E-15));
#8276=CARTESIAN_POINT('Origin',(-51.0000007748604,27.5109103757568,-0.00196567338416054));
#8277=CARTESIAN_POINT('',(-51.0000007748604,28.6609103757381,3.49803432664096));
#8278=CARTESIAN_POINT('',(-51.0000007748604,27.6609103757855,4.49803432661951));
#8279=CARTESIAN_POINT('Origin',(-51.0000007748604,27.6609103757596,3.49803432664096));
#8280=CARTESIAN_POINT('',(-51.0000007748604,28.6609103757448,-3.50196567339316));
#8281=CARTESIAN_POINT('',(-51.0000007748604,28.6609103757449,-1.75196567338866));
#8282=CARTESIAN_POINT('',(-51.0000007748604,27.6609103757467,-4.50196567339029));
#8283=CARTESIAN_POINT('Origin',(-51.0000007748604,27.6609103757468,-3.50196567339229));
#8284=CARTESIAN_POINT('',(-51.0000007748604,27.3609103757786,-4.50196567339215));
#8285=CARTESIAN_POINT('',(-51.0000007748604,27.4359103757641,-4.50196567339227));
#8286=CARTESIAN_POINT('',(-51.0000007748604,26.3609103757688,-3.50196567335647));
#8287=CARTESIAN_POINT('Origin',(-51.0000007748604,27.3609103757786,-3.50196567338238));
#8288=CARTESIAN_POINT('',(-51.0000007748604,26.360910375952,3.49803432664918));
#8289=CARTESIAN_POINT('',(-51.0000007748604,26.3609103759067,1.74803432664741));
#8290=CARTESIAN_POINT('',(-51.0000007748604,27.360910375979,4.49803432662431));
#8291=CARTESIAN_POINT('Origin',(-51.0000007748604,27.3609103759531,3.49803432662327));
#8292=CARTESIAN_POINT('',(-51.0000007748604,27.5859103757929,4.49803432662024));
#8293=CARTESIAN_POINT('Origin',(-52.0000007748604,27.3609103757786,-4.50196567339215));
#8294=CARTESIAN_POINT('',(-44.0000007748604,27.6609103757467,-4.50196567339029));
#8295=CARTESIAN_POINT('',(-52.0000007748604,27.6609103757467,-4.50196567339029));
#8296=CARTESIAN_POINT('',(-44.0000007748604,27.3609103757786,-4.50196567339215));
#8297=CARTESIAN_POINT('',(-44.0000007748604,27.3609103757786,-4.50196567339215));
#8298=CARTESIAN_POINT('',(-52.0000007748604,27.3609103757786,-4.50196567339215));
#8299=CARTESIAN_POINT('Origin',(-52.0000007748604,27.6609103757468,-3.50196567339229));
#8300=CARTESIAN_POINT('',(-44.0000007748604,28.6609103757448,-3.50196567339316));
#8301=CARTESIAN_POINT('',(-52.0000007748604,28.6609103757448,-3.50196567339316));
#8302=CARTESIAN_POINT('Origin',(-44.0000007748604,27.6609103757468,-3.50196567339229));
#8303=CARTESIAN_POINT('Origin',(-52.0000007748604,28.6609103757448,-3.50196567339316));
#8304=CARTESIAN_POINT('',(-44.0000007748604,28.6609103757381,3.49803432664096));
#8305=CARTESIAN_POINT('',(-52.0000007748604,28.6609103757381,3.49803432664096));
#8306=CARTESIAN_POINT('',(-44.0000007748604,28.6609103757448,-3.50196567339316));
#8307=CARTESIAN_POINT('Origin',(-52.0000007748604,27.6609103757596,3.49803432664096));
#8308=CARTESIAN_POINT('',(-44.0000007748604,27.6609103757855,4.49803432661951));
#8309=CARTESIAN_POINT('',(-52.0000007748604,27.6609103757855,4.49803432661951));
#8310=CARTESIAN_POINT('Origin',(-44.0000007748604,27.6609103757596,3.49803432664096));
#8311=CARTESIAN_POINT('Origin',(-52.0000007748604,27.3609103757786,-3.50196567338238));
#8312=CARTESIAN_POINT('',(-44.0000007748604,26.3609103757688,-3.50196567335647));
#8313=CARTESIAN_POINT('Origin',(-44.0000007748604,27.3609103757786,-3.50196567338238));
#8314=CARTESIAN_POINT('',(-52.0000007748604,26.3609103757688,-3.50196567335647));
#8315=CARTESIAN_POINT('Origin',(-52.0000007748604,26.360910375952,3.49803432664918));
#8316=CARTESIAN_POINT('',(-44.0000007748604,26.360910375952,3.49803432664918));
#8317=CARTESIAN_POINT('',(-44.0000007748604,26.360910375952,3.49803432664918));
#8318=CARTESIAN_POINT('',(-52.0000007748604,26.360910375952,3.49803432664918));
#8319=CARTESIAN_POINT('Origin',(-52.0000007748604,27.3609103759531,3.49803432662327));
#8320=CARTESIAN_POINT('',(-44.0000007748604,27.360910375979,4.49803432662431));
#8321=CARTESIAN_POINT('Origin',(-44.0000007748604,27.3609103759531,3.49803432662327));
#8322=CARTESIAN_POINT('',(-52.0000007748604,27.360910375979,4.49803432662431));
#8323=CARTESIAN_POINT('Origin',(-52.0000007748604,27.6609103757855,4.49803432661951));
#8324=CARTESIAN_POINT('',(-44.0000007748604,27.6609103757855,4.49803432661951));
#8325=CARTESIAN_POINT('Origin',(-44.0000007748604,27.5109103757568,-0.00196567338416054));
#8326=UNCERTAINTY_MEASURE_WITH_UNIT(LENGTH_MEASURE(0.01),#8330,
'DISTANCE_ACCURACY_VALUE',
'Maximum model space distance between geometric entities at asserted c
onnectivities');
#8327=UNCERTAINTY_MEASURE_WITH_UNIT(LENGTH_MEASURE(0.01),#8330,
'DISTANCE_ACCURACY_VALUE',
'Maximum model space distance between geometric entities at asserted c
onnectivities');
#8328=(
GEOMETRIC_REPRESENTATION_CONTEXT(3)
GLOBAL_UNCERTAINTY_ASSIGNED_CONTEXT((#8326))
GLOBAL_UNIT_ASSIGNED_CONTEXT((#8330,#8332,#8333))
REPRESENTATION_CONTEXT('','3D')
);
#8329=(
GEOMETRIC_REPRESENTATION_CONTEXT(3)
GLOBAL_UNCERTAINTY_ASSIGNED_CONTEXT((#8327))
GLOBAL_UNIT_ASSIGNED_CONTEXT((#8330,#8332,#8333))
REPRESENTATION_CONTEXT('','3D')
);
#8330=(
LENGTH_UNIT()
NAMED_UNIT(*)
SI_UNIT(.MILLI.,.METRE.)
);
#8331=(
LENGTH_UNIT()
NAMED_UNIT(*)
SI_UNIT($,.METRE.)
);
#8332=(
NAMED_UNIT(*)
PLANE_ANGLE_UNIT()
SI_UNIT($,.RADIAN.)
);
#8333=(
NAMED_UNIT(*)
SI_UNIT($,.STERADIAN.)
SOLID_ANGLE_UNIT()
);
#8334=SHAPE_DEFINITION_REPRESENTATION(#8335,#8336);
#8335=PRODUCT_DEFINITION_SHAPE('',$,#8338);
#8336=SHAPE_REPRESENTATION('',(#5021),#8328);
#8337=PRODUCT_DEFINITION_CONTEXT('part definition',#8342,'design');
#8338=PRODUCT_DEFINITION('MKC prototype 1','MKC prototype 1 v2',#8339,#8337);
#8339=PRODUCT_DEFINITION_FORMATION('',$,#8344);
#8340=PRODUCT_RELATED_PRODUCT_CATEGORY('MKC prototype 1 v2',
'MKC prototype 1 v2',(#8344));
#8341=APPLICATION_PROTOCOL_DEFINITION('international standard',
'automotive_design',2009,#8342);
#8342=APPLICATION_CONTEXT(
'Core Data for Automotive Mechanical Design Process');
#8343=PRODUCT_CONTEXT('part definition',#8342,'mechanical');
#8344=PRODUCT('MKC prototype 1','MKC prototype 1 v2',$,(#8343));
#8345=PRESENTATION_STYLE_ASSIGNMENT((#8346));
#8346=SURFACE_STYLE_USAGE(.BOTH.,#8347);
#8347=SURFACE_SIDE_STYLE('',(#8348));
#8348=SURFACE_STYLE_FILL_AREA(#8349);
#8349=FILL_AREA_STYLE('Steel - Satin',(#8350));
#8350=FILL_AREA_STYLE_COLOUR('Steel - Satin',#8351);
#8351=COLOUR_RGB('Steel - Satin',0.627450980392157,0.627450980392157,0.627450980392157);
ENDSEC;
END-ISO-10303-21;
